student_id,carrera,semestre,horas_sueno,horas_estudio,asistencia_pct,actividad_fisica_min,cafe_tazas,estres_escala,uso_redes_horas,promedio_previo,calificacion_final,aprobacion,beca,trabaja,genero,grupo
STU-00001,Economia,8,7.1,6.2,80.2,28,2,8,4.5,82.4,66.7,0,si,24.9,hombre,C
STU-00002,Matematicas,4,7.9,7.8,86.4,92,1,6,1.0,65.2,66.3,0,si,0.0,prefiere_no_decir,C
STU-00003,Matematicas,7,6.2,10.1,74.5,40,2,9,3.5,99.0,74.4,1,no,0.0,mujer,D
STU-00004,Economia,4,8.2,2.8,77.3,76,4,6,3.1,75.6,56.0,0,si,16.4,hombre,A
STU-00005,Estadistica,1,7.6,0.5,68.5,41,0,5,2.7,57.5,53.9,0,no,0.0,hombre,F
STU-00006,Estadistica,5,6.5,4.8,74.6,9,2,8,1.5,84.8,58.6,0,no,17.3,hombre,B
STU-00007,Estadistica,7,6.7,7.8,92.0,112,1,6,2.7,93.9,87.5,1,si,0.0,hombre,A
STU-00008,Estadistica,3,7.7,2.0,77.1,69,1,7,5.4,86.2,67.9,0,no,15.7,mujer,D
STU-00009,Ciencia de Datos,4,7.7,8.7,77.0,2,2,6,0.9,77.0,84.1,1,si,0.0,mujer,B
STU-00010,Estadistica,5,7.1,10.8,74.1,29,2,5,1.1,88.2,88.6,1,si,14.8,mujer,E
STU-00011,Estadistica,2,6.1,8.6,80.7,24,3,6,0.7,79.9,82.9,1,no,0.0,mujer,E
STU-00012,Actuaria,2,7.2,7.2,89.0,99,0,3,4.8,83.4,86.7,1,no,5.9,hombre,B
STU-00013,Economia,1,8.4,6.6,75.3,89,0,6,2.9,68.9,68.0,0,no,0.0,hombre,A
STU-00014,Matematicas,8,5.0,8.0,74.5,21,3,9,4.4,71.7,68.5,0,si,0.0,mujer,C
STU-00015,Estadistica,8,7.4,10.0,85.1,28,0,7,3.0,94.8,90.0,1,si,0.0,mujer,C
STU-00016,Actuaria,6,4.9,11.9,94.0,105,1,7,3.9,91.7,90.9,1,no,0.0,prefiere_no_decir,F
STU-00017,Ciencia de Datos,8,6.8,9.5,89.6,102,2,6,1.0,88.3,88.1,1,no,0.0,mujer,A
STU-00018,Actuaria,4,7.5,4.7,88.5,90,0,3,2.8,80.8,69.6,0,no,0.0,hombre,D
STU-00019,Ciencia de Datos,4,6.8,10.5,83.1,116,2,5,3.0,84.5,90.8,1,si,0.0,mujer,C
STU-00020,Actuaria,8,6.6,8.2,70.5,37,0,6,1.4,95.7,88.6,1,no,0.0,mujer,D
STU-00021,Matematicas,2,8.3,5.9,84.5,65,2,4,1.8,80.1,69.2,0,si,3.5,hombre,E
STU-00022,Estadistica,8,7.0,6.1,90.6,44,3,6,4.8,82.2,84.9,1,no,0.0,mujer,B
STU-00023,Estadistica,5,6.7,4.7,63.1,43,8,10,2.3,87.0,52.6,0,no,27.9,mujer,A
STU-00024,Estadistica,7,7.7,10.2,98.2,100,2,6,5.7,86.3,89.6,1,no,0.0,hombre,E
STU-00025,Actuaria,6,6.4,6.1,80.4,61,2,6,2.3,100.0,86.5,1,si,0.0,mujer,F
STU-00026,Ciencia de Datos,7,8.0,9.0,61.3,27,0,9,4.7,100.0,81.7,1,si,0.0,hombre,C
STU-00027,Economia,5,7.0,5.6,85.4,103,0,5,3.2,91.4,66.3,0,si,0.0,mujer,A
STU-00028,Ciencia de Datos,1,8.9,5.2,84.0,18,0,4,3.9,86.9,74.4,1,si,0.0,mujer,B
STU-00029,Estadistica,4,8.2,4.8,70.4,17,5,6,4.5,86.4,64.8,0,no,18.5,hombre,F
STU-00030,Economia,5,5.7,9.0,81.9,72,4,6,0.2,86.3,75.0,1,no,16.7,hombre,F
STU-00031,Ciencia de Datos,8,6.7,12.7,90.6,70,0,5,2.2,82.4,95.2,1,no,0.0,hombre,E
STU-00032,Estadistica,7,5.8,7.3,78.9,34,3,8,1.0,90.5,67.3,0,no,29.2,hombre,A
STU-00033,Economia,3,7.5,4.8,80.2,67,0,4,0.9,70.1,61.0,0,si,0.0,prefiere_no_decir,B
STU-00034,Economia,5,7.5,7.7,85.6,68,1,7,2.0,70.2,71.6,1,no,10.9,hombre,D
STU-00035,Economia,9,6.3,5.7,81.8,13,2,8,6.6,74.4,52.8,0,no,0.0,mujer,A
STU-00036,Matematicas,1,8.2,2.1,46.5,38,1,10,2.6,68.9,35.0,0,si,22.8,mujer,D
STU-00037,Economia,6,6.2,6.9,76.4,64,1,8,1.4,77.8,74.7,1,no,27.0,mujer,E
STU-00038,Economia,5,5.7,6.6,70.3,18,2,7,0.7,67.9,62.8,0,no,17.9,hombre,E
STU-00039,Estadistica,3,5.4,7.4,76.4,7,1,7,2.3,73.6,63.1,0,si,0.0,hombre,F
STU-00040,Economia,4,7.4,6.6,85.3,71,5,4,1.8,80.0,75.3,1,si,0.0,mujer,B
STU-00041,Economia,4,6.7,2.1,66.9,11,1,7,1.5,62.1,50.6,0,si,16.8,mujer,A
STU-00042,Matematicas,9,7.1,6.8,92.5,111,2,6,2.6,83.1,79.5,1,no,0.0,mujer,F
STU-00043,Economia,6,6.3,4.3,61.9,32,1,7,3.6,63.3,57.7,0,si,16.5,mujer,A
STU-00044,Actuaria,7,5.4,0.8,64.0,47,3,10,5.9,66.1,35.0,0,si,19.6,mujer,E
STU-00045,Estadistica,7,8.8,8.5,90.7,69,0,4,1.0,73.7,83.1,1,no,0.0,mujer,C
STU-00046,Estadistica,8,6.9,8.2,87.4,64,3,6,4.3,90.3,88.7,1,si,0.0,mujer,E
STU-00047,Estadistica,6,7.8,11.6,92.7,67,2,4,2.4,79.7,92.5,1,no,0.0,hombre,B
STU-00048,Estadistica,2,5.4,6.0,89.7,52,3,6,2.3,75.3,71.1,1,no,0.0,mujer,E
STU-00049,Matematicas,8,6.7,6.6,71.3,56,3,9,4.0,98.7,65.3,0,si,14.3,mujer,E
STU-00050,Actuaria,2,7.6,7.9,87.9,48,1,7,7.0,85.5,69.4,0,si,0.0,hombre,F
STU-00051,Ciencia de Datos,8,6.1,8.3,75.6,48,1,7,3.5,74.7,65.8,0,si,7.8,hombre,B
STU-00052,Estadistica,4,6.4,3.2,61.3,107,1,4,5.4,86.9,58.0,0,si,13.9,mujer,B
STU-00053,Ciencia de Datos,7,7.5,8.0,83.1,12,0,5,1.4,82.0,85.1,1,si,13.1,hombre,E
STU-00054,Ciencia de Datos,7,5.7,9.9,100.0,118,1,4,2.4,90.5,82.0,1,no,0.0,hombre,B
STU-00055,Estadistica,6,7.7,8.0,92.1,129,1,7,1.9,92.7,89.9,1,si,13.1,mujer,B
STU-00056,Actuaria,1,6.8,2.1,64.2,40,1,10,6.6,85.1,46.7,0,si,30.4,mujer,D
STU-00057,Actuaria,3,8.7,2.4,88.0,41,1,3,4.0,71.2,59.5,0,no,0.0,hombre,F
STU-00058,Ciencia de Datos,8,6.9,6.7,84.5,68,5,8,1.2,89.6,75.1,1,no,27.0,hombre,B
STU-00059,Estadistica,5,6.3,10.0,67.1,24,0,6,8.0,97.4,90.5,1,no,21.5,mujer,E
STU-00060,Actuaria,7,6.9,6.1,75.7,99,3,7,0.4,62.4,64.5,0,si,20.8,hombre,D
STU-00061,Actuaria,1,8.5,6.0,93.3,51,2,5,2.0,72.5,66.7,0,no,0.0,mujer,F
STU-00062,Ciencia de Datos,9,7.9,11.2,86.4,105,1,7,4.6,89.9,93.0,1,si,0.0,hombre,C
STU-00063,Actuaria,7,7.9,5.6,80.9,54,2,7,2.5,80.8,79.7,1,no,0.0,mujer,F
STU-00064,Actuaria,6,7.0,5.7,93.4,177,4,6,2.0,69.6,70.2,1,no,21.4,hombre,C
STU-00065,Ciencia de Datos,9,6.7,15.0,90.5,46,1,4,1.7,100.0,100.0,1,si,12.0,mujer,B
STU-00066,Matematicas,7,6.3,7.7,79.7,20,0,8,3.8,89.1,58.3,0,no,21.2,mujer,A
STU-00067,Economia,3,7.9,3.5,76.5,31,1,5,1.5,81.2,65.9,0,no,0.0,hombre,C
STU-00068,Matematicas,7,8.0,8.2,71.8,10,1,8,4.0,80.5,82.8,1,no,0.0,mujer,E
STU-00069,Actuaria,4,7.9,5.9,84.9,11,1,5,1.4,65.2,64.4,0,no,26.6,hombre,B
STU-00070,Matematicas,9,6.4,5.5,70.9,21,1,7,1.2,99.2,64.4,0,si,13.9,hombre,B
STU-00071,Actuaria,7,7.8,6.7,66.6,21,3,6,4.5,77.0,64.1,0,no,12.2,hombre,F
STU-00072,Actuaria,2,8.5,2.8,66.5,60,0,5,2.4,88.6,63.4,0,si,31.4,hombre,A
STU-00073,Ciencia de Datos,6,5.6,5.2,76.4,32,1,7,2.7,75.1,64.5,0,no,24.1,hombre,B
STU-00074,Estadistica,6,6.6,10.0,78.4,77,1,6,2.1,86.1,78.9,1,no,0.0,mujer,E
STU-00075,Economia,2,6.4,0.5,86.6,121,0,5,2.2,86.6,65.9,0,no,28.7,mujer,D
STU-00076,Estadistica,8,7.0,8.4,89.0,49,2,5,4.9,70.5,91.0,1,si,0.0,hombre,A
STU-00077,Economia,5,6.2,4.9,72.0,45,1,5,1.7,89.6,73.6,1,no,14.0,no_binario,A
STU-00078,Ciencia de Datos,2,8.0,6.3,75.2,45,0,6,5.8,78.8,76.6,1,si,0.0,hombre,D
STU-00079,Matematicas,7,7.8,10.5,68.8,27,3,5,0.7,100.0,94.9,1,si,0.0,hombre,B
STU-00080,Matematicas,7,6.5,4.9,71.6,101,5,7,4.3,100.0,70.3,1,no,30.0,mujer,A
STU-00081,Actuaria,2,6.3,0.5,49.5,16,1,5,2.2,71.9,50.0,0,no,27.3,no_binario,A
STU-00082,Matematicas,5,6.8,4.7,73.2,27,5,7,4.0,87.1,76.3,1,no,17.0,hombre,E
STU-00083,Estadistica,4,8.0,8.2,79.2,37,3,5,1.6,71.6,79.0,1,no,0.0,mujer,B
STU-00084,Matematicas,6,5.5,5.8,64.1,49,2,6,2.4,66.6,54.9,0,no,27.0,mujer,D
STU-00085,Estadistica,6,7.1,6.2,98.3,60,2,5,2.4,79.6,74.5,1,no,0.0,mujer,E
STU-00086,Actuaria,6,7.2,6.2,84.3,102,1,7,3.9,79.7,70.3,1,no,10.3,mujer,C
STU-00087,Actuaria,6,7.5,6.5,98.1,15,1,7,3.5,90.3,77.7,1,si,9.4,hombre,E
STU-00088,Estadistica,1,8.1,5.1,77.7,62,6,5,9.0,87.2,71.4,1,si,0.0,mujer,A
STU-00089,Economia,4,7.4,9.7,88.5,84,1,6,3.4,74.0,80.8,1,no,0.0,mujer,C
STU-00090,Ciencia de Datos,5,6.2,5.6,85.2,93,0,2,1.3,96.2,84.8,1,si,0.0,hombre,A
STU-00091,Ciencia de Datos,9,7.0,9.2,74.8,111,2,6,5.0,99.2,91.4,1,si,0.0,mujer,C
STU-00092,Ciencia de Datos,9,8.6,8.7,100.0,97,3,6,3.6,84.2,79.3,1,no,0.0,hombre,A
STU-00093,Ciencia de Datos,1,7.5,6.6,82.9,49,1,3,1.2,79.5,63.9,0,no,0.0,mujer,B
STU-00094,Ciencia de Datos,8,8.2,10.4,90.4,67,0,6,4.6,84.5,73.3,1,si,0.0,hombre,B
STU-00095,Estadistica,8,7.8,9.1,87.2,56,1,7,4.9,100.0,92.9,1,no,0.0,mujer,C
STU-00096,Actuaria,9,7.7,12.5,99.8,76,1,6,0.9,90.1,99.7,1,si,0.0,no_binario,A
STU-00097,Matematicas,3,6.2,7.2,94.4,67,0,5,1.1,84.3,86.2,1,no,12.4,mujer,A
STU-00098,Estadistica,9,6.7,9.9,87.1,61,0,6,0.6,85.0,83.5,1,no,22.6,mujer,D
STU-00099,Actuaria,3,6.6,4.3,67.9,62,1,5,2.1,86.4,67.3,0,no,23.7,mujer,B
STU-00100,Actuaria,4,7.8,5.6,66.3,19,0,6,1.7,85.2,62.8,0,si,18.0,hombre,A
STU-00101,Matematicas,6,7.1,6.0,81.6,89,3,6,3.7,89.9,58.5,0,si,18.8,hombre,A
STU-00102,Economia,7,7.9,2.0,51.2,64,5,8,0.1,61.6,43.3,0,si,30.6,mujer,D
STU-00103,Matematicas,9,5.1,10.1,82.4,27,2,7,0.9,76.4,68.1,0,si,19.0,no_binario,F
STU-00104,Matematicas,4,6.7,8.4,100.0,51,4,5,2.7,95.3,87.1,1,si,0.0,hombre,B
STU-00105,Economia,5,6.7,4.4,79.4,66,1,8,5.8,80.4,65.5,0,no,18.2,hombre,E
STU-00106,Economia,7,8.0,9.7,70.3,28,5,8,1.7,76.2,75.3,1,no,0.0,mujer,C
STU-00107,Ciencia de Datos,9,7.2,6.4,66.7,40,0,8,0.8,77.2,67.8,0,no,28.8,hombre,F
STU-00108,Economia,3,8.9,4.5,59.6,12,1,4,0.6,77.1,54.8,0,no,0.0,hombre,D
STU-00109,Ciencia de Datos,4,8.2,8.6,78.8,78,1,4,1.4,79.3,88.2,1,si,0.0,hombre,C
STU-00110,Actuaria,9,7.1,8.4,79.5,36,0,7,4.2,88.1,91.0,1,no,0.0,hombre,E
STU-00111,Ciencia de Datos,2,7.7,8.2,100.0,36,0,7,3.5,94.4,91.7,1,no,10.3,hombre,C
STU-00112,Actuaria,9,7.6,10.8,99.6,99,0,4,2.2,71.9,84.2,1,no,0.0,hombre,B
STU-00113,Economia,3,6.7,1.6,72.4,19,1,6,5.2,89.3,64.7,0,si,0.0,mujer,B
STU-00114,Ciencia de Datos,9,7.0,8.9,73.8,45,1,7,0.9,94.7,84.9,1,si,23.4,hombre,B
STU-00115,Economia,6,7.4,6.4,73.5,63,1,5,1.5,90.5,79.9,1,no,2.0,hombre,A
STU-00116,Ciencia de Datos,4,6.8,3.0,66.2,41,1,7,6.3,81.8,50.2,0,no,17.7,prefiere_no_decir,B
STU-00117,Actuaria,7,6.2,7.2,87.5,67,2,8,2.6,71.3,60.0,0,no,19.1,hombre,B
STU-00118,Estadistica,8,4.7,9.8,67.3,52,5,7,5.4,92.1,63.3,0,no,20.9,hombre,B
STU-00119,Economia,6,6.3,6.0,69.5,42,2,8,2.6,83.9,68.8,0,no,24.9,mujer,E
STU-00120,Estadistica,6,5.7,7.4,68.8,78,2,7,2.8,61.2,61.0,0,no,12.4,mujer,B
STU-00121,Estadistica,3,5.5,4.0,78.4,25,1,6,0.8,93.1,69.9,0,si,0.0,hombre,D
STU-00122,Actuaria,2,5.7,0.5,76.6,58,1,6,6.2,56.9,43.6,0,no,21.7,hombre,E
STU-00123,Ciencia de Datos,4,6.8,4.1,49.9,29,1,7,0.1,84.3,61.5,0,si,0.0,mujer,E
STU-00124,Economia,8,6.0,12.2,70.6,34,4,7,0.8,87.2,83.6,1,no,18.3,mujer,E
STU-00125,Estadistica,7,5.0,7.2,68.5,15,6,8,4.1,82.4,56.0,0,si,0.0,hombre,B
STU-00126,Actuaria,3,7.3,10.4,100.0,116,0,5,6.2,75.8,82.3,1,si,0.0,mujer,F
STU-00127,Estadistica,7,6.5,13.3,96.8,57,1,7,1.5,82.8,93.9,1,si,8.8,mujer,D
STU-00128,Estadistica,2,6.3,3.5,62.1,40,1,4,2.9,95.6,74.2,1,no,0.0,hombre,C
STU-00129,Estadistica,8,7.2,7.4,81.2,29,0,7,2.0,78.5,79.4,1,no,0.0,mujer,E
STU-00130,Estadistica,2,9.1,5.1,71.4,28,3,5,2.1,80.4,66.1,0,no,13.3,hombre,C
STU-00131,Estadistica,6,7.8,7.8,84.5,54,1,6,3.7,78.4,68.5,0,si,0.0,hombre,C
STU-00132,Estadistica,9,7.3,6.5,90.9,52,2,7,4.1,67.4,75.8,1,no,0.0,mujer,B
STU-00133,Estadistica,8,10.4,10.8,76.6,47,0,5,4.9,91.9,76.7,1,no,0.0,mujer,B
STU-00134,Matematicas,6,6.3,3.6,76.0,88,1,7,6.5,100.0,65.8,0,no,16.7,mujer,D
STU-00135,Estadistica,3,8.1,8.5,81.8,76,2,7,0.1,81.8,84.6,1,no,7.5,hombre,D
STU-00136,Actuaria,3,7.2,7.7,75.8,7,0,2,1.4,94.5,87.6,1,no,0.0,mujer,F
STU-00137,Matematicas,3,7.2,2.7,79.0,47,1,5,2.5,84.8,62.4,0,no,0.0,mujer,D
STU-00138,Ciencia de Datos,5,8.2,12.1,77.6,21,0,7,2.5,75.0,83.4,1,no,0.0,hombre,B
STU-00139,Estadistica,7,7.8,10.8,95.7,64,2,5,2.3,92.0,94.1,1,no,0.0,mujer,C
STU-00140,Matematicas,2,5.9,0.6,64.1,16,4,7,3.0,86.1,54.7,0,si,20.0,hombre,B
STU-00141,Ciencia de Datos,6,7.4,6.6,100.0,94,0,2,0.1,80.8,83.3,1,no,0.0,mujer,E
STU-00142,Estadistica,2,8.5,3.1,75.9,27,1,7,0.7,83.1,62.6,0,si,26.6,mujer,E
STU-00143,Estadistica,6,7.2,4.1,81.7,141,1,6,4.2,86.7,81.0,1,si,29.0,mujer,F
STU-00144,Economia,8,8.1,8.6,86.6,50,0,5,4.5,96.2,83.4,1,si,0.0,hombre,B
STU-00145,Estadistica,2,8.0,6.5,85.8,26,1,4,1.2,85.2,81.8,1,no,0.0,hombre,A
STU-00146,Estadistica,9,7.5,9.0,65.4,19,1,6,1.2,83.8,74.1,1,no,0.0,hombre,A
STU-00147,Ciencia de Datos,8,6.3,7.0,67.0,80,2,9,0.5,86.1,58.8,0,si,28.9,mujer,A
STU-00148,Matematicas,3,5.5,6.0,81.9,48,0,7,3.9,80.2,69.7,0,no,0.0,mujer,A
STU-00149,Actuaria,5,6.5,6.4,77.2,45,0,5,0.1,77.8,74.6,1,si,29.3,hombre,F
STU-00150,Ciencia de Datos,9,6.3,10.0,83.8,34,1,6,3.5,74.7,72.1,1,si,0.0,mujer,E
STU-00151,Actuaria,4,7.4,5.3,65.2,41,2,6,3.5,80.2,62.4,0,si,13.1,mujer,A
STU-00152,Estadistica,2,9.2,8.4,100.0,123,0,4,0.6,74.9,74.0,1,no,0.0,hombre,C
STU-00153,Estadistica,6,8.0,7.4,62.7,35,0,7,2.7,86.0,76.8,1,si,0.0,hombre,F
STU-00154,Actuaria,6,9.2,1.8,65.0,56,1,5,3.1,72.7,54.9,0,si,13.0,prefiere_no_decir,C
STU-00155,Actuaria,5,7.2,7.5,68.3,5,0,6,1.6,71.5,69.5,0,si,15.5,mujer,D
STU-00156,Ciencia de Datos,3,7.8,3.6,85.3,142,0,2,1.8,85.4,79.1,1,no,0.0,no_binario,D
STU-00157,Matematicas,2,7.0,2.5,74.9,93,1,6,2.2,67.4,50.8,0,no,0.0,hombre,B
STU-00158,Estadistica,3,7.9,7.3,76.9,42,1,6,1.1,74.6,57.6,0,si,0.0,hombre,A
STU-00159,Actuaria,3,7.8,5.5,59.4,23,0,7,1.5,76.4,53.5,0,no,0.0,mujer,A
STU-00160,Ciencia de Datos,3,8.5,7.3,82.4,207,1,2,2.4,83.9,83.2,1,no,0.0,no_binario,E
STU-00161,Matematicas,7,6.8,8.0,90.1,29,6,6,9.0,77.8,67.6,0,no,0.0,mujer,B
STU-00162,Actuaria,4,7.6,3.1,76.1,56,3,6,6.0,67.3,62.4,0,no,0.0,mujer,B
STU-00163,Estadistica,1,7.0,8.0,94.8,118,0,4,0.1,86.8,90.9,1,no,0.0,mujer,B
STU-00164,Matematicas,5,6.3,9.2,81.9,60,3,6,2.5,70.1,64.3,0,no,0.0,mujer,B
STU-00165,Matematicas,4,6.0,5.8,84.2,117,3,5,1.8,82.9,71.7,1,no,8.7,hombre,A
STU-00166,Economia,9,5.7,3.4,80.7,58,2,7,1.1,85.0,57.6,0,no,23.7,mujer,B
STU-00167,Ciencia de Datos,9,7.4,5.4,88.2,59,1,8,2.1,79.8,71.4,1,no,14.2,hombre,A
STU-00168,Economia,6,7.1,9.4,71.5,33,1,6,4.1,81.6,71.9,1,si,0.0,hombre,A
STU-00169,Matematicas,4,7.8,9.6,82.4,129,1,5,2.7,91.6,81.6,1,no,0.0,hombre,A
STU-00170,Economia,6,8.1,8.4,78.7,36,0,6,0.9,80.8,81.8,1,si,0.0,mujer,D
STU-00171,Estadistica,4,7.6,4.5,84.2,19,0,6,0.6,86.3,70.4,1,no,0.0,hombre,C
STU-00172,Actuaria,9,6.6,10.3,100.0,142,1,5,3.3,94.9,84.4,1,si,0.0,mujer,A
STU-00173,Ciencia de Datos,1,5.9,9.0,76.1,8,2,6,1.7,78.3,73.4,1,no,0.0,hombre,B
STU-00174,Matematicas,7,6.2,7.4,84.3,52,0,5,0.6,73.4,80.9,1,si,0.0,mujer,C
STU-00175,Ciencia de Datos,6,6.7,5.2,70.3,18,2,5,3.8,84.1,82.2,1,no,0.0,mujer,D
STU-00176,Estadistica,9,5.8,8.6,66.6,26,1,10,5.2,77.7,65.4,0,no,19.1,mujer,F
STU-00177,Actuaria,7,7.2,7.3,79.1,38,4,6,2.8,81.6,77.3,1,si,15.2,mujer,E
STU-00178,Ciencia de Datos,8,4.9,1.8,75.4,45,2,9,4.8,78.6,46.0,0,no,24.3,mujer,D
STU-00179,Actuaria,6,8.5,6.5,69.4,19,1,5,6.8,81.7,62.2,0,no,16.9,hombre,D
STU-00180,Actuaria,1,6.1,4.3,70.0,101,1,6,1.0,83.5,68.3,0,no,23.5,mujer,F
STU-00181,Estadistica,4,8.0,6.9,90.0,43,0,4,2.2,94.1,88.7,1,no,0.0,hombre,F
STU-00182,Economia,1,6.2,6.9,60.9,0,3,8,0.2,80.8,69.6,0,no,20.9,mujer,E
STU-00183,Matematicas,1,6.9,10.3,100.0,91,1,4,1.7,94.1,88.4,1,si,0.0,prefiere_no_decir,D
STU-00184,Ciencia de Datos,3,7.7,8.9,70.6,76,1,7,1.4,87.8,79.5,1,si,11.9,no_binario,E
STU-00185,Estadistica,9,6.9,11.3,77.6,9,1,7,5.0,100.0,99.0,1,si,0.0,mujer,E
STU-00186,Ciencia de Datos,4,7.2,8.7,93.1,40,1,6,4.5,82.3,80.7,1,si,0.0,mujer,B
STU-00187,Estadistica,9,6.8,6.7,74.8,68,1,7,3.3,91.4,82.5,1,no,0.0,hombre,E
STU-00188,Ciencia de Datos,8,9.2,6.9,83.8,113,2,5,1.0,96.9,79.2,1,si,25.9,hombre,C
STU-00189,Ciencia de Datos,5,6.8,6.5,99.6,123,0,6,1.5,75.6,75.2,1,no,5.9,mujer,C
STU-00190,Estadistica,5,7.2,7.5,100.0,129,2,4,4.6,75.3,90.9,1,si,0.0,mujer,C
STU-00191,Actuaria,7,8.7,9.0,86.7,53,1,6,1.6,69.4,59.8,0,no,0.0,hombre,F
STU-00192,Actuaria,9,7.1,8.1,75.8,63,0,6,1.0,82.5,71.9,1,si,0.0,mujer,F
STU-00193,Ciencia de Datos,4,6.6,5.6,80.9,18,1,8,4.6,90.9,74.7,1,no,0.0,hombre,C
STU-00194,Estadistica,6,6.7,9.1,87.3,149,2,6,2.4,89.5,94.7,1,no,20.3,mujer,E
STU-00195,Matematicas,7,6.9,2.9,69.3,55,0,9,2.4,81.2,49.9,0,si,26.2,hombre,D
STU-00196,Estadistica,3,5.6,6.4,88.3,48,4,7,0.5,70.4,58.7,0,si,0.0,mujer,C
STU-00197,Estadistica,8,8.8,11.9,94.8,29,0,4,2.0,85.3,86.0,1,si,0.0,mujer,E
STU-00198,Matematicas,8,6.5,9.2,83.8,7,2,6,3.5,78.1,84.9,1,no,0.0,hombre,B
STU-00199,Ciencia de Datos,8,7.4,8.2,90.8,45,1,5,2.1,91.2,83.5,1,no,0.0,mujer,F
STU-00200,Ciencia de Datos,9,7.4,8.6,74.3,0,4,8,3.7,89.6,72.1,1,si,12.0,hombre,A
STU-00201,Ciencia de Datos,6,8.2,9.7,70.3,25,1,5,0.3,81.6,73.7,1,no,0.0,mujer,A
STU-00202,Matematicas,1,8.7,4.4,76.5,12,0,7,3.8,92.4,79.8,1,si,0.0,hombre,B
STU-00203,Estadistica,1,6.8,6.1,82.2,44,3,7,2.5,67.4,70.2,1,no,23.4,hombre,F
STU-00204,Economia,5,7.6,7.3,82.9,18,4,6,1.8,73.9,72.5,1,si,0.0,hombre,A
STU-00205,Estadistica,3,6.8,6.8,66.1,41,1,7,4.5,83.6,77.0,1,si,0.0,hombre,F
STU-00206,Actuaria,7,7.5,12.6,97.7,55,0,7,3.6,81.5,81.1,1,no,18.5,mujer,A
STU-00207,Matematicas,4,6.5,6.8,79.5,47,1,5,2.0,86.4,84.4,1,si,0.0,hombre,B
STU-00208,Estadistica,1,6.7,6.7,76.2,13,0,6,1.8,85.5,84.2,1,no,0.0,mujer,B
STU-00209,Actuaria,3,5.8,8.1,97.0,21,3,7,1.3,100.0,81.5,1,si,11.9,mujer,F
STU-00210,Estadistica,9,6.8,8.9,96.5,69,1,7,2.2,85.1,85.2,1,no,0.0,mujer,C
STU-00211,Estadistica,5,5.3,7.6,67.0,22,0,8,2.1,94.6,62.1,0,si,0.0,mujer,A
STU-00212,Actuaria,7,8.6,9.3,83.8,93,2,5,0.1,100.0,91.5,1,no,0.0,mujer,D
STU-00213,Matematicas,4,5.1,6.9,57.6,0,4,7,0.1,62.9,36.5,0,no,23.0,hombre,C
STU-00214,Matematicas,7,7.4,5.7,81.4,40,4,5,3.1,57.8,64.1,0,no,0.0,mujer,A
STU-00215,Actuaria,3,8.5,3.5,80.7,118,0,7,4.8,80.2,56.2,0,si,0.0,hombre,A
STU-00216,Estadistica,2,9.1,3.5,73.7,50,1,4,1.6,79.5,54.5,0,si,0.0,mujer,A
STU-00217,Estadistica,3,7.0,10.1,94.1,70,2,7,3.3,92.3,80.1,1,si,0.0,mujer,A
STU-00218,Estadistica,5,6.6,7.8,77.0,28,1,9,9.0,91.2,83.6,1,si,17.3,hombre,C
STU-00219,Actuaria,3,6.4,2.9,85.3,39,3,4,0.6,70.2,63.4,0,no,0.0,hombre,A
STU-00220,Ciencia de Datos,9,7.7,9.1,65.5,14,1,6,2.8,76.8,77.8,1,si,23.1,hombre,D
STU-00221,Matematicas,5,8.5,7.4,80.0,41,0,3,0.9,80.9,78.9,1,no,0.0,mujer,A
STU-00222,Estadistica,9,7.1,8.9,77.1,81,2,7,5.0,84.8,81.7,1,si,20.2,mujer,E
STU-00223,Estadistica,7,8.2,7.9,81.7,100,0,3,5.8,100.0,86.0,1,no,0.0,mujer,B
STU-00224,Ciencia de Datos,7,6.0,7.3,91.2,71,0,5,0.5,93.5,90.9,1,si,21.4,mujer,A
STU-00225,Matematicas,5,7.6,5.2,71.9,13,0,7,3.7,78.0,75.9,1,si,0.0,mujer,B
STU-00226,Estadistica,3,5.0,2.1,67.7,26,1,5,0.7,70.1,53.9,0,no,17.3,mujer,C
STU-00227,Actuaria,8,8.6,4.3,74.2,0,2,8,4.0,91.9,70.2,1,no,16.5,mujer,B
STU-00228,Estadistica,2,7.7,8.5,76.4,61,1,7,2.9,79.7,74.9,1,no,0.0,mujer,E
STU-00229,Economia,6,6.7,9.0,71.6,27,1,5,1.7,89.3,83.0,1,no,0.0,mujer,E
STU-00230,Matematicas,9,7.5,7.7,52.4,40,3,7,0.8,79.8,62.6,0,si,26.2,hombre,D
STU-00231,Actuaria,2,6.4,9.1,76.1,69,3,6,1.2,99.6,88.6,1,si,17.1,mujer,D
STU-00232,Actuaria,9,7.6,8.1,92.5,84,1,8,2.6,81.0,75.2,1,si,0.0,mujer,C
STU-00233,Ciencia de Datos,6,5.8,5.9,87.2,57,0,3,2.7,79.6,78.4,1,si,0.0,hombre,B
STU-00234,Economia,9,7.0,8.7,82.9,111,0,6,2.5,100.0,77.3,1,si,8.9,hombre,C
STU-00235,Actuaria,3,8.2,8.3,96.4,93,0,3,2.0,89.9,88.4,1,no,0.0,mujer,B
STU-00236,Ciencia de Datos,9,5.8,8.9,86.5,63,2,6,1.7,78.3,86.8,1,no,5.4,mujer,C
STU-00237,Estadistica,1,7.5,2.7,69.0,82,4,6,1.4,69.7,46.9,0,no,22.6,hombre,E
STU-00238,Estadistica,5,5.2,4.7,74.5,88,2,7,1.8,87.1,59.4,0,no,23.3,hombre,B
STU-00239,Estadistica,7,8.4,13.3,89.2,13,1,5,0.1,89.9,98.1,1,si,0.0,hombre,D
STU-00240,Estadistica,6,6.3,8.4,87.7,41,1,7,1.6,85.9,77.1,1,no,26.0,hombre,B
STU-00241,Estadistica,4,7.5,8.0,97.6,78,2,2,0.8,74.0,85.1,1,si,0.0,mujer,C
STU-00242,Economia,5,8.9,3.5,52.9,59,1,8,1.2,69.7,36.2,0,si,13.4,hombre,C
STU-00243,Matematicas,1,7.4,7.6,77.5,26,0,5,5.4,86.2,78.2,1,no,0.0,hombre,C
STU-00244,Estadistica,2,7.0,7.5,85.6,67,0,5,2.0,80.9,77.5,1,si,0.0,hombre,A
STU-00245,Ciencia de Datos,6,6.1,10.2,91.3,52,0,5,0.1,92.6,89.7,1,no,0.0,hombre,D
STU-00246,Estadistica,6,6.6,6.5,75.6,66,0,7,1.2,80.3,76.0,1,si,0.0,hombre,E
STU-00247,Matematicas,7,8.3,9.5,80.6,23,2,7,0.4,96.9,88.3,1,no,0.0,hombre,A
STU-00248,Ciencia de Datos,9,6.5,12.3,89.6,62,1,7,1.5,77.0,79.5,1,si,0.0,hombre,E
STU-00249,Matematicas,7,7.1,7.1,84.2,108,0,5,1.8,79.7,77.2,1,si,0.0,hombre,F
STU-00250,Matematicas,2,7.7,4.6,74.0,42,3,7,7.7,96.3,69.6,0,si,0.0,hombre,B
STU-00251,Matematicas,5,6.6,7.9,89.4,47,1,5,0.1,88.6,67.5,0,si,0.0,mujer,D
STU-00252,Estadistica,2,6.0,5.0,80.7,10,0,6,3.5,76.6,70.7,1,si,15.4,hombre,D
STU-00253,Matematicas,2,5.0,1.0,75.9,105,1,7,2.4,78.4,46.5,0,no,12.6,hombre,E
STU-00254,Economia,1,7.7,4.2,69.2,26,1,6,2.7,73.6,67.2,0,no,17.2,hombre,C
STU-00255,Actuaria,8,7.2,6.4,83.3,26,3,6,1.0,75.3,81.4,1,si,16.8,hombre,C
STU-00256,Economia,5,6.6,8.2,79.3,0,3,7,1.0,90.3,80.1,1,no,1.8,mujer,C
STU-00257,Actuaria,8,6.9,6.3,75.0,74,1,7,2.0,90.0,72.6,1,no,11.4,hombre,A
STU-00258,Actuaria,3,6.5,4.3,70.0,0,2,7,4.2,90.9,63.5,0,si,0.0,mujer,A
STU-00259,Estadistica,8,7.2,13.1,99.2,78,0,4,1.5,100.0,100.0,1,si,0.0,mujer,D
STU-00260,Actuaria,2,8.4,7.5,90.8,91,1,4,3.1,75.8,74.4,1,no,0.0,mujer,F
STU-00261,Matematicas,6,6.8,9.3,78.7,84,2,8,0.9,100.0,78.1,1,no,8.5,prefiere_no_decir,C
STU-00262,Matematicas,5,6.0,5.8,77.1,60,4,8,4.5,89.4,77.1,1,no,27.7,mujer,C
STU-00263,Ciencia de Datos,8,7.0,2.2,63.4,33,3,7,2.3,82.5,60.2,0,si,29.4,hombre,A
STU-00264,Actuaria,7,7.7,8.1,100.0,157,1,3,2.1,86.5,89.0,1,no,8.9,hombre,B
STU-00265,Estadistica,5,6.2,7.3,84.1,144,2,7,3.1,85.2,74.0,1,no,13.4,hombre,B
STU-00266,Estadistica,6,7.2,6.1,68.5,63,5,8,6.2,80.6,57.9,0,si,0.0,hombre,F
STU-00267,Actuaria,6,7.1,8.5,88.2,84,1,4,1.2,88.8,81.5,1,si,0.0,mujer,D
STU-00268,Economia,8,5.5,4.9,70.2,106,1,6,2.2,79.4,52.3,0,si,13.5,mujer,D
STU-00269,Matematicas,8,8.9,8.4,69.7,1,1,6,2.6,72.1,62.2,0,no,0.0,mujer,F
STU-00270,Actuaria,7,7.4,11.1,76.0,61,4,8,1.5,94.5,86.5,1,no,14.1,mujer,E
STU-00271,Actuaria,3,8.6,6.1,71.5,44,0,7,2.6,91.1,72.3,1,si,16.9,mujer,D
STU-00272,Matematicas,8,6.4,7.2,82.8,51,4,8,8.8,92.8,79.7,1,no,11.9,hombre,A
STU-00273,Estadistica,3,8.5,6.8,74.7,0,1,7,6.4,75.0,59.1,0,si,0.0,mujer,E
STU-00274,Ciencia de Datos,9,7.4,14.2,89.3,43,3,7,4.1,89.7,92.7,1,si,0.0,hombre,A
STU-00275,Actuaria,6,6.6,5.6,71.5,66,3,6,0.9,77.4,74.9,1,si,14.6,hombre,A
STU-00276,Actuaria,4,5.5,4.6,80.3,86,3,4,4.5,80.8,69.2,0,no,0.0,mujer,F
STU-00277,Matematicas,4,6.1,1.4,73.7,34,1,6,0.1,74.0,55.3,0,no,7.2,mujer,E
STU-00278,Ciencia de Datos,7,6.6,12.6,100.0,135,2,4,2.1,93.5,100.0,1,no,0.0,hombre,D
STU-00279,Ciencia de Datos,2,7.0,5.4,86.0,17,2,2,0.8,64.6,76.3,1,no,0.0,prefiere_no_decir,E
STU-00280,Actuaria,5,4.8,3.6,92.6,20,2,7,3.3,71.7,50.2,0,no,17.4,mujer,C
STU-00281,Estadistica,7,8.6,8.7,90.8,31,1,6,5.7,95.4,90.6,1,si,0.0,prefiere_no_decir,E
STU-00282,Ciencia de Datos,4,7.1,3.6,77.9,0,3,5,0.8,72.0,60.6,0,no,15.4,mujer,E
STU-00283,Matematicas,4,5.6,6.3,87.3,76,2,8,1.4,70.9,58.1,0,si,0.0,mujer,A
STU-00284,Matematicas,2,6.3,8.1,80.6,16,0,9,5.3,80.1,73.4,1,si,0.0,hombre,D
STU-00285,Economia,6,8.2,5.8,72.9,36,0,6,0.8,82.1,69.2,0,si,0.0,mujer,E
STU-00286,Economia,8,6.9,9.3,82.2,80,0,6,1.6,86.3,88.7,1,si,0.0,mujer,B
STU-00287,Matematicas,1,7.7,10.7,97.3,131,1,5,4.1,85.3,86.2,1,si,0.0,mujer,F
STU-00288,Actuaria,2,7.7,3.6,73.0,24,1,6,3.8,84.9,60.7,0,no,0.0,prefiere_no_decir,C
STU-00289,Actuaria,8,6.8,7.3,63.4,46,3,6,3.0,96.7,77.5,1,si,25.6,hombre,A
STU-00290,Estadistica,2,6.2,5.9,83.5,59,0,5,1.0,91.5,78.1,1,si,17.6,no_binario,A
STU-00291,Actuaria,5,6.0,6.2,86.1,92,2,5,0.7,74.9,69.3,0,no,0.0,mujer,B
STU-00292,Economia,5,7.0,6.6,79.4,30,2,6,3.7,79.8,73.7,1,no,0.0,mujer,E
STU-00293,Economia,2,7.1,2.0,60.3,34,2,5,6.4,63.0,53.8,0,no,0.0,hombre,D
STU-00294,Ciencia de Datos,6,7.6,8.9,95.7,62,0,4,2.9,87.3,97.2,1,no,0.0,hombre,E
STU-00295,Estadistica,3,9.1,8.1,93.3,87,0,5,1.7,72.7,80.2,1,no,0.0,mujer,A
STU-00296,Ciencia de Datos,8,5.9,6.2,63.8,32,1,6,3.2,80.2,54.1,0,si,27.8,mujer,B
STU-00297,Estadistica,9,5.8,8.4,64.5,50,2,8,1.5,87.1,56.3,0,no,5.2,hombre,A
STU-00298,Estadistica,2,6.2,1.4,69.9,82,1,5,1.8,84.1,57.1,0,no,21.8,mujer,D
STU-00299,Estadistica,9,5.4,7.0,83.7,130,3,9,2.3,76.1,57.9,0,no,32.5,mujer,C
STU-00300,Estadistica,3,6.2,7.5,84.3,95,4,7,0.6,96.6,71.6,1,si,0.0,hombre,F
STU-00301,Actuaria,7,5.9,7.3,57.9,21,1,9,2.3,92.4,69.0,0,no,20.3,mujer,C
STU-00302,Economia,1,6.9,4.1,87.1,115,2,3,2.1,90.8,81.4,1,no,21.0,hombre,C
STU-00303,Ciencia de Datos,4,6.8,7.6,76.5,16,2,6,4.2,89.2,76.4,1,no,8.7,mujer,D
STU-00304,Economia,1,6.8,0.5,75.4,78,1,6,3.9,80.0,54.8,0,si,30.9,hombre,C
STU-00305,Actuaria,8,6.0,8.0,98.6,128,1,4,5.3,83.0,73.8,1,no,0.0,mujer,E
STU-00306,Estadistica,5,7.7,2.8,91.9,89,2,5,1.8,92.5,83.8,1,si,0.0,mujer,D
STU-00307,Matematicas,5,7.0,9.6,79.2,55,0,7,3.1,94.5,85.1,1,si,9.9,hombre,A
STU-00308,Estadistica,2,6.6,6.8,78.0,62,1,6,2.7,93.8,82.6,1,no,0.0,mujer,F
STU-00309,Estadistica,1,6.9,5.4,89.9,17,3,6,0.1,63.3,75.0,1,si,0.0,hombre,B
STU-00310,Economia,9,7.2,5.9,64.9,5,1,10,1.9,82.7,58.7,0,si,0.0,mujer,A
STU-00311,Actuaria,1,5.5,0.5,63.7,35,1,5,1.5,90.5,55.1,0,si,32.4,hombre,D
STU-00312,Ciencia de Datos,6,6.8,5.4,72.1,78,0,5,1.6,71.6,69.0,0,si,7.2,hombre,D
STU-00313,Estadistica,7,5.9,7.1,72.5,69,1,9,1.2,82.0,60.9,0,no,20.2,mujer,E
STU-00314,Estadistica,3,7.1,8.8,81.7,46,0,5,0.1,91.3,74.1,1,no,0.0,mujer,D
STU-00315,Actuaria,1,6.8,3.1,83.7,118,2,2,0.8,68.6,60.2,0,si,18.4,mujer,D
STU-00316,Ciencia de Datos,4,8.5,6.9,96.0,166,0,4,0.2,94.4,98.3,1,si,4.9,hombre,B
STU-00317,Estadistica,4,8.9,7.4,84.7,24,2,4,1.0,79.0,75.8,1,no,0.0,mujer,A
STU-00318,Actuaria,7,6.2,7.8,72.4,25,1,8,3.1,66.4,67.0,0,no,0.0,mujer,E
STU-00319,Estadistica,5,7.9,6.6,77.1,68,0,3,1.1,82.4,81.8,1,si,0.0,hombre,B
STU-00320,Economia,2,7.6,8.2,80.7,39,2,8,7.5,89.6,79.0,1,si,6.3,mujer,F
STU-00321,Estadistica,7,6.5,7.1,73.5,46,1,6,1.9,79.1,66.0,0,no,0.0,hombre,A
STU-00322,Estadistica,1,6.9,6.3,83.4,68,1,3,2.5,74.5,72.3,1,no,0.0,hombre,C
STU-00323,Actuaria,7,4.8,6.6,74.0,29,1,7,2.6,86.3,53.9,0,no,17.2,mujer,F
STU-00324,Actuaria,5,6.7,7.3,82.7,62,1,5,1.9,78.9,72.2,1,no,12.5,hombre,F
STU-00325,Estadistica,9,7.0,8.1,84.9,58,3,7,4.9,87.4,87.5,1,no,0.0,mujer,B
STU-00326,Estadistica,6,6.6,8.9,80.6,59,1,6,4.4,77.4,73.2,1,no,0.0,hombre,C
STU-00327,Ciencia de Datos,2,7.5,3.9,81.4,42,0,7,0.8,80.0,62.9,0,no,21.8,hombre,F
STU-00328,Economia,8,6.9,7.9,60.7,25,0,6,4.3,79.4,74.1,1,no,15.4,hombre,E
STU-00329,Ciencia de Datos,9,5.4,7.4,74.1,53,2,9,3.5,66.6,52.6,0,no,14.9,no_binario,F
STU-00330,Economia,4,7.3,6.4,62.1,77,0,6,4.8,84.3,65.0,0,si,0.0,mujer,D
STU-00331,Estadistica,5,7.5,5.2,61.0,84,3,6,4.6,89.2,73.5,1,si,0.0,hombre,B
STU-00332,Estadistica,9,6.2,11.4,67.3,23,2,7,2.0,88.2,81.8,1,si,0.0,mujer,F
STU-00333,Economia,7,6.5,4.0,69.0,35,2,8,3.1,68.8,71.6,1,no,18.4,hombre,F
STU-00334,Actuaria,5,7.2,9.0,87.8,89,5,6,1.7,82.9,67.0,0,no,0.0,mujer,A
STU-00335,Economia,2,7.2,4.1,83.8,42,0,4,2.5,59.3,56.6,0,si,0.0,mujer,E
STU-00336,Economia,3,7.5,6.3,90.9,27,2,6,6.3,79.6,74.7,1,si,0.0,mujer,E
STU-00337,Ciencia de Datos,6,8.6,3.7,88.3,23,0,7,1.4,85.8,67.3,0,no,0.0,hombre,B
STU-00338,Estadistica,5,7.9,6.7,81.1,37,2,6,4.0,69.8,79.2,1,no,0.0,hombre,C
STU-00339,Ciencia de Datos,8,8.1,11.1,86.8,23,2,7,4.2,76.7,75.3,1,si,0.0,hombre,E
STU-00340,Matematicas,2,7.0,2.6,65.5,54,0,7,4.8,75.8,53.2,0,no,0.0,mujer,C
STU-00341,Economia,8,7.1,6.3,82.5,44,1,8,5.4,73.5,71.7,1,no,0.0,prefiere_no_decir,C
STU-00342,Matematicas,2,8.8,9.8,86.8,80,1,3,1.2,86.1,77.3,1,si,13.3,hombre,C
STU-00343,Estadistica,4,6.7,9.5,74.4,151,3,8,2.7,66.9,60.3,0,no,29.5,mujer,B
STU-00344,Estadistica,1,7.0,2.7,63.6,36,1,6,1.4,84.9,62.3,0,si,21.4,mujer,F
STU-00345,Actuaria,1,7.0,2.4,81.0,83,0,3,2.8,93.8,65.7,0,no,0.0,mujer,B
STU-00346,Matematicas,4,4.9,5.4,79.7,62,2,6,2.5,74.6,64.7,0,no,19.3,hombre,D
STU-00347,Estadistica,9,5.4,6.5,84.2,52,3,6,4.3,83.8,77.0,1,no,14.9,mujer,E
STU-00348,Actuaria,5,8.0,9.2,100.0,150,0,4,2.2,85.5,88.0,1,si,0.0,hombre,D
STU-00349,Actuaria,2,8.1,6.0,67.0,2,1,5,2.1,79.1,65.0,0,no,0.0,mujer,E
STU-00350,Actuaria,5,7.3,5.4,67.3,50,1,4,4.0,86.8,86.9,1,no,21.6,mujer,B
STU-00351,Matematicas,9,6.9,11.5,83.9,20,1,7,2.2,80.6,88.9,1,si,0.0,hombre,B
STU-00352,Economia,4,7.6,6.6,72.6,46,0,6,3.8,73.2,69.7,0,no,0.0,hombre,A
STU-00353,Actuaria,2,7.1,3.2,78.7,109,2,7,0.1,89.7,77.8,1,no,19.8,hombre,E
STU-00354,Estadistica,3,7.0,5.3,93.3,131,2,8,5.7,93.0,78.8,1,si,17.7,hombre,E
STU-00355,Economia,4,8.3,4.1,76.3,152,0,4,0.8,77.0,65.7,0,si,19.3,mujer,E
STU-00356,Economia,4,7.4,3.3,58.5,25,2,8,3.2,70.7,52.5,0,no,17.8,hombre,B
STU-00357,Estadistica,2,7.6,7.7,86.1,6,1,4,0.1,80.1,81.6,1,no,0.0,mujer,C
STU-00358,Matematicas,7,7.7,8.3,88.6,146,2,5,2.6,88.8,73.5,1,si,13.0,mujer,A
STU-00359,Ciencia de Datos,9,5.4,11.8,88.7,35,2,7,2.2,100.0,91.2,1,si,0.0,mujer,B
STU-00360,Actuaria,8,7.3,8.4,63.8,1,3,10,2.9,84.3,59.7,0,no,14.8,hombre,A
STU-00361,Estadistica,2,6.6,3.2,61.5,61,5,8,8.3,76.1,72.7,1,si,0.0,mujer,C
STU-00362,Actuaria,6,6.3,4.8,63.6,54,2,8,1.4,89.9,66.5,0,no,17.2,hombre,F
STU-00363,Economia,3,5.8,7.9,70.6,59,5,6,3.0,73.3,71.2,1,si,10.9,mujer,C
STU-00364,Estadistica,9,6.0,9.6,87.8,98,1,6,1.1,83.9,81.9,1,no,0.0,hombre,E
STU-00365,Economia,4,8.2,3.9,64.1,15,2,6,4.0,80.5,63.4,0,no,0.0,hombre,E
STU-00366,Economia,7,7.8,4.3,65.4,36,2,5,5.2,78.6,56.7,0,si,12.8,mujer,F
STU-00367,Actuaria,4,7.2,8.1,91.0,40,0,5,3.1,80.6,77.8,1,no,0.0,hombre,F
STU-00368,Estadistica,3,7.6,8.8,87.2,19,2,5,1.5,84.0,80.7,1,si,0.0,mujer,A
STU-00369,Economia,6,5.5,11.1,89.0,31,3,6,3.9,84.2,79.3,1,no,0.0,hombre,F
STU-00370,Matematicas,1,6.0,5.8,97.8,90,1,4,1.3,85.2,69.3,0,no,0.0,hombre,C
STU-00371,Matematicas,9,6.7,7.2,78.8,60,2,9,1.8,74.9,59.5,0,no,15.2,no_binario,D
STU-00372,Economia,1,6.4,4.9,80.0,33,1,3,1.8,78.5,78.3,1,si,0.0,hombre,E
STU-00373,Estadistica,8,4.9,5.1,68.2,26,5,7,2.5,79.9,50.7,0,no,18.0,mujer,B
STU-00374,Estadistica,8,7.4,9.9,81.4,32,0,8,0.9,69.6,64.9,0,no,0.0,mujer,A
STU-00375,Estadistica,8,7.3,6.6,81.3,41,5,7,3.3,90.8,78.3,1,no,16.5,hombre,A
STU-00376,Estadistica,1,7.5,6.0,57.1,32,2,5,0.6,66.8,57.8,0,no,15.0,hombre,D
STU-00377,Actuaria,9,6.4,6.8,86.2,17,2,5,2.5,93.4,88.1,1,no,0.0,mujer,A
STU-00378,Matematicas,4,6.3,7.0,98.0,106,2,4,3.4,73.9,77.4,1,no,0.0,hombre,B
STU-00379,Estadistica,9,7.1,8.6,74.3,64,3,5,2.3,78.5,79.8,1,si,0.0,mujer,D
STU-00380,Estadistica,1,7.0,5.1,83.6,95,1,5,3.7,75.5,69.8,0,no,0.0,hombre,F
STU-00381,Ciencia de Datos,3,7.3,6.7,81.0,100,0,6,1.8,69.5,67.6,0,si,19.8,hombre,B
STU-00382,Estadistica,7,7.1,11.5,84.0,39,2,7,3.2,88.9,85.0,1,no,0.0,mujer,C
STU-00383,Estadistica,6,8.9,9.3,79.3,45,4,9,3.5,88.1,65.4,0,si,16.7,mujer,B
STU-00384,Estadistica,4,7.6,0.7,77.9,100,2,8,5.2,77.8,51.8,0,no,26.4,hombre,E
STU-00385,Estadistica,5,6.5,7.3,68.9,59,1,5,1.5,68.6,52.8,0,si,21.2,mujer,A
STU-00386,Economia,1,7.5,2.7,56.3,98,0,4,2.0,82.5,54.8,0,no,0.0,hombre,D
STU-00387,Estadistica,5,5.8,1.9,85.4,46,2,7,5.2,80.4,64.5,0,si,26.9,hombre,C
STU-00388,Ciencia de Datos,5,8.1,7.1,74.5,75,0,5,5.6,64.2,65.8,0,no,0.0,mujer,A
STU-00389,Ciencia de Datos,3,8.4,3.5,93.2,114,1,3,4.6,53.9,64.0,0,si,0.0,hombre,B
STU-00390,Actuaria,1,8.1,1.9,74.2,86,2,6,8.6,77.6,59.1,0,no,17.0,hombre,A
STU-00391,Economia,3,6.6,5.6,77.4,28,3,8,0.4,75.6,68.0,0,no,14.4,hombre,B
STU-00392,Actuaria,3,6.4,0.5,73.6,217,3,5,4.7,87.4,58.7,0,si,22.5,mujer,C
STU-00393,Ciencia de Datos,8,7.7,8.8,82.6,62,1,6,0.8,77.0,83.9,1,no,0.0,mujer,E
STU-00394,Economia,2,6.3,5.2,99.4,47,0,5,1.5,91.8,82.7,1,no,0.0,mujer,C
STU-00395,Estadistica,1,8.3,5.4,59.9,9,1,6,1.5,74.7,60.5,0,si,0.0,mujer,D
STU-00396,Matematicas,6,7.8,6.9,79.4,43,2,7,3.1,80.7,70.8,1,no,9.8,hombre,B
STU-00397,Matematicas,1,6.8,6.4,100.0,84,2,4,0.6,68.5,85.8,1,no,0.0,hombre,F
STU-00398,Estadistica,1,7.5,7.6,82.8,48,1,5,2.4,71.2,67.0,0,no,0.0,mujer,C
STU-00399,Actuaria,5,6.6,4.8,74.2,30,0,6,5.7,71.9,60.4,0,si,16.3,mujer,C
STU-00400,Estadistica,9,6.4,8.3,100.0,109,2,6,0.4,92.6,85.6,1,si,21.4,mujer,E
STU-00401,Matematicas,1,6.3,1.9,67.1,77,1,7,1.4,78.1,57.9,0,si,13.1,mujer,C
STU-00402,Matematicas,6,8.1,5.2,74.6,4,1,6,1.4,93.4,70.2,1,si,0.0,mujer,E
STU-00403,Estadistica,5,8.4,7.6,94.0,87,0,6,0.9,74.4,72.7,1,si,0.0,hombre,C
STU-00404,Economia,6,7.3,8.7,76.2,15,3,7,1.8,77.6,81.6,1,no,0.0,hombre,F
STU-00405,Estadistica,2,6.7,10.5,93.1,45,1,5,0.9,79.2,84.4,1,no,0.0,mujer,C
STU-00406,Ciencia de Datos,3,8.0,8.7,100.0,94,1,3,1.3,88.8,84.9,1,no,0.0,hombre,B
STU-00407,Ciencia de Datos,9,7.5,10.6,82.1,26,1,5,5.7,75.4,82.1,1,no,0.0,hombre,C
STU-00408,Ciencia de Datos,3,7.3,4.0,84.9,77,0,6,5.2,77.2,68.5,0,no,0.0,hombre,B
STU-00409,Matematicas,7,5.8,5.6,73.4,40,3,7,8.9,82.6,57.5,0,no,26.9,no_binario,B
STU-00410,Matematicas,7,5.4,10.9,91.8,39,2,7,1.9,96.8,90.5,1,no,0.0,mujer,B
STU-00411,Estadistica,1,7.8,4.7,77.8,30,0,4,2.6,68.0,67.6,0,no,0.0,prefiere_no_decir,B
STU-00412,Actuaria,3,5.9,3.9,66.6,69,3,6,1.1,81.3,61.1,0,no,16.4,hombre,F
STU-00413,Estadistica,2,8.4,5.7,86.1,73,0,5,3.1,83.4,75.2,1,si,6.8,hombre,D
STU-00414,Estadistica,8,6.3,12.1,94.4,53,3,2,2.7,96.1,95.9,1,no,0.0,mujer,F
STU-00415,Matematicas,7,8.3,9.2,80.1,68,2,7,2.7,93.2,78.0,1,no,7.9,mujer,B
STU-00416,Estadistica,9,7.3,7.1,88.7,64,1,7,5.5,78.8,89.8,1,no,0.0,mujer,D
STU-00417,Ciencia de Datos,3,7.6,7.0,81.7,55,3,5,3.1,76.4,77.3,1,si,0.0,no_binario,D
STU-00418,Economia,8,6.2,7.5,63.7,87,0,8,5.4,100.0,76.0,1,si,0.0,mujer,B
STU-00419,Ciencia de Datos,9,8.4,11.4,89.3,63,3,8,4.0,91.0,85.4,1,no,0.0,hombre,B
STU-00420,Estadistica,7,5.7,6.1,68.1,45,2,9,1.5,79.7,50.9,0,no,12.6,mujer,C
STU-00421,Estadistica,2,7.4,7.6,99.3,113,2,4,2.1,86.2,88.4,1,no,0.0,hombre,D
STU-00422,Matematicas,7,7.5,9.2,78.2,40,1,9,5.7,92.9,78.9,1,no,0.0,mujer,B
STU-00423,Estadistica,4,6.8,4.6,62.5,36,1,8,5.7,89.9,55.0,0,si,27.8,prefiere_no_decir,B
STU-00424,Estadistica,3,6.6,8.8,84.7,53,0,7,0.9,85.4,92.4,1,si,0.0,mujer,F
STU-00425,Ciencia de Datos,7,6.7,6.8,86.4,30,2,7,5.3,75.6,74.6,1,no,0.0,hombre,C
STU-00426,Actuaria,8,7.3,4.2,77.9,30,1,7,4.7,88.4,74.2,1,no,18.1,hombre,E
STU-00427,Economia,3,7.6,5.3,73.7,5,0,7,6.4,85.1,74.8,1,no,0.0,mujer,E
STU-00428,Ciencia de Datos,6,7.3,7.2,93.6,50,0,4,1.6,81.1,93.4,1,si,8.0,hombre,F
STU-00429,Estadistica,2,6.0,3.1,70.8,74,0,4,6.1,99.0,77.3,1,si,0.0,mujer,C
STU-00430,Economia,6,8.6,7.2,69.5,34,2,5,1.8,74.6,61.6,0,no,14.1,mujer,D
STU-00431,Estadistica,3,8.0,4.6,76.8,26,1,5,1.1,74.7,59.7,0,no,0.0,mujer,D
STU-00432,Actuaria,3,6.8,5.6,71.8,69,0,7,9.0,81.8,64.5,0,no,0.0,mujer,A
STU-00433,Estadistica,7,8.6,4.4,75.7,39,2,6,1.2,71.8,63.9,0,no,0.0,mujer,E
STU-00434,Actuaria,9,7.9,7.4,69.7,55,2,7,1.1,84.2,79.0,1,si,18.7,mujer,A
STU-00435,Actuaria,9,8.7,8.0,82.2,128,1,5,2.3,94.1,67.8,0,no,0.0,mujer,B
STU-00436,Actuaria,4,7.1,4.5,83.3,60,0,6,0.7,68.0,65.1,0,no,0.0,no_binario,D
STU-00437,Matematicas,5,7.7,7.2,81.6,56,1,8,2.2,77.1,69.7,0,no,0.0,hombre,E
STU-00438,Economia,9,7.7,11.4,92.7,34,1,6,2.6,86.6,80.2,1,no,0.0,no_binario,C
STU-00439,Estadistica,6,7.6,8.5,100.0,90,0,4,2.0,78.8,84.9,1,si,0.0,mujer,C
STU-00440,Estadistica,8,6.9,9.6,92.2,133,0,4,1.2,80.8,91.4,1,no,0.0,mujer,F
STU-00441,Ciencia de Datos,9,6.1,7.5,83.2,51,0,6,0.8,86.4,86.7,1,no,16.7,mujer,E
STU-00442,Estadistica,3,7.0,7.2,83.7,28,0,4,2.0,77.9,79.6,1,no,0.0,hombre,B
STU-00443,Actuaria,7,6.0,5.6,69.2,65,1,8,2.8,71.0,60.9,0,no,10.0,mujer,F
STU-00444,Actuaria,1,7.7,7.2,74.4,3,0,3,0.9,74.0,66.4,0,si,0.0,mujer,D
STU-00445,Matematicas,4,7.0,4.5,75.5,58,2,5,1.8,65.6,65.2,0,si,18.6,hombre,E
STU-00446,Ciencia de Datos,7,7.2,4.7,74.4,24,3,6,2.7,83.9,72.3,1,si,24.2,mujer,A
STU-00447,Matematicas,4,6.7,6.5,85.5,48,1,3,3.0,82.6,80.1,1,no,0.0,hombre,A
STU-00448,Actuaria,1,4.9,5.9,80.1,55,3,8,3.2,77.7,53.2,0,si,28.0,no_binario,C
STU-00449,Matematicas,2,5.5,4.9,61.1,49,2,7,6.4,95.3,56.5,0,no,0.0,hombre,A
STU-00450,Matematicas,8,6.5,10.1,76.7,92,1,6,2.7,66.7,73.2,1,si,0.0,mujer,D
STU-00451,Estadistica,4,7.5,6.2,85.8,83,0,3,2.7,79.0,82.8,1,no,0.0,mujer,B
STU-00452,Estadistica,3,7.4,10.9,100.0,126,1,6,2.6,86.5,85.0,1,si,0.0,hombre,D
STU-00453,Ciencia de Datos,9,7.2,5.3,71.5,43,3,7,1.4,84.7,80.7,1,si,19.1,mujer,D
STU-00454,Estadistica,8,6.8,3.2,68.6,56,1,9,2.9,84.3,56.8,0,no,19.6,hombre,C
STU-00455,Economia,4,7.5,4.9,87.4,94,0,3,0.4,77.3,71.0,1,no,0.0,hombre,D
STU-00456,Estadistica,2,8.6,5.8,97.5,35,0,5,3.3,95.0,82.4,1,no,0.0,hombre,A
STU-00457,Ciencia de Datos,3,6.3,7.1,100.0,107,1,6,2.6,81.6,76.4,1,no,0.0,hombre,A
STU-00458,Ciencia de Datos,7,6.7,8.5,81.9,83,1,5,6.1,93.0,81.9,1,si,9.5,mujer,A
STU-00459,Matematicas,6,6.9,6.5,68.1,53,2,4,1.6,78.4,69.6,0,no,0.0,no_binario,C
STU-00460,Estadistica,4,7.5,3.7,78.8,26,1,7,1.7,95.9,72.5,1,no,8.5,hombre,D
STU-00461,Actuaria,6,7.4,9.1,96.9,75,1,5,0.6,90.7,87.7,1,si,0.0,hombre,D
STU-00462,Estadistica,1,7.3,8.8,77.3,6,1,3,2.1,76.4,84.5,1,no,0.0,hombre,F
STU-00463,Economia,9,6.9,6.5,82.5,109,2,6,2.0,89.3,71.2,1,si,22.6,hombre,E
STU-00464,Ciencia de Datos,5,7.6,7.5,84.5,17,0,7,4.0,82.2,80.1,1,si,7.1,mujer,B
STU-00465,Matematicas,4,6.3,12.4,94.7,70,2,6,1.0,83.6,98.8,1,no,0.0,hombre,A
STU-00466,Economia,4,6.4,5.8,77.3,92,2,6,2.5,82.5,64.1,0,si,23.4,mujer,E
STU-00467,Matematicas,8,9.8,8.2,93.0,69,2,5,0.4,76.0,66.2,0,no,0.0,prefiere_no_decir,D
STU-00468,Actuaria,1,8.4,5.5,80.1,17,0,6,1.1,77.7,70.5,1,si,0.0,mujer,B
STU-00469,Estadistica,3,6.5,7.7,91.1,59,1,7,2.6,78.7,77.0,1,no,31.6,hombre,B
STU-00470,Estadistica,3,6.8,6.6,82.9,84,1,5,1.2,69.4,67.0,0,no,0.0,mujer,E
STU-00471,Economia,1,8.5,0.5,62.6,0,1,6,3.7,69.5,45.9,0,no,6.9,mujer,D
STU-00472,Economia,9,8.0,12.1,97.1,96,2,5,1.2,87.2,86.8,1,no,11.2,hombre,B
STU-00473,Ciencia de Datos,2,7.2,6.2,96.5,72,2,4,1.7,89.6,83.4,1,no,0.0,mujer,E
STU-00474,Estadistica,2,7.8,6.1,98.9,45,0,3,1.4,88.1,90.0,1,si,0.0,mujer,B
STU-00475,Economia,6,8.0,7.1,91.9,45,0,2,1.5,100.0,72.2,1,no,0.0,hombre,D
STU-00476,Actuaria,8,6.5,6.1,80.5,136,2,6,3.7,82.4,67.9,0,si,21.3,mujer,C
STU-00477,Actuaria,1,7.1,4.8,68.7,10,1,7,2.3,78.0,58.6,0,no,10.4,hombre,F
STU-00478,Estadistica,6,7.8,8.2,87.5,28,1,5,2.6,93.4,79.3,1,si,0.0,hombre,E
STU-00479,Economia,5,7.2,4.0,77.9,131,0,5,1.5,76.2,66.2,0,no,0.0,hombre,E
STU-00480,Estadistica,6,6.0,5.3,80.8,78,0,7,3.9,79.2,80.2,1,no,2.4,hombre,E
STU-00481,Economia,8,6.6,12.8,90.7,28,4,8,0.1,88.9,87.2,1,si,0.0,mujer,F
STU-00482,Estadistica,5,6.8,6.4,71.7,36,2,6,6.4,77.7,74.5,1,no,0.0,no_binario,B
STU-00483,Economia,7,7.6,10.0,99.2,56,1,6,2.2,79.2,74.4,1,si,0.0,mujer,E
STU-00484,Matematicas,5,8.0,4.4,73.5,2,0,6,2.5,68.2,57.8,0,si,0.0,hombre,F
STU-00485,Economia,1,8.7,1.9,74.0,54,0,3,3.0,70.0,62.0,0,no,0.0,hombre,F
STU-00486,Estadistica,2,7.8,6.0,78.1,31,2,6,6.5,96.2,77.9,1,no,0.0,mujer,E
STU-00487,Estadistica,6,4.0,7.9,79.0,86,1,7,5.2,97.2,47.2,0,no,15.2,mujer,A
STU-00488,Ciencia de Datos,3,6.9,4.5,75.0,47,5,8,4.4,87.8,69.8,0,no,16.2,hombre,D
STU-00489,Estadistica,9,8.3,11.7,85.0,18,0,5,1.2,100.0,92.2,1,no,6.2,mujer,B
STU-00490,Matematicas,2,5.9,1.4,58.7,2,3,8,5.7,79.3,45.5,0,si,16.1,hombre,B
STU-00491,Estadistica,7,7.2,7.2,81.9,40,1,10,9.0,79.0,51.9,0,no,22.2,mujer,A
STU-00492,Economia,4,8.1,5.7,82.0,39,3,6,2.2,88.6,74.2,1,no,0.0,hombre,E
STU-00493,Estadistica,4,5.2,3.8,75.2,23,1,7,4.3,79.3,67.0,0,si,16.3,mujer,D
STU-00494,Ciencia de Datos,3,6.6,6.1,75.2,52,1,4,1.1,81.9,79.8,1,no,0.0,hombre,F
STU-00495,Ciencia de Datos,8,6.9,8.5,78.2,114,1,8,3.2,70.8,71.3,1,no,0.0,mujer,B
STU-00496,Actuaria,5,6.3,3.8,75.4,179,1,3,2.0,83.8,68.2,0,no,27.0,hombre,A
STU-00497,Estadistica,9,8.9,10.5,88.1,62,0,5,0.7,84.5,89.4,1,no,0.0,mujer,E
STU-00498,Estadistica,8,7.1,7.9,66.4,60,1,8,3.5,100.0,78.3,1,no,19.0,hombre,D
STU-00499,Estadistica,8,6.9,9.4,93.0,71,1,6,2.3,85.1,90.9,1,no,0.0,mujer,F
STU-00500,Actuaria,9,6.4,6.2,84.5,71,3,7,3.2,83.6,72.9,1,no,22.3,hombre,A
STU-00501,Estadistica,5,5.3,5.9,57.5,52,2,6,2.6,95.6,67.5,0,no,0.0,mujer,F
STU-00502,Estadistica,6,8.0,5.5,71.4,8,0,4,0.9,85.7,69.1,0,no,0.0,hombre,F
STU-00503,Economia,8,6.8,12.0,88.2,118,1,7,2.3,85.9,100.0,1,no,0.0,mujer,E
STU-00504,Estadistica,2,6.3,6.4,64.6,41,5,5,3.0,77.5,74.4,1,no,0.0,hombre,F
STU-00505,Ciencia de Datos,7,7.2,9.5,77.1,40,1,5,1.5,88.5,88.2,1,si,0.0,mujer,E
STU-00506,Matematicas,5,6.3,1.7,63.5,39,2,7,8.3,82.6,60.5,0,no,10.9,hombre,A
STU-00507,Estadistica,2,7.1,7.2,90.7,40,2,5,1.4,72.7,64.8,0,no,12.5,hombre,A
STU-00508,Ciencia de Datos,7,7.5,11.2,100.0,169,0,5,2.3,86.7,97.1,1,no,0.0,hombre,C
STU-00509,Estadistica,8,7.3,11.2,94.7,150,1,5,0.2,87.5,100.0,1,no,14.0,mujer,C
STU-00510,Estadistica,9,6.6,6.6,86.1,64,2,6,1.8,65.4,69.3,0,no,0.0,mujer,B
STU-00511,Economia,3,6.6,2.7,72.7,86,1,6,3.7,81.0,58.9,0,no,13.8,hombre,B
STU-00512,Estadistica,1,7.6,5.8,81.6,42,1,5,3.5,91.9,85.3,1,no,20.7,mujer,F
STU-00513,Estadistica,4,7.5,7.3,75.4,69,0,4,1.8,83.8,86.0,1,si,0.0,hombre,B
STU-00514,Estadistica,3,8.1,5.5,80.9,9,2,6,4.5,77.5,65.7,0,si,0.0,hombre,D
STU-00515,Estadistica,5,7.3,3.9,71.5,52,2,6,2.7,81.0,69.0,0,no,26.4,hombre,E
STU-00516,Estadistica,8,6.8,11.0,79.7,69,4,6,0.9,85.1,88.5,1,no,18.5,hombre,E
STU-00517,Economia,5,5.9,3.3,95.6,200,3,6,5.9,61.7,65.4,0,si,11.6,hombre,B
STU-00518,Matematicas,8,5.2,10.8,71.6,57,4,7,2.5,89.5,79.9,1,si,0.0,hombre,B
STU-00519,Economia,6,7.0,7.1,87.4,105,2,3,0.6,79.0,70.0,1,no,0.0,mujer,E
STU-00520,Estadistica,5,7.3,6.5,75.9,45,0,5,3.9,85.8,72.9,1,no,0.0,mujer,D
STU-00521,Economia,9,8.8,4.4,60.3,59,0,8,5.0,79.8,47.9,0,si,18.6,prefiere_no_decir,C
STU-00522,Matematicas,4,7.7,6.1,87.4,101,2,4,4.3,76.8,81.9,1,si,0.0,hombre,F
STU-00523,Matematicas,3,7.5,5.3,74.2,13,0,3,1.7,91.9,80.1,1,no,0.0,hombre,A
STU-00524,Estadistica,1,6.7,5.0,77.7,26,1,7,4.0,66.5,72.4,1,si,0.0,mujer,D
STU-00525,Actuaria,4,5.3,8.4,90.9,93,1,6,3.0,65.9,65.2,0,no,0.0,hombre,B
STU-00526,Actuaria,8,7.0,7.7,59.7,35,3,9,4.3,81.9,69.9,0,si,22.4,mujer,E
STU-00527,Estadistica,5,8.2,4.9,79.7,157,0,4,1.8,100.0,80.4,1,no,24.7,hombre,F
STU-00528,Actuaria,9,6.3,6.7,58.4,53,2,7,1.9,80.9,67.0,0,no,12.3,mujer,F
STU-00529,Estadistica,4,7.0,7.1,70.3,59,1,5,1.0,80.9,74.7,1,no,15.1,hombre,C
STU-00530,Matematicas,7,6.7,5.1,87.4,64,2,6,2.8,100.0,92.2,1,no,0.0,mujer,C
STU-00531,Matematicas,5,6.2,8.3,97.3,57,4,6,1.7,84.8,82.5,1,si,0.0,prefiere_no_decir,F
STU-00532,Matematicas,7,8.0,8.9,74.8,16,4,8,3.6,87.2,71.7,1,no,0.0,hombre,E
STU-00533,Estadistica,7,7.4,6.9,88.6,76,1,8,0.7,74.0,80.7,1,no,0.0,hombre,E
STU-00534,Matematicas,9,5.4,7.4,91.2,38,2,6,1.5,74.9,61.4,0,no,0.0,hombre,F
STU-00535,Matematicas,4,4.0,6.5,89.2,54,1,6,1.3,89.2,50.1,0,si,16.8,mujer,C
STU-00536,Matematicas,3,7.5,5.0,67.6,21,2,5,1.2,63.6,50.5,0,no,0.0,hombre,B
STU-00537,Economia,2,6.0,2.0,67.3,18,2,6,1.6,85.1,53.6,0,si,13.7,mujer,B
STU-00538,Estadistica,9,7.8,13.4,77.5,17,5,7,1.1,100.0,100.0,1,si,0.0,mujer,C
STU-00539,Actuaria,1,7.0,5.6,79.7,25,3,4,0.2,81.5,75.4,1,si,9.4,hombre,A
STU-00540,Economia,3,6.2,6.2,60.9,44,1,5,2.5,77.1,57.5,0,no,3.9,mujer,A
STU-00541,Actuaria,9,7.9,11.2,97.9,114,1,4,1.0,89.6,100.0,1,no,0.0,hombre,F
STU-00542,Actuaria,9,5.9,10.6,90.0,61,3,5,3.8,83.7,87.3,1,no,0.0,hombre,D
STU-00543,Matematicas,2,5.3,3.7,83.2,87,2,4,2.5,89.6,63.5,0,no,33.1,hombre,D
STU-00544,Ciencia de Datos,8,7.7,9.0,83.0,154,2,5,1.3,96.8,83.1,1,no,14.3,hombre,B
STU-00545,Matematicas,3,6.0,7.0,95.2,91,0,5,1.6,76.9,83.9,1,no,0.0,mujer,E
STU-00546,Ciencia de Datos,6,7.1,10.1,82.4,6,0,4,4.5,98.3,99.7,1,no,0.0,mujer,A
STU-00547,Economia,2,6.5,12.0,98.1,69,3,7,2.2,91.1,94.4,1,si,0.0,mujer,D
STU-00548,Estadistica,9,7.4,9.5,89.8,136,4,6,4.0,90.1,85.2,1,si,0.0,hombre,D
STU-00549,Economia,1,6.6,4.5,69.0,60,2,6,2.7,67.3,58.8,0,si,0.0,mujer,B
STU-00550,Estadistica,3,6.6,4.1,81.8,84,5,9,3.1,85.8,44.5,0,no,16.7,hombre,A
STU-00551,Actuaria,5,7.7,5.1,83.3,17,1,6,1.6,76.2,71.9,1,no,0.0,no_binario,D
STU-00552,Ciencia de Datos,1,9.5,7.2,69.5,27,2,8,4.7,74.8,55.1,0,si,0.0,mujer,E
STU-00553,Ciencia de Datos,8,6.3,3.9,71.4,53,0,7,8.0,91.4,74.9,1,si,20.7,mujer,C
STU-00554,Estadistica,6,6.9,6.6,64.6,71,3,6,4.3,86.7,80.5,1,no,0.0,no_binario,F
STU-00555,Estadistica,7,6.8,14.6,88.9,60,2,6,1.5,86.0,89.0,1,si,0.0,hombre,E
STU-00556,Ciencia de Datos,2,8.1,1.9,70.7,5,2,5,5.2,82.1,67.6,0,no,12.3,mujer,B
STU-00557,Actuaria,3,7.1,9.0,75.5,37,3,7,1.2,86.7,82.3,1,si,0.0,hombre,A
STU-00558,Estadistica,4,8.6,5.8,63.4,0,0,6,6.1,82.5,66.7,0,si,0.0,hombre,D
STU-00559,Estadistica,3,9.2,4.8,75.9,17,2,5,2.8,71.2,63.0,0,si,12.4,no_binario,C
STU-00560,Economia,1,7.4,3.7,78.1,34,1,4,1.0,72.5,72.3,1,si,0.0,prefiere_no_decir,B
STU-00561,Estadistica,5,6.5,7.5,95.5,112,5,6,0.7,80.7,71.2,1,no,13.8,mujer,E
STU-00562,Matematicas,4,7.0,7.4,72.7,27,1,5,1.1,91.1,86.9,1,no,18.4,mujer,A
STU-00563,Economia,7,8.3,8.4,87.2,87,0,3,2.4,80.8,79.5,1,no,0.0,mujer,B
STU-00564,Matematicas,4,6.3,1.0,84.6,50,2,5,6.9,81.5,68.0,0,no,0.0,hombre,C
STU-00565,Economia,4,6.6,6.6,93.0,58,2,5,1.9,80.6,71.6,1,si,13.5,hombre,B
STU-00566,Economia,8,6.3,2.8,66.1,68,1,8,2.1,75.7,55.4,0,si,30.1,hombre,C
STU-00567,Matematicas,3,7.2,9.7,70.4,28,1,5,0.9,85.9,81.5,1,si,0.0,hombre,B
STU-00568,Economia,5,7.4,9.3,86.8,28,1,6,2.0,92.5,80.4,1,si,0.0,hombre,A
STU-00569,Ciencia de Datos,7,6.9,10.3,81.6,33,3,5,1.2,94.1,96.1,1,si,0.0,mujer,F
STU-00570,Matematicas,4,7.4,9.1,84.0,63,0,7,0.7,87.3,80.2,1,no,0.0,mujer,B
STU-00571,Actuaria,3,7.8,1.3,80.7,106,2,6,0.9,83.3,70.4,1,si,33.3,hombre,C
STU-00572,Ciencia de Datos,6,7.5,10.8,82.8,75,1,5,4.8,79.9,75.8,1,si,0.0,hombre,C
STU-00573,Estadistica,1,8.0,8.1,89.9,35,2,6,2.9,70.8,82.1,1,no,7.7,mujer,E
STU-00574,Estadistica,1,5.9,9.2,92.0,76,0,6,1.1,77.8,81.5,1,si,9.3,mujer,C
STU-00575,Estadistica,1,6.9,5.1,73.8,74,0,4,8.1,75.8,64.1,0,si,0.0,hombre,A
STU-00576,Economia,9,7.9,8.1,96.7,113,1,5,2.9,90.2,81.4,1,si,0.0,hombre,F
STU-00577,Estadistica,6,7.2,11.4,72.1,32,2,6,1.4,78.8,77.8,1,no,0.0,hombre,A
STU-00578,Economia,4,8.2,3.9,73.2,4,1,7,5.0,67.9,57.1,0,si,0.0,hombre,F
STU-00579,Economia,6,8.1,9.2,91.0,68,0,6,0.9,76.9,80.8,1,no,0.0,hombre,E
STU-00580,Economia,6,6.4,2.9,62.9,41,2,7,2.8,75.0,62.8,0,no,25.1,hombre,A
STU-00581,Estadistica,2,7.5,7.1,89.1,64,1,6,5.3,78.6,72.9,1,no,15.9,hombre,A
STU-00582,Estadistica,3,6.8,4.9,57.3,20,4,9,3.7,89.0,62.1,0,si,18.3,mujer,E
STU-00583,Actuaria,6,6.4,6.1,93.5,68,2,7,3.7,74.9,73.2,1,si,0.0,mujer,B
STU-00584,Actuaria,7,6.8,10.0,90.7,84,0,5,2.8,79.5,96.1,1,no,0.0,mujer,B
STU-00585,Actuaria,7,6.6,4.1,80.4,55,0,7,3.1,76.7,73.3,1,no,9.7,mujer,E
STU-00586,Matematicas,5,5.4,7.3,100.0,95,1,6,3.4,90.0,68.9,0,no,24.0,mujer,F
STU-00587,Actuaria,3,8.2,5.4,71.4,17,2,6,0.5,73.0,66.1,0,si,0.0,prefiere_no_decir,B
STU-00588,Actuaria,9,7.1,8.7,100.0,131,0,5,1.5,80.9,87.0,1,si,0.0,mujer,B
STU-00589,Actuaria,9,6.5,4.4,70.4,49,1,6,1.2,84.6,54.7,0,no,25.0,mujer,A
STU-00590,Estadistica,7,6.5,10.3,82.2,15,5,8,1.9,86.7,78.4,1,si,0.0,mujer,D
STU-00591,Estadistica,5,6.2,5.1,70.9,37,3,9,5.4,86.5,40.4,0,no,25.5,hombre,E
STU-00592,Estadistica,3,7.6,8.5,85.9,58,0,5,2.1,97.1,98.1,1,si,0.0,mujer,E
STU-00593,Actuaria,9,6.1,10.0,75.3,54,0,6,0.9,90.9,77.1,1,no,5.5,mujer,A
STU-00594,Matematicas,5,7.4,4.7,71.3,56,1,7,1.7,79.1,68.4,0,si,0.0,hombre,B
STU-00595,Ciencia de Datos,4,7.2,6.1,72.0,42,1,7,0.4,85.9,62.9,0,si,15.6,hombre,F
STU-00596,Economia,6,5.9,4.6,81.2,86,0,7,1.7,84.8,65.7,0,no,0.0,hombre,F
STU-00597,Ciencia de Datos,7,5.0,5.3,67.4,25,1,7,0.3,78.7,54.5,0,no,18.4,mujer,B
STU-00598,Estadistica,4,5.6,6.0,85.7,51,0,6,1.9,90.7,78.2,1,no,0.0,mujer,D
STU-00599,Actuaria,7,9.3,11.3,95.1,83,1,4,1.1,85.5,83.5,1,no,0.0,hombre,F
STU-00600,Estadistica,2,6.5,6.3,78.4,111,4,6,5.4,81.9,75.4,1,si,19.7,hombre,F
STU-00601,Matematicas,4,7.7,5.1,82.8,73,3,3,0.9,72.5,63.9,0,si,0.0,mujer,D
STU-00602,Matematicas,8,7.6,7.1,87.7,0,1,6,2.2,88.0,63.4,0,si,19.6,hombre,C
STU-00603,Ciencia de Datos,1,5.2,8.5,100.0,79,0,5,4.4,98.5,83.9,1,no,0.0,hombre,E
STU-00604,Matematicas,7,8.7,5.5,73.8,73,0,3,1.4,85.5,73.4,1,no,0.0,mujer,B
STU-00605,Economia,7,6.6,7.8,70.5,81,3,7,0.7,77.9,65.0,0,no,23.0,hombre,D
STU-00606,Matematicas,8,7.0,7.8,76.0,12,1,6,2.2,85.0,72.1,1,no,0.0,mujer,B
STU-00607,Ciencia de Datos,6,6.3,8.0,87.0,62,3,5,0.2,79.0,73.8,1,no,14.4,hombre,D
STU-00608,Estadistica,8,7.3,8.3,82.7,57,2,7,4.7,92.6,81.1,1,no,0.0,hombre,B
STU-00609,Estadistica,6,6.7,9.4,87.3,7,1,7,2.1,91.0,96.9,1,no,0.0,mujer,C
STU-00610,Estadistica,2,8.3,4.6,90.0,29,1,5,1.4,84.2,78.8,1,no,0.0,mujer,D
STU-00611,Matematicas,5,6.1,0.5,62.2,31,2,8,1.5,90.8,50.9,0,no,22.8,hombre,C
STU-00612,Actuaria,7,7.8,8.3,70.9,18,1,7,3.6,65.1,65.3,0,si,19.8,mujer,D
STU-00613,Matematicas,4,6.7,4.9,84.9,138,2,4,1.9,74.3,70.0,1,no,0.0,hombre,B
STU-00614,Economia,9,6.7,8.1,69.4,30,6,6,2.0,90.4,69.7,0,no,0.0,mujer,B
STU-00615,Economia,5,6.9,6.8,88.0,68,2,6,0.1,100.0,92.2,1,no,16.4,mujer,A
STU-00616,Economia,6,7.1,8.5,72.6,43,2,10,1.2,90.2,74.1,1,no,27.2,mujer,D
STU-00617,Economia,4,8.6,9.8,88.6,100,1,5,1.1,84.7,84.3,1,no,0.0,mujer,B
STU-00618,Estadistica,8,5.6,6.9,76.0,67,0,8,1.1,92.2,74.7,1,no,17.9,mujer,B
STU-00619,Economia,1,7.5,3.9,79.1,58,1,6,1.6,86.8,64.4,0,no,17.1,hombre,A
STU-00620,Estadistica,3,8.0,10.2,100.0,118,1,4,1.8,84.0,93.5,1,no,0.0,hombre,C
STU-00621,Estadistica,7,6.3,2.2,68.0,67,1,7,2.4,63.6,60.1,0,si,11.9,mujer,A
STU-00622,Estadistica,1,5.6,6.6,88.2,32,1,6,2.7,80.0,67.5,0,no,0.0,mujer,C
STU-00623,Economia,9,9.2,8.7,72.2,34,1,7,1.3,85.8,68.6,0,no,0.0,mujer,E
STU-00624,Actuaria,8,7.0,9.7,76.2,75,1,7,3.3,100.0,87.1,1,no,18.0,hombre,A
STU-00625,Ciencia de Datos,7,6.6,12.1,84.2,57,1,6,0.9,80.8,75.1,1,no,0.0,mujer,A
STU-00626,Estadistica,7,6.7,3.4,74.7,4,1,8,2.5,87.4,63.3,0,no,23.0,mujer,F
STU-00627,Economia,2,8.5,3.0,91.6,64,3,5,1.1,78.3,76.2,1,no,0.0,hombre,C
STU-00628,Estadistica,2,7.8,9.2,61.9,30,1,6,0.2,84.3,86.1,1,no,0.0,hombre,F
STU-00629,Actuaria,1,7.6,4.0,68.9,29,2,5,1.8,74.7,68.2,0,no,22.6,mujer,C
STU-00630,Ciencia de Datos,7,6.0,8.6,75.3,68,2,7,2.0,74.2,69.1,0,no,16.2,hombre,B
STU-00631,Estadistica,1,7.6,3.6,81.8,2,3,5,0.8,75.5,67.2,0,no,0.0,mujer,B
STU-00632,Estadistica,4,7.7,8.5,83.6,55,0,5,1.0,86.1,78.0,1,si,0.0,hombre,B
STU-00633,Actuaria,2,8.4,12.2,83.4,0,0,5,2.5,83.9,88.3,1,si,0.0,mujer,F
STU-00634,Ciencia de Datos,4,7.6,6.3,71.9,4,5,7,0.2,75.4,73.5,1,si,20.5,mujer,E
STU-00635,Economia,8,5.4,8.2,90.7,82,0,8,1.6,81.9,57.5,0,no,26.9,hombre,A
STU-00636,Estadistica,1,6.4,4.0,59.8,13,1,7,3.3,76.9,60.9,0,no,0.0,mujer,A
STU-00637,Estadistica,2,7.3,6.3,92.2,71,0,3,3.1,93.4,86.2,1,no,0.0,prefiere_no_decir,A
STU-00638,Matematicas,9,7.2,8.3,89.5,52,2,5,3.1,77.5,80.5,1,si,0.0,hombre,F
STU-00639,Estadistica,2,7.6,6.0,88.9,41,2,3,1.3,80.3,85.3,1,no,0.0,mujer,E
STU-00640,Estadistica,6,6.2,8.2,83.9,34,1,5,2.2,90.7,87.3,1,no,0.0,mujer,A
STU-00641,Actuaria,3,8.1,5.4,85.4,103,2,8,3.1,75.1,59.8,0,si,17.2,hombre,D
STU-00642,Estadistica,5,6.6,1.9,42.9,2,2,8,5.7,73.7,57.3,0,no,25.7,mujer,D
STU-00643,Matematicas,5,6.2,5.9,95.6,16,0,5,3.0,82.5,76.4,1,si,0.0,hombre,C
STU-00644,Estadistica,2,7.1,4.2,85.9,42,0,4,5.3,77.6,66.4,0,si,11.0,hombre,B
STU-00645,Estadistica,5,6.9,8.4,89.6,73,1,7,2.6,88.1,79.9,1,no,0.0,hombre,A
STU-00646,Actuaria,2,6.7,3.2,77.7,65,1,5,1.4,83.8,63.5,0,no,27.6,mujer,B
STU-00647,Estadistica,2,7.1,6.0,89.0,64,0,6,3.8,77.0,75.5,1,no,20.2,mujer,E
STU-00648,Estadistica,4,6.2,4.0,90.9,94,3,5,4.2,91.6,66.4,0,si,18.8,mujer,F
STU-00649,Estadistica,3,8.0,5.8,84.5,63,2,4,2.9,81.2,80.4,1,si,0.0,hombre,B
STU-00650,Estadistica,1,6.3,0.8,73.3,56,2,6,5.2,83.0,49.0,0,no,20.8,hombre,A
STU-00651,Matematicas,9,7.3,10.8,74.8,0,3,6,2.0,78.6,75.9,1,si,0.0,mujer,D
STU-00652,Actuaria,6,8.5,7.2,74.1,38,2,8,1.6,84.0,69.3,0,no,0.0,hombre,F
STU-00653,Matematicas,1,7.1,4.9,83.4,10,0,5,3.0,84.3,73.6,1,no,0.0,hombre,D
STU-00654,Actuaria,8,7.7,0.5,84.9,170,1,6,1.6,72.2,60.0,0,no,31.9,hombre,C
STU-00655,Economia,8,7.1,8.0,79.9,59,2,6,1.1,88.1,72.4,1,si,25.0,hombre,A
STU-00656,Economia,7,6.5,5.0,55.1,37,2,7,1.8,86.9,59.6,0,si,17.0,prefiere_no_decir,A
STU-00657,Economia,7,6.9,4.5,62.5,25,3,8,3.7,73.3,53.1,0,si,28.6,mujer,C
STU-00658,Estadistica,6,6.1,6.0,70.8,42,4,6,0.5,63.7,62.8,0,si,11.7,hombre,A
STU-00659,Estadistica,7,7.7,12.1,100.0,27,2,6,2.3,74.9,85.9,1,no,0.0,hombre,B
STU-00660,Estadistica,6,7.6,9.1,71.8,38,1,5,1.9,86.6,85.0,1,no,0.0,mujer,D
STU-00661,Estadistica,5,6.1,7.7,76.7,53,2,8,1.6,92.5,78.1,1,no,29.9,hombre,F
STU-00662,Actuaria,2,7.8,5.2,85.4,102,1,6,6.4,82.7,71.6,1,no,0.0,hombre,B
STU-00663,Estadistica,6,8.6,6.5,72.6,51,3,4,4.6,72.3,78.0,1,no,0.0,mujer,F
STU-00664,Economia,5,6.6,4.6,68.6,47,1,8,1.4,75.2,53.0,0,si,19.1,mujer,E
STU-00665,Ciencia de Datos,1,7.9,5.2,82.3,73,0,2,3.0,82.1,74.4,1,no,0.0,mujer,E
STU-00666,Ciencia de Datos,1,7.5,6.5,76.1,74,1,5,1.4,84.7,73.1,1,no,0.0,hombre,C
STU-00667,Estadistica,8,7.9,14.7,70.4,17,0,5,1.9,95.9,96.4,1,no,0.0,mujer,D
STU-00668,Estadistica,5,9.0,10.5,82.9,126,2,3,1.5,96.4,92.8,1,no,0.0,mujer,D
STU-00669,Ciencia de Datos,2,6.4,3.9,81.1,82,1,5,0.9,65.8,62.2,0,no,7.4,hombre,E
STU-00670,Estadistica,4,6.5,8.9,94.2,60,1,4,1.6,93.8,88.8,1,si,0.0,mujer,B
STU-00671,Matematicas,6,7.1,7.8,91.9,127,1,6,3.2,84.8,77.7,1,si,0.0,mujer,C
STU-00672,Economia,6,8.3,1.0,80.4,110,2,5,4.7,83.3,63.8,0,si,24.2,hombre,A
STU-00673,Economia,1,7.1,3.3,74.0,108,1,5,1.1,80.0,58.9,0,no,24.6,mujer,C
STU-00674,Estadistica,5,6.2,7.4,80.7,43,1,6,0.8,100.0,84.5,1,si,18.9,hombre,E
STU-00675,Matematicas,2,7.3,7.3,81.4,45,0,4,2.2,98.0,81.4,1,si,0.0,hombre,A
STU-00676,Actuaria,5,8.3,5.7,88.8,157,1,5,3.5,59.1,55.3,0,no,0.0,hombre,F
STU-00677,Economia,1,8.0,5.8,78.7,97,1,4,0.8,68.1,63.7,0,no,0.0,mujer,E
STU-00678,Actuaria,2,6.7,9.3,100.0,120,0,4,2.8,75.9,100.0,1,si,0.0,hombre,C
STU-00679,Estadistica,4,8.2,10.8,86.1,39,1,5,1.5,93.9,86.3,1,si,0.0,hombre,B
STU-00680,Ciencia de Datos,9,5.4,11.0,89.9,87,2,5,2.8,82.9,80.3,1,no,0.0,hombre,B
STU-00681,Ciencia de Datos,2,4.5,7.0,64.7,46,3,8,5.8,87.3,54.2,0,no,0.0,hombre,F
STU-00682,Actuaria,3,5.8,2.4,81.8,93,3,5,5.5,70.7,77.1,1,no,0.0,hombre,F
STU-00683,Actuaria,6,7.0,8.9,75.8,46,5,8,2.9,83.8,80.5,1,no,19.0,hombre,F
STU-00684,Economia,4,6.0,6.5,84.5,11,1,4,3.9,75.5,58.2,0,si,0.0,mujer,A
STU-00685,Matematicas,8,6.8,11.8,92.6,155,1,3,3.0,70.8,85.4,1,si,5.7,hombre,E
STU-00686,Economia,1,8.3,0.5,75.5,41,5,4,3.5,67.1,47.8,0,no,0.0,mujer,D
STU-00687,Actuaria,2,8.5,7.1,90.1,122,1,4,4.6,72.2,82.4,1,no,0.0,mujer,F
STU-00688,Estadistica,4,6.7,7.3,93.8,66,0,4,2.6,73.5,72.8,1,no,0.0,prefiere_no_decir,A
STU-00689,Economia,4,9.5,4.4,70.3,30,1,7,4.4,80.4,56.7,0,no,0.0,prefiere_no_decir,A
STU-00690,Matematicas,9,6.7,7.1,65.1,29,2,10,6.2,85.2,62.6,0,no,0.0,hombre,B
STU-00691,Estadistica,1,6.7,5.8,83.9,50,0,4,2.0,95.4,81.3,1,no,0.0,mujer,D
STU-00692,Actuaria,3,8.5,8.5,86.4,5,3,4,1.3,85.5,86.2,1,no,0.0,mujer,E
STU-00693,Estadistica,2,8.0,7.4,85.2,95,0,5,4.0,76.8,72.2,1,no,0.0,mujer,B
STU-00694,Actuaria,8,6.7,7.1,88.7,34,3,6,1.7,90.2,95.4,1,no,0.0,hombre,E
STU-00695,Estadistica,3,8.1,7.3,94.3,80,1,5,4.2,87.6,97.7,1,si,0.0,hombre,F
STU-00696,Economia,5,5.8,8.8,84.9,12,6,8,1.9,87.7,69.1,0,si,13.1,mujer,D
STU-00697,Estadistica,8,8.4,12.5,83.7,120,0,4,1.2,92.5,79.2,1,no,0.0,mujer,D
STU-00698,Actuaria,1,7.4,6.7,100.0,135,0,3,2.5,85.1,72.2,1,si,0.0,no_binario,B
STU-00699,Estadistica,5,6.4,2.5,80.2,32,4,7,5.0,72.9,62.6,0,no,25.0,hombre,A
STU-00700,Estadistica,3,7.1,9.5,65.5,80,2,5,1.5,74.4,69.7,0,no,13.6,hombre,C
STU-00701,Estadistica,7,5.8,9.6,72.0,82,0,9,6.2,82.3,63.4,0,no,12.9,hombre,F
STU-00702,Economia,4,6.6,6.7,75.7,27,6,6,1.6,80.6,71.6,1,no,14.6,hombre,E
STU-00703,Ciencia de Datos,7,7.0,5.4,89.6,63,0,6,5.1,84.9,78.4,1,si,0.0,hombre,E
STU-00704,Matematicas,5,7.5,6.2,71.3,35,1,5,3.9,90.1,83.1,1,no,0.0,hombre,F
STU-00705,Estadistica,8,5.6,6.3,79.1,83,1,8,0.4,80.6,67.5,0,no,22.9,mujer,C
STU-00706,Actuaria,4,8.1,9.8,77.3,5,2,8,3.0,83.7,74.3,1,no,0.0,no_binario,A
STU-00707,Actuaria,2,7.9,1.9,59.1,35,1,6,7.0,78.8,56.3,0,si,11.3,hombre,B
STU-00708,Ciencia de Datos,2,8.3,8.3,100.0,171,0,4,1.5,80.9,82.0,1,no,0.0,no_binario,B
STU-00709,Estadistica,3,8.2,6.3,74.5,39,0,2,1.4,78.0,74.2,1,no,3.6,mujer,D
STU-00710,Estadistica,2,7.7,0.9,73.7,6,0,6,2.0,82.4,56.9,0,no,0.0,mujer,F
STU-00711,Economia,5,5.2,3.5,64.1,0,2,8,2.8,97.8,66.8,0,no,19.7,no_binario,C
STU-00712,Ciencia de Datos,7,6.6,3.8,71.6,42,2,7,1.8,97.6,62.9,0,si,18.4,hombre,B
STU-00713,Matematicas,8,7.3,8.1,100.0,100,3,5,2.6,100.0,100.0,1,si,0.0,mujer,C
STU-00714,Economia,9,8.6,8.8,84.9,85,2,6,1.3,75.0,68.4,0,si,0.0,mujer,A
STU-00715,Estadistica,9,7.6,8.3,96.6,58,3,5,3.1,93.2,81.8,1,no,0.0,hombre,B
STU-00716,Actuaria,9,8.2,9.5,88.7,94,1,5,0.6,88.4,95.5,1,si,0.0,hombre,E
STU-00717,Ciencia de Datos,9,6.3,5.9,55.4,43,3,9,1.5,72.3,61.5,0,no,6.5,mujer,C
STU-00718,Economia,3,5.3,6.4,74.8,37,1,5,2.6,82.9,69.6,0,no,0.0,hombre,B
STU-00719,Estadistica,3,7.1,5.8,70.6,6,5,9,5.1,63.3,60.2,0,si,20.3,mujer,B
STU-00720,Actuaria,3,6.8,9.0,95.1,19,2,4,0.9,75.1,71.0,1,si,0.0,hombre,A
STU-00721,Ciencia de Datos,4,5.8,11.1,80.7,0,3,7,5.1,95.7,83.6,1,no,0.0,hombre,E
STU-00722,Actuaria,6,7.4,7.1,83.4,15,1,6,3.8,88.7,79.0,1,no,10.8,mujer,B
STU-00723,Economia,3,7.1,8.4,98.2,63,2,5,2.4,65.5,64.4,0,si,0.0,mujer,B
STU-00724,Ciencia de Datos,6,7.3,7.2,68.5,58,0,6,1.9,66.4,75.3,1,no,0.0,mujer,E
STU-00725,Ciencia de Datos,5,8.7,6.0,84.8,60,0,3,0.7,95.9,91.8,1,si,0.0,hombre,F
STU-00726,Estadistica,2,8.3,3.2,75.5,31,0,3,0.5,64.9,64.3,0,si,0.0,hombre,A
STU-00727,Actuaria,4,7.3,7.3,97.5,162,1,7,5.5,92.9,88.7,1,no,10.6,mujer,F
STU-00728,Economia,8,5.4,4.8,77.1,30,2,7,3.7,77.2,61.0,0,si,12.4,hombre,C
STU-00729,Ciencia de Datos,5,7.6,8.3,68.1,16,1,4,2.6,88.1,69.1,0,no,0.0,mujer,D
STU-00730,Actuaria,6,5.9,7.0,94.5,128,0,3,0.5,99.6,73.4,1,si,0.0,mujer,D
STU-00731,Estadistica,9,6.0,7.1,82.7,54,0,8,2.2,94.5,81.4,1,no,23.4,hombre,F
STU-00732,Estadistica,4,6.5,8.6,68.3,78,1,5,0.1,100.0,87.2,1,no,0.0,mujer,F
STU-00733,Ciencia de Datos,4,7.1,6.3,71.7,16,2,7,1.2,88.7,66.4,0,no,21.6,hombre,D
STU-00734,Estadistica,8,6.1,6.8,73.2,94,1,7,1.0,81.3,68.9,0,si,25.3,hombre,D
STU-00735,Estadistica,2,5.8,4.5,98.9,147,4,5,1.7,78.8,71.5,1,no,20.8,hombre,D
STU-00736,Estadistica,7,6.2,10.5,77.0,17,0,7,0.2,75.2,84.0,1,si,0.0,prefiere_no_decir,F
STU-00737,Estadistica,2,8.6,4.3,76.4,17,2,4,1.2,86.3,73.2,1,no,0.0,mujer,C
STU-00738,Ciencia de Datos,5,8.5,10.2,92.7,143,2,5,3.2,91.8,90.0,1,no,0.0,mujer,B
STU-00739,Matematicas,8,7.1,10.7,88.7,35,1,6,1.0,100.0,100.0,1,si,0.0,no_binario,C
STU-00740,Estadistica,1,7.3,5.8,89.8,67,3,4,0.1,83.1,70.3,1,no,0.0,mujer,D
STU-00741,Estadistica,3,6.2,6.3,61.3,43,4,7,3.0,86.7,69.5,0,no,25.8,hombre,F
STU-00742,Actuaria,6,6.6,10.2,89.8,62,4,6,2.3,91.6,84.8,1,no,10.3,hombre,D
STU-00743,Economia,2,6.4,5.6,90.6,69,1,5,1.3,100.0,100.0,1,si,6.9,no_binario,D
STU-00744,Estadistica,7,6.3,6.0,70.8,12,0,8,2.2,81.1,80.4,1,no,23.5,hombre,D
STU-00745,Ciencia de Datos,6,7.0,10.9,79.8,141,3,7,0.8,100.0,77.3,1,no,21.4,mujer,A
STU-00746,Ciencia de Datos,1,7.2,1.7,65.6,14,4,4,2.7,73.6,50.7,0,no,18.4,hombre,A
STU-00747,Estadistica,7,5.4,4.3,61.7,62,1,7,3.5,68.8,61.2,0,no,23.8,hombre,B
STU-00748,Estadistica,8,8.3,7.4,83.9,123,2,7,4.0,76.0,76.5,1,no,0.0,mujer,D
STU-00749,Ciencia de Datos,1,6.3,4.1,79.1,71,5,6,3.2,88.0,79.9,1,no,20.9,mujer,D
STU-00750,Actuaria,8,6.7,10.4,85.7,52,1,6,0.2,83.3,93.6,1,no,7.6,mujer,F
STU-00751,Actuaria,4,6.0,5.1,78.8,30,0,8,4.0,82.6,69.7,0,si,0.0,hombre,D
STU-00752,Estadistica,8,5.0,7.1,84.2,130,1,9,2.2,100.0,64.4,0,no,24.6,hombre,A
STU-00753,Actuaria,7,7.0,1.6,66.1,42,0,8,5.2,66.5,53.9,0,si,26.2,no_binario,A
STU-00754,Matematicas,1,7.6,5.8,92.2,59,0,3,0.3,82.1,74.2,1,no,0.0,mujer,F
STU-00755,Estadistica,4,5.3,7.5,73.1,12,2,5,3.3,98.6,73.5,1,si,8.0,hombre,E
STU-00756,Matematicas,6,7.4,3.0,74.9,64,2,6,2.6,80.9,56.2,0,no,0.0,mujer,B
STU-00757,Matematicas,2,5.1,3.8,71.7,71,5,6,1.8,72.6,48.1,0,no,0.0,hombre,A
STU-00758,Economia,8,6.6,11.7,80.5,38,4,6,1.7,99.9,96.7,1,no,0.0,hombre,E
STU-00759,Actuaria,4,7.2,7.6,91.8,50,3,6,2.1,82.1,84.5,1,si,0.0,hombre,A
STU-00760,Ciencia de Datos,5,7.3,5.4,77.5,33,5,9,0.7,96.7,80.1,1,no,0.0,mujer,C
STU-00761,Matematicas,9,7.7,6.5,70.9,49,1,8,1.2,69.9,66.7,0,si,0.0,no_binario,E
STU-00762,Matematicas,2,6.0,5.2,85.1,59,4,6,2.7,81.4,71.7,1,no,14.8,mujer,D
STU-00763,Ciencia de Datos,8,6.4,6.1,77.8,68,0,9,9.0,93.7,68.9,0,si,26.8,hombre,C
STU-00764,Matematicas,6,6.7,10.5,82.5,5,2,6,3.1,87.7,82.7,1,si,0.0,hombre,E
STU-00765,Ciencia de Datos,7,6.9,5.1,95.3,93,1,6,4.4,87.4,90.3,1,si,0.0,hombre,C
STU-00766,Estadistica,8,7.0,8.7,73.9,36,1,6,1.2,75.0,75.3,1,si,0.0,mujer,E
STU-00767,Estadistica,4,7.8,6.3,88.7,34,2,6,1.7,79.0,82.3,1,si,0.0,mujer,E
STU-00768,Ciencia de Datos,9,7.1,8.4,97.5,81,2,6,1.6,90.9,92.4,1,si,0.0,hombre,A
STU-00769,Actuaria,8,5.2,6.4,66.7,47,1,7,2.2,70.5,55.0,0,si,23.6,mujer,F
STU-00770,Actuaria,7,6.7,9.2,90.1,49,2,6,3.1,76.8,82.9,1,si,0.0,mujer,E
STU-00771,Economia,6,6.8,9.1,69.9,52,2,5,2.9,76.4,68.7,0,no,0.0,mujer,A
STU-00772,Estadistica,6,7.3,5.3,100.0,55,3,5,2.4,78.9,83.8,1,no,10.2,mujer,B
STU-00773,Estadistica,4,7.3,6.0,90.5,103,1,6,5.8,81.0,74.5,1,si,0.0,hombre,A
STU-00774,Actuaria,3,7.7,6.2,87.7,41,1,4,0.6,81.3,79.1,1,no,0.0,mujer,C
STU-00775,Economia,7,7.6,5.6,72.6,32,2,9,5.4,82.5,55.4,0,no,17.3,hombre,E
STU-00776,Estadistica,8,6.6,7.8,59.1,21,2,8,2.5,89.0,68.4,0,no,20.9,hombre,C
STU-00777,Ciencia de Datos,4,8.6,8.4,86.2,50,1,5,2.7,88.4,83.0,1,no,0.0,hombre,F
STU-00778,Matematicas,6,7.2,9.3,73.0,73,0,9,3.1,88.1,74.2,1,no,0.0,mujer,F
STU-00779,Estadistica,5,6.5,7.7,83.4,42,2,7,2.7,72.7,67.5,0,si,13.0,hombre,C
STU-00780,Matematicas,5,5.4,4.0,61.8,46,1,6,3.3,86.2,51.5,0,no,16.1,mujer,D
STU-00781,Economia,2,8.5,9.8,83.6,38,2,7,2.4,85.8,85.4,1,no,0.0,hombre,E
STU-00782,Ciencia de Datos,3,7.1,5.3,56.4,44,0,7,3.1,77.9,67.0,0,no,15.2,hombre,F
STU-00783,Estadistica,6,6.1,4.9,73.1,22,2,6,8.3,82.8,56.1,0,no,0.0,mujer,E
STU-00784,Economia,8,6.0,7.3,63.7,26,2,8,1.9,99.8,76.1,1,no,0.0,mujer,E
STU-00785,Estadistica,7,6.1,2.1,38.3,24,2,9,2.2,96.3,48.7,0,no,29.4,hombre,B
STU-00786,Estadistica,3,7.2,3.6,58.1,32,0,7,2.0,75.9,66.2,0,si,9.9,hombre,D
STU-00787,Ciencia de Datos,5,6.9,6.6,66.7,11,0,7,1.6,100.0,65.7,0,no,19.2,no_binario,D
STU-00788,Ciencia de Datos,5,6.3,9.6,100.0,78,2,5,3.8,89.7,100.0,1,no,0.0,hombre,C
STU-00789,Estadistica,6,6.5,6.5,78.4,3,1,4,1.8,94.1,76.0,1,no,0.0,mujer,B
STU-00790,Estadistica,1,7.0,4.6,88.9,107,3,3,0.5,78.0,74.7,1,si,13.5,mujer,A
STU-00791,Estadistica,1,5.3,6.4,69.8,36,3,8,0.9,93.6,57.0,0,no,36.8,hombre,F
STU-00792,Estadistica,2,6.9,5.4,87.9,41,0,5,2.0,82.7,82.1,1,no,0.0,mujer,B
STU-00793,Ciencia de Datos,5,6.9,7.2,88.0,68,2,7,0.2,76.7,76.9,1,si,0.0,hombre,D
STU-00794,Estadistica,5,6.9,6.2,72.5,58,1,7,2.2,77.9,56.9,0,si,25.9,hombre,D
STU-00795,Economia,2,7.1,2.6,67.8,34,1,5,1.2,85.5,63.2,0,si,7.0,no_binario,F
STU-00796,Estadistica,7,9.1,10.0,78.9,26,0,4,2.9,86.2,84.2,1,si,0.0,hombre,F
STU-00797,Ciencia de Datos,8,9.5,9.8,81.7,65,2,8,4.6,96.0,70.4,1,si,0.0,hombre,B
STU-00798,Estadistica,7,7.3,6.7,83.6,91,0,5,2.8,78.9,60.2,0,no,0.0,mujer,A
STU-00799,Estadistica,8,8.1,12.1,79.6,56,3,6,2.2,98.1,100.0,1,si,0.0,hombre,B
STU-00800,Actuaria,1,7.1,9.2,72.3,44,1,6,0.3,77.7,77.7,1,si,0.0,mujer,D
STU-00801,Estadistica,6,7.2,6.1,86.1,94,1,7,1.8,82.1,87.9,1,no,0.0,prefiere_no_decir,D
STU-00802,Estadistica,5,6.6,10.2,82.0,32,2,5,2.1,87.6,94.9,1,si,0.0,hombre,C
STU-00803,Estadistica,1,7.6,9.3,99.5,97,1,3,1.1,85.6,88.9,1,no,0.0,mujer,D
STU-00804,Estadistica,2,6.2,3.4,81.8,50,2,8,2.5,84.4,60.4,0,no,17.7,hombre,C
STU-00805,Economia,9,6.1,4.9,73.4,53,4,7,1.8,78.2,71.8,1,si,27.6,hombre,F
STU-00806,Estadistica,4,6.6,2.7,53.1,52,1,5,4.3,92.2,74.4,1,si,25.2,hombre,E
STU-00807,Estadistica,4,8.6,7.0,71.2,100,0,5,2.1,98.2,87.8,1,si,15.1,hombre,D
STU-00808,Estadistica,9,7.6,7.9,82.9,30,5,8,4.4,81.0,82.9,1,si,0.0,mujer,C
STU-00809,Estadistica,5,4.5,10.8,71.8,19,1,8,3.6,91.9,74.5,1,no,0.0,hombre,C
STU-00810,Economia,5,7.3,13.3,100.0,43,1,5,0.6,94.9,100.0,1,no,0.0,hombre,E
STU-00811,Economia,1,8.5,1.2,81.7,22,0,4,0.1,80.4,54.9,0,no,0.0,hombre,F
STU-00812,Ciencia de Datos,3,6.4,6.1,82.3,62,0,5,2.6,77.3,78.0,1,si,0.0,mujer,B
STU-00813,Ciencia de Datos,8,5.5,8.8,72.5,13,2,8,0.7,89.4,62.3,0,no,18.4,mujer,C
STU-00814,Estadistica,9,7.5,11.5,93.4,110,1,5,1.2,87.3,95.8,1,no,0.0,mujer,D
STU-00815,Ciencia de Datos,7,7.0,8.4,95.2,151,1,6,2.4,94.4,84.0,1,no,19.8,hombre,B
STU-00816,Ciencia de Datos,1,6.1,3.3,57.3,21,4,8,2.4,78.0,48.3,0,no,24.2,hombre,B
STU-00817,Ciencia de Datos,3,7.7,6.0,68.8,36,2,5,6.4,94.0,81.3,1,no,17.1,mujer,D
STU-00818,Estadistica,1,5.8,2.9,70.6,65,1,5,3.1,86.6,55.6,0,no,21.0,hombre,D
STU-00819,Matematicas,6,6.2,5.5,72.3,37,2,7,2.4,84.7,57.8,0,no,0.0,mujer,A
STU-00820,Economia,6,8.4,5.3,73.5,19,3,6,4.1,77.1,72.5,1,no,0.0,hombre,E
STU-00821,Ciencia de Datos,6,7.1,11.3,100.0,32,1,3,0.7,85.3,100.0,1,no,0.0,mujer,E
STU-00822,Ciencia de Datos,3,7.8,7.4,72.4,162,0,2,0.5,83.8,97.7,1,no,0.0,hombre,F
STU-00823,Economia,6,6.4,8.6,87.0,61,6,6,2.4,82.1,75.0,1,no,12.6,hombre,B
STU-00824,Economia,7,6.4,0.5,59.3,95,1,8,0.4,92.1,37.4,0,si,27.4,mujer,B
STU-00825,Actuaria,7,7.1,5.8,64.3,26,2,8,1.8,76.4,62.3,0,no,18.9,hombre,B
STU-00826,Estadistica,1,8.7,4.7,76.6,21,1,5,3.3,95.6,74.0,1,no,0.0,mujer,F
STU-00827,Estadistica,9,5.0,10.6,80.8,18,1,7,4.6,90.9,71.5,1,no,21.8,mujer,B
STU-00828,Actuaria,7,6.6,8.3,67.9,16,3,8,1.5,88.8,77.8,1,no,18.8,mujer,F
STU-00829,Actuaria,5,5.7,6.8,54.6,38,2,8,3.7,83.6,69.2,0,no,5.5,hombre,E
STU-00830,Estadistica,5,7.8,8.5,68.9,38,1,7,1.3,87.1,72.4,1,no,0.0,hombre,D
STU-00831,Economia,5,6.8,5.7,80.5,35,1,4,4.6,78.6,74.6,1,no,0.0,mujer,E
STU-00832,Ciencia de Datos,9,6.5,8.9,66.1,12,2,7,2.7,91.2,81.4,1,si,24.7,hombre,F
STU-00833,Estadistica,7,6.7,6.5,74.3,111,2,6,5.1,92.6,73.8,1,no,15.7,hombre,A
STU-00834,Economia,7,6.2,6.7,79.6,0,2,5,0.8,78.4,65.5,0,si,7.5,hombre,A
STU-00835,Estadistica,8,6.1,6.1,77.0,53,3,8,3.6,74.3,58.0,0,si,33.3,hombre,D
STU-00836,Estadistica,4,7.4,12.1,82.3,0,0,6,1.1,94.2,91.8,1,si,0.0,hombre,F
STU-00837,Matematicas,4,5.2,4.9,76.5,45,0,7,0.6,78.6,60.5,0,no,26.3,mujer,B
STU-00838,Actuaria,5,6.0,5.1,69.6,45,0,10,5.2,84.6,45.5,0,si,27.9,hombre,F
STU-00839,Actuaria,2,6.8,1.1,59.9,60,2,7,1.7,96.5,56.6,0,no,28.9,hombre,A
STU-00840,Matematicas,9,4.9,10.6,75.9,31,1,8,4.8,88.9,70.0,1,no,20.9,mujer,F
STU-00841,Actuaria,7,6.6,5.3,62.4,38,2,5,1.4,84.0,76.6,1,no,0.0,hombre,C
STU-00842,Actuaria,9,5.4,7.0,79.9,125,3,6,3.5,81.3,79.4,1,no,21.4,mujer,D
STU-00843,Ciencia de Datos,6,6.7,11.2,86.0,60,1,5,4.7,82.5,92.6,1,si,0.0,mujer,D
STU-00844,Estadistica,3,8.3,4.6,64.8,19,1,7,0.9,84.8,73.8,1,no,0.0,mujer,C
STU-00845,Economia,9,7.5,9.8,80.2,191,2,8,1.5,79.0,73.3,1,no,13.9,mujer,C
STU-00846,Actuaria,2,7.8,4.5,99.6,25,3,5,3.5,83.1,81.1,1,no,0.0,hombre,C
STU-00847,Economia,5,7.8,5.2,87.6,96,0,4,0.2,80.5,84.5,1,no,11.7,mujer,E
STU-00848,Actuaria,2,6.9,5.1,80.1,25,0,4,1.2,73.0,72.7,1,si,0.0,hombre,A
STU-00849,Actuaria,7,6.5,3.8,83.5,49,3,7,2.5,64.5,62.6,0,si,19.2,mujer,D
STU-00850,Estadistica,3,8.2,9.6,83.7,10,0,6,2.7,92.5,82.3,1,no,15.6,hombre,C
STU-00851,Ciencia de Datos,3,5.9,5.4,88.3,8,1,7,3.2,78.6,76.6,1,no,12.8,mujer,D
STU-00852,Ciencia de Datos,8,6.4,9.9,85.1,91,0,5,2.4,92.9,77.1,1,si,0.0,hombre,F
STU-00853,Actuaria,8,7.9,10.7,87.7,35,1,7,3.0,79.2,76.9,1,si,0.0,mujer,A
STU-00854,Economia,1,6.8,6.5,96.6,123,5,4,0.2,81.8,88.4,1,no,0.0,mujer,F
STU-00855,Economia,8,6.7,8.6,82.6,57,1,8,2.9,80.5,73.2,1,si,0.0,hombre,C
STU-00856,Ciencia de Datos,4,6.9,10.4,100.0,102,6,5,1.3,89.3,89.9,1,no,21.7,hombre,D
STU-00857,Estadistica,1,6.6,8.1,86.4,64,2,3,4.5,68.3,72.7,1,si,0.0,hombre,B
STU-00858,Estadistica,3,8.1,6.1,71.4,13,0,7,1.8,78.6,68.8,0,si,0.0,hombre,D
STU-00859,Matematicas,3,7.8,7.2,79.2,49,2,8,1.7,81.7,55.9,0,no,12.5,hombre,D
STU-00860,Matematicas,1,6.0,7.0,90.4,32,4,5,1.6,87.9,72.4,1,si,0.0,hombre,D
STU-00861,Matematicas,4,6.6,8.0,71.4,35,3,6,1.5,87.9,75.1,1,no,12.8,no_binario,C
STU-00862,Estadistica,3,6.1,9.5,74.2,35,3,8,2.5,87.1,72.3,1,no,20.5,mujer,D
STU-00863,Matematicas,1,7.3,3.0,93.0,107,0,4,8.5,92.0,75.1,1,no,0.0,hombre,F
STU-00864,Estadistica,9,8.4,6.9,63.8,1,0,4,0.8,71.2,67.8,0,no,0.0,hombre,B
STU-00865,Estadistica,4,8.6,10.3,80.0,38,1,3,2.5,92.2,92.3,1,si,0.0,mujer,F
STU-00866,Estadistica,6,9.0,3.9,66.2,110,3,7,4.1,75.9,50.7,0,no,35.1,hombre,A
STU-00867,Ciencia de Datos,2,6.2,8.0,87.0,102,1,4,0.4,87.8,76.8,1,si,0.0,mujer,B
STU-00868,Economia,4,8.4,8.8,100.0,43,1,5,1.7,66.3,65.5,0,si,0.0,hombre,D
STU-00869,Ciencia de Datos,6,7.0,10.8,82.6,61,3,7,3.8,95.7,92.6,1,si,7.5,mujer,E
STU-00870,Ciencia de Datos,4,7.1,8.5,79.5,55,2,4,4.2,76.3,87.4,1,si,0.0,mujer,C
STU-00871,Economia,2,7.8,7.0,82.1,46,1,6,1.4,73.3,76.0,1,no,0.0,mujer,A
STU-00872,Estadistica,8,7.8,7.4,78.0,67,3,5,2.5,81.2,79.2,1,si,0.0,mujer,D
STU-00873,Economia,8,7.3,4.0,87.8,66,3,7,1.5,75.4,60.3,0,no,14.5,hombre,A
STU-00874,Actuaria,1,8.3,2.8,76.7,27,1,4,4.4,65.6,57.4,0,si,0.0,mujer,F
STU-00875,Economia,9,7.1,9.9,72.4,55,1,6,1.2,76.3,67.3,0,no,0.0,mujer,D
STU-00876,Estadistica,3,8.5,7.4,73.8,70,1,7,4.5,97.9,81.8,1,si,7.0,mujer,B
STU-00877,Estadistica,3,7.0,8.6,93.4,30,2,5,1.9,82.4,90.5,1,no,9.3,mujer,D
STU-00878,Estadistica,6,5.9,4.7,66.7,47,2,7,1.5,79.5,57.3,0,no,16.8,no_binario,C
STU-00879,Estadistica,6,6.4,10.3,78.2,26,2,7,2.5,87.9,81.5,1,no,20.3,hombre,D
STU-00880,Matematicas,5,7.7,8.9,84.4,66,1,6,4.0,91.8,85.4,1,si,0.0,hombre,D
STU-00881,Estadistica,2,6.6,5.4,50.0,0,3,10,8.3,80.4,45.7,0,si,0.0,hombre,B
STU-00882,Actuaria,8,5.3,10.0,96.6,61,3,6,0.7,78.5,79.6,1,si,0.0,mujer,B
STU-00883,Economia,7,9.5,5.4,100.0,203,0,2,4.3,82.0,69.6,0,si,0.0,hombre,E
STU-00884,Economia,5,6.8,4.8,68.8,37,1,6,1.1,73.6,68.8,0,si,0.0,mujer,A
STU-00885,Ciencia de Datos,8,6.7,8.7,75.9,17,2,7,2.3,85.4,84.0,1,no,9.7,hombre,F
STU-00886,Economia,8,5.8,4.6,89.6,104,2,7,0.1,91.6,70.9,1,no,9.7,mujer,F
STU-00887,Estadistica,5,6.2,2.5,74.6,36,1,5,2.7,82.6,61.8,0,si,14.9,hombre,A
STU-00888,Ciencia de Datos,6,6.7,6.5,91.4,43,1,5,0.5,84.7,71.4,1,si,9.8,mujer,F
STU-00889,Estadistica,3,5.3,2.8,59.8,79,1,6,1.6,73.7,38.6,0,si,30.3,hombre,E
STU-00890,Actuaria,6,8.5,6.4,79.4,86,2,7,4.4,88.3,74.4,1,si,0.0,prefiere_no_decir,D
STU-00891,Actuaria,4,6.9,6.4,76.9,112,1,6,2.7,72.9,77.4,1,no,0.0,mujer,C
STU-00892,Estadistica,5,7.2,8.3,79.0,13,1,6,2.6,76.7,79.2,1,no,0.0,mujer,B
STU-00893,Economia,9,7.0,6.2,85.9,96,2,7,0.8,77.8,76.4,1,no,23.0,mujer,A
STU-00894,Estadistica,4,6.7,11.7,78.7,44,1,8,1.8,91.8,84.7,1,no,0.0,mujer,E
STU-00895,Estadistica,3,7.8,9.6,83.7,18,3,4,1.3,90.2,92.1,1,si,0.0,mujer,D
STU-00896,Ciencia de Datos,3,7.4,3.2,100.0,132,0,4,1.5,78.6,71.7,1,si,0.0,hombre,F
STU-00897,Economia,8,8.0,7.2,81.9,46,1,4,2.5,93.1,79.9,1,si,10.2,hombre,E
STU-00898,Economia,1,7.5,3.5,76.8,84,0,6,5.5,91.6,64.2,0,no,18.1,hombre,A
STU-00899,Estadistica,6,7.0,4.3,84.4,109,2,6,1.8,84.4,68.7,0,no,28.1,hombre,D
STU-00900,Estadistica,4,6.1,10.2,80.6,41,1,4,1.5,84.1,91.1,1,si,0.0,mujer,E
STU-00901,Actuaria,6,8.5,6.2,82.8,19,1,3,4.4,80.2,86.3,1,no,0.0,mujer,C
STU-00902,Actuaria,9,6.3,7.7,66.8,28,2,9,2.3,82.2,74.2,1,no,19.9,hombre,C
STU-00903,Estadistica,1,6.9,1.2,73.7,41,1,4,0.8,77.8,71.5,1,no,0.0,mujer,D
STU-00904,Actuaria,9,7.7,4.3,86.0,100,2,5,2.7,77.7,77.6,1,no,0.0,no_binario,D
STU-00905,Estadistica,4,6.9,6.7,82.0,49,1,6,1.3,86.2,80.0,1,si,16.6,mujer,C
STU-00906,Economia,5,6.4,9.6,92.4,6,2,7,1.5,80.7,91.0,1,si,0.0,hombre,D
STU-00907,Actuaria,2,8.0,2.7,67.8,7,1,5,1.2,78.9,65.4,0,no,9.2,prefiere_no_decir,C
STU-00908,Actuaria,8,5.9,7.6,78.0,74,2,8,3.6,91.0,65.6,0,si,10.2,mujer,A
STU-00909,Economia,5,7.2,6.6,80.7,122,0,4,3.4,90.2,88.0,1,si,8.5,mujer,C
STU-00910,Estadistica,3,7.7,8.5,85.1,40,1,4,1.0,73.9,83.1,1,no,3.5,mujer,D
STU-00911,Economia,3,8.3,3.8,53.6,13,4,9,3.2,74.3,54.4,0,no,9.7,hombre,E
STU-00912,Estadistica,7,5.3,4.2,76.2,71,1,7,1.4,83.9,61.6,0,si,25.0,mujer,F
STU-00913,Estadistica,2,5.8,4.9,78.7,73,1,5,2.2,89.7,74.3,1,si,0.0,hombre,B
STU-00914,Actuaria,7,5.9,9.6,100.0,139,2,7,1.7,75.8,74.6,1,si,0.0,mujer,A
STU-00915,Economia,2,6.6,0.5,78.8,76,2,4,1.9,75.1,70.8,1,no,14.7,mujer,F
STU-00916,Actuaria,9,6.7,7.1,77.1,29,1,6,2.0,88.6,71.0,1,no,0.0,mujer,B
STU-00917,Economia,5,5.3,7.5,81.9,30,3,6,2.4,86.0,73.9,1,no,8.7,mujer,A
STU-00918,Actuaria,3,7.9,1.2,58.8,9,0,7,1.5,72.0,59.3,0,si,18.4,hombre,C
STU-00919,Ciencia de Datos,4,7.2,3.3,67.0,42,1,6,4.8,87.2,59.1,0,no,20.3,hombre,A
STU-00920,Matematicas,8,6.8,6.4,69.7,19,0,5,2.5,70.3,68.1,0,no,0.0,hombre,B
STU-00921,Actuaria,3,6.6,9.3,72.4,111,3,6,1.5,81.1,76.4,1,no,0.0,hombre,F
STU-00922,Estadistica,7,7.1,9.9,78.6,33,1,6,1.7,95.6,92.3,1,no,16.8,hombre,B
STU-00923,Estadistica,9,8.4,9.2,69.1,15,2,6,6.5,96.6,80.3,1,si,0.0,mujer,E
STU-00924,Ciencia de Datos,1,7.1,0.5,76.4,180,4,3,5.2,64.8,56.3,0,si,25.3,hombre,E
STU-00925,Economia,1,6.2,3.0,63.3,43,1,6,0.5,77.5,63.6,0,si,18.1,mujer,D
STU-00926,Economia,5,6.1,8.2,84.9,86,3,6,2.7,97.3,86.3,1,si,14.4,mujer,F
STU-00927,Actuaria,8,6.8,4.3,96.0,82,2,4,2.7,69.6,76.3,1,no,0.0,mujer,C
STU-00928,Estadistica,7,6.6,8.2,92.5,67,0,7,1.6,93.9,83.9,1,si,0.0,mujer,B
STU-00929,Actuaria,9,7.9,6.7,92.1,151,0,4,4.2,75.7,66.3,0,no,0.0,mujer,B
STU-00930,Estadistica,4,5.4,3.8,87.8,77,2,4,2.3,67.5,58.6,0,si,20.9,mujer,A
STU-00931,Economia,6,7.2,7.0,97.5,127,1,6,2.2,57.9,74.4,1,no,0.0,mujer,A
STU-00932,Actuaria,7,4.3,3.1,55.1,40,4,10,9.0,98.9,35.0,0,no,32.0,no_binario,A
STU-00933,Economia,3,6.5,2.7,57.8,1,2,6,3.4,72.1,50.3,0,no,15.4,hombre,D
STU-00934,Ciencia de Datos,8,7.0,7.5,63.2,38,3,8,1.6,88.4,83.2,1,no,0.0,hombre,E
STU-00935,Ciencia de Datos,8,6.7,12.6,86.6,44,1,6,4.2,88.3,94.9,1,no,0.0,hombre,F
STU-00936,Economia,9,7.3,2.2,73.7,0,2,7,4.2,67.3,41.7,0,no,0.0,hombre,B
STU-00937,Estadistica,4,5.9,8.0,69.8,48,2,6,3.0,87.9,71.1,1,si,0.0,hombre,D
STU-00938,Economia,2,8.2,4.3,58.8,31,1,2,0.2,68.5,55.6,0,si,0.0,hombre,C
STU-00939,Estadistica,1,7.0,1.6,77.1,29,1,5,0.1,77.4,72.1,1,no,0.0,mujer,D
STU-00940,Ciencia de Datos,5,6.5,6.1,78.5,23,1,5,0.8,80.0,76.6,1,si,0.0,hombre,D
STU-00941,Economia,6,7.7,4.4,66.7,27,2,6,2.9,85.9,63.7,0,no,18.3,mujer,F
STU-00942,Ciencia de Datos,3,5.4,11.5,83.3,65,1,6,2.4,95.3,85.7,1,no,0.0,mujer,C
STU-00943,Matematicas,5,5.6,6.7,68.9,51,4,10,2.6,88.6,41.9,0,no,28.1,hombre,D
STU-00944,Matematicas,8,6.2,5.7,63.8,14,5,7,1.8,65.5,51.9,0,no,4.5,mujer,D
STU-00945,Economia,4,8.1,6.8,80.7,18,1,5,3.3,85.2,67.7,0,no,0.0,mujer,B
STU-00946,Estadistica,8,5.3,9.9,81.7,94,2,9,3.5,70.9,50.9,0,si,26.8,mujer,D
STU-00947,Ciencia de Datos,5,4.8,8.1,64.0,48,1,8,3.5,81.4,51.8,0,no,9.4,hombre,B
STU-00948,Estadistica,1,6.3,4.0,77.3,72,1,6,2.5,68.7,52.0,0,no,22.9,mujer,B
STU-00949,Actuaria,9,5.7,6.8,92.1,111,1,6,0.2,93.1,73.1,1,no,0.0,mujer,F
STU-00950,Actuaria,6,8.0,7.3,64.5,57,3,6,1.9,97.8,87.2,1,no,0.0,hombre,C
STU-00951,Estadistica,8,8.3,9.6,73.2,23,0,9,5.3,100.0,81.2,1,no,0.0,hombre,E
STU-00952,Estadistica,1,7.0,3.7,47.5,77,7,7,3.0,88.6,61.6,0,si,19.1,hombre,D
STU-00953,Ciencia de Datos,7,7.0,6.8,71.7,37,0,6,0.6,74.4,56.1,0,no,16.6,hombre,A
STU-00954,Estadistica,5,7.0,4.8,73.1,7,1,7,3.2,86.8,83.6,1,no,16.0,hombre,F
STU-00955,Economia,9,4.4,6.9,76.8,42,3,8,3.5,80.2,54.5,0,si,19.5,mujer,B
STU-00956,Actuaria,8,6.7,2.0,56.0,32,1,8,2.5,77.9,53.0,0,no,28.6,mujer,B
STU-00957,Estadistica,5,6.5,7.2,85.4,78,1,6,1.7,91.1,90.7,1,si,18.6,hombre,E
STU-00958,Ciencia de Datos,8,8.2,9.8,100.0,115,0,5,3.0,92.7,99.4,1,no,10.5,mujer,E
STU-00959,Ciencia de Datos,6,6.4,6.7,86.2,41,0,7,2.9,89.4,78.9,1,no,19.0,mujer,D
STU-00960,Economia,7,8.5,7.4,83.4,53,1,7,8.2,78.7,74.3,1,no,0.0,mujer,D
STU-00961,Ciencia de Datos,8,5.6,4.2,54.1,32,5,7,1.5,82.3,52.3,0,no,28.2,hombre,B
STU-00962,Actuaria,1,8.5,2.3,78.1,56,0,3,1.1,84.5,65.9,0,no,0.0,hombre,E
STU-00963,Matematicas,3,8.2,8.4,76.8,25,1,8,9.0,80.8,66.7,0,no,0.0,hombre,A
STU-00964,Economia,2,6.2,4.4,74.2,9,2,7,6.5,80.9,59.4,0,no,0.0,hombre,C
STU-00965,Matematicas,6,6.1,3.7,78.9,79,1,6,0.4,80.1,63.9,0,si,22.1,mujer,B
STU-00966,Estadistica,5,7.3,5.6,84.0,107,2,6,4.4,100.0,86.1,1,si,21.9,no_binario,E
STU-00967,Economia,5,7.0,6.4,65.1,40,2,5,1.7,86.8,68.0,0,no,0.0,hombre,F
STU-00968,Ciencia de Datos,6,6.3,5.9,76.2,93,2,4,0.3,73.7,70.4,1,no,0.0,mujer,E
STU-00969,Ciencia de Datos,5,7.7,5.5,83.9,90,1,6,2.8,74.3,66.4,0,no,19.7,mujer,E
STU-00970,Matematicas,9,6.9,9.2,60.7,29,1,9,2.2,85.7,65.5,0,no,18.5,mujer,F
STU-00971,Ciencia de Datos,6,7.3,7.1,72.1,61,2,3,0.3,86.0,74.7,1,si,0.0,mujer,A
STU-00972,Estadistica,9,5.0,4.0,68.1,0,4,8,2.3,89.3,51.8,0,no,16.7,hombre,B
STU-00973,Ciencia de Datos,9,6.2,7.3,69.6,45,1,8,3.9,77.0,60.4,0,no,29.5,hombre,B
STU-00974,Estadistica,1,6.6,4.6,66.8,16,3,6,2.2,93.6,75.9,1,si,9.5,mujer,D
STU-00975,Matematicas,9,8.8,6.8,66.7,82,1,6,1.6,77.3,61.2,0,si,9.5,prefiere_no_decir,C
STU-00976,Estadistica,4,9.0,10.2,100.0,175,0,3,1.8,99.4,100.0,1,no,0.0,hombre,D
STU-00977,Estadistica,6,5.7,4.6,77.4,86,2,6,5.9,95.1,66.4,0,si,10.8,hombre,D
STU-00978,Estadistica,8,6.3,8.8,72.4,22,1,8,4.5,79.5,68.2,0,no,19.2,mujer,E
STU-00979,Ciencia de Datos,5,7.8,6.9,79.9,5,2,4,4.9,60.0,61.9,0,si,0.0,hombre,C
STU-00980,Matematicas,6,7.0,10.2,90.7,85,2,8,3.3,78.3,76.6,1,si,0.0,hombre,C
STU-00981,Matematicas,2,7.5,2.7,47.8,33,2,8,4.7,83.9,51.7,0,no,0.0,hombre,D
STU-00982,Economia,2,7.3,3.5,71.4,39,2,5,3.1,64.9,57.9,0,no,0.0,mujer,C
STU-00983,Matematicas,5,6.8,9.7,71.4,35,2,5,1.2,73.5,83.1,1,no,0.0,mujer,E
STU-00984,Matematicas,9,8.8,11.6,99.2,134,0,6,2.1,65.8,74.0,1,si,0.0,mujer,C
STU-00985,Economia,9,6.1,11.8,95.9,116,2,5,2.8,86.2,89.2,1,no,0.0,hombre,A
STU-00986,Ciencia de Datos,2,7.7,4.8,84.9,74,2,6,2.8,81.7,77.3,1,si,0.0,mujer,D
STU-00987,Estadistica,3,7.0,10.4,95.7,67,0,4,3.0,87.8,94.6,1,si,0.0,hombre,C
STU-00988,Estadistica,7,5.5,6.8,95.5,61,1,6,4.0,91.4,63.6,0,no,0.0,mujer,F
STU-00989,Ciencia de Datos,5,7.1,7.5,83.1,101,3,4,2.5,81.6,76.9,1,no,0.0,hombre,D
STU-00990,Estadistica,8,7.3,8.9,83.5,68,0,8,3.2,100.0,92.6,1,no,0.0,hombre,F
STU-00991,Estadistica,8,6.7,7.1,75.3,51,4,6,2.0,94.1,75.3,1,no,24.2,mujer,D
STU-00992,Actuaria,2,7.8,5.8,77.8,62,0,6,1.4,85.1,78.5,1,no,0.0,mujer,D
STU-00993,Matematicas,1,6.4,3.3,94.2,107,0,5,1.9,80.1,60.0,0,no,0.0,hombre,F
STU-00994,Ciencia de Datos,4,7.6,6.3,76.9,19,0,4,1.5,69.9,67.2,0,si,0.0,hombre,A
STU-00995,Ciencia de Datos,2,7.5,8.0,72.2,46,0,5,3.4,85.2,87.8,1,no,16.1,hombre,A
STU-00996,Economia,8,8.9,7.1,96.0,102,0,6,1.9,72.1,70.4,1,si,0.0,hombre,E
STU-00997,Estadistica,3,7.4,7.9,82.9,37,2,3,3.3,91.1,86.4,1,si,18.1,mujer,C
STU-00998,Estadistica,4,6.6,4.7,70.8,84,6,7,2.1,97.5,80.1,1,si,22.8,prefiere_no_decir,B
STU-00999,Estadistica,2,7.3,8.7,100.0,106,0,4,3.6,85.0,90.0,1,si,0.0,hombre,A
STU-01000,Estadistica,2,7.3,11.8,99.2,96,0,3,1.0,87.9,85.1,1,si,14.3,no_binario,F
STU-01001,Matematicas,4,6.6,12.8,86.5,36,3,7,0.8,100.0,98.2,1,si,27.3,hombre,E
STU-01002,Economia,5,6.5,6.7,90.2,86,1,5,2.2,89.1,83.3,1,si,0.0,mujer,F
STU-01003,Estadistica,1,7.8,8.6,86.0,51,0,6,1.7,85.0,78.0,1,si,0.0,hombre,C
STU-01004,Actuaria,1,8.8,6.7,85.9,44,0,6,4.4,86.3,79.2,1,no,8.5,mujer,E
STU-01005,Estadistica,6,7.1,10.0,95.7,52,3,8,2.7,82.1,77.0,1,no,0.0,hombre,E
STU-01006,Estadistica,8,6.6,5.0,43.2,5,4,9,1.3,76.1,45.2,0,no,28.8,hombre,A
STU-01007,Ciencia de Datos,5,7.4,8.8,85.7,71,1,5,1.3,78.2,74.7,1,no,0.0,mujer,E
STU-01008,Economia,7,5.5,10.3,81.2,7,0,9,5.1,65.0,57.4,0,si,17.3,mujer,D
STU-01009,Economia,2,8.5,6.9,76.3,85,0,4,1.1,76.0,73.4,1,no,0.0,hombre,F
STU-01010,Estadistica,7,5.8,6.8,70.4,66,1,6,5.3,94.8,81.8,1,no,21.5,hombre,C
STU-01011,Estadistica,7,6.7,9.9,76.4,56,4,8,3.9,89.5,81.5,1,no,0.0,hombre,B
STU-01012,Economia,2,7.2,2.4,76.4,8,0,6,1.5,69.4,54.6,0,no,19.7,hombre,B
STU-01013,Matematicas,6,7.5,6.3,83.6,77,1,7,2.7,81.1,60.2,0,no,0.0,mujer,A
STU-01014,Matematicas,4,8.7,11.9,89.8,77,1,3,1.9,76.8,88.5,1,si,0.0,hombre,C
STU-01015,Matematicas,7,8.1,6.3,76.9,89,1,6,1.9,86.4,80.3,1,no,0.0,prefiere_no_decir,D
STU-01016,Estadistica,6,7.4,2.9,75.5,111,3,6,2.0,75.5,72.9,1,si,15.7,mujer,A
STU-01017,Matematicas,7,6.5,6.0,83.5,105,0,3,0.1,70.4,81.4,1,no,0.0,hombre,F
STU-01018,Actuaria,9,7.1,13.1,79.3,28,0,7,1.6,88.1,82.1,1,no,13.8,hombre,D
STU-01019,Economia,9,7.4,7.7,90.3,40,0,8,2.2,93.4,79.9,1,no,0.0,hombre,A
STU-01020,Economia,9,6.9,7.6,91.5,55,1,5,0.9,85.1,88.7,1,si,0.0,prefiere_no_decir,E
STU-01021,Economia,6,7.1,7.8,100.0,146,2,3,1.5,91.0,96.9,1,no,13.1,hombre,C
STU-01022,Estadistica,6,6.9,7.6,59.3,0,1,8,3.2,84.3,68.1,0,si,0.0,mujer,B
STU-01023,Actuaria,8,6.3,11.0,83.3,84,3,6,1.0,91.2,88.4,1,si,0.0,hombre,E
STU-01024,Ciencia de Datos,9,7.9,8.3,83.1,19,3,7,8.8,84.3,86.0,1,si,0.0,mujer,D
STU-01025,Actuaria,6,8.1,8.1,59.5,43,1,5,1.8,85.4,82.2,1,no,10.1,mujer,E
STU-01026,Economia,4,7.3,5.8,82.4,22,0,4,3.3,83.0,82.6,1,si,0.0,hombre,C
STU-01027,Matematicas,6,7.2,8.8,76.5,18,3,10,6.0,84.4,68.4,0,no,33.6,mujer,E
STU-01028,Ciencia de Datos,1,5.3,6.5,61.0,60,4,8,2.6,64.0,35.0,0,no,24.5,hombre,E
STU-01029,Matematicas,6,8.0,5.1,75.4,26,1,5,0.3,83.4,65.4,0,no,0.0,mujer,B
STU-01030,Estadistica,5,7.1,3.3,72.6,41,1,6,2.1,76.4,52.5,0,no,8.8,mujer,E
STU-01031,Ciencia de Datos,9,4.6,7.5,69.7,72,1,10,3.5,86.9,48.6,0,no,26.5,mujer,D
STU-01032,Matematicas,3,5.6,3.9,77.1,43,3,5,2.4,85.8,64.0,0,no,15.6,mujer,E
STU-01033,Matematicas,6,7.8,8.0,95.7,104,0,5,3.1,84.5,89.7,1,no,0.0,hombre,C
STU-01034,Matematicas,3,8.4,9.6,75.5,5,0,4,1.7,84.3,77.4,1,no,0.0,hombre,A
STU-01035,Economia,7,6.9,6.7,92.9,0,2,7,1.6,79.6,69.3,0,no,8.9,mujer,A
STU-01036,Estadistica,3,7.4,6.0,59.4,0,0,4,2.0,80.5,76.5,1,no,0.0,hombre,D
STU-01037,Economia,8,7.7,4.3,77.0,105,4,9,3.9,76.2,52.0,0,si,0.0,mujer,D
STU-01038,Ciencia de Datos,6,6.5,7.4,78.3,8,2,7,1.2,90.8,71.7,1,si,24.7,no_binario,B
STU-01039,Estadistica,8,6.4,6.2,79.9,0,1,5,3.8,82.0,72.6,1,no,0.0,hombre,A
STU-01040,Actuaria,7,7.1,7.6,80.2,31,1,7,1.5,72.6,69.7,0,si,0.0,mujer,B
STU-01041,Actuaria,8,7.2,10.3,69.6,51,1,9,2.0,89.3,77.9,1,no,0.0,mujer,F
STU-01042,Estadistica,8,8.1,10.7,78.7,20,1,7,1.0,83.1,89.8,1,no,0.0,mujer,A
STU-01043,Estadistica,4,7.1,2.3,76.2,18,0,7,0.6,81.3,56.8,0,no,32.6,hombre,B
STU-01044,Actuaria,1,7.9,1.7,70.5,25,1,4,2.9,82.1,69.3,0,si,0.0,mujer,C
STU-01045,Estadistica,6,6.1,10.5,86.5,55,0,8,0.1,70.0,63.4,0,no,0.0,prefiere_no_decir,B
STU-01046,Ciencia de Datos,5,7.4,5.9,63.7,82,1,4,3.7,90.0,84.5,1,si,0.0,no_binario,E
STU-01047,Estadistica,7,7.5,6.0,51.7,13,1,6,1.2,90.1,72.1,1,no,19.2,mujer,D
STU-01048,Actuaria,6,6.7,7.7,77.5,55,1,6,2.1,90.0,83.9,1,si,13.9,hombre,A
STU-01049,Matematicas,2,7.9,7.0,81.9,13,1,5,3.2,74.6,77.5,1,si,0.0,hombre,D
STU-01050,Estadistica,3,8.6,5.2,66.8,118,1,7,1.0,85.8,85.6,1,si,11.2,hombre,A
STU-01051,Estadistica,3,6.3,7.6,82.7,37,0,4,1.0,73.6,77.5,1,no,0.0,mujer,E
STU-01052,Economia,7,6.3,5.4,65.1,52,1,6,0.5,70.4,54.6,0,si,17.4,mujer,E
STU-01053,Estadistica,3,7.6,2.6,86.4,22,2,6,2.3,86.7,61.0,0,no,22.6,mujer,E
STU-01054,Ciencia de Datos,8,6.3,8.1,71.0,20,2,7,0.5,80.6,67.0,0,si,23.9,mujer,A
STU-01055,Actuaria,3,5.9,7.5,86.1,48,0,4,3.7,70.7,63.4,0,no,0.0,mujer,C
STU-01056,Economia,1,4.5,7.8,83.1,60,3,5,1.6,74.0,61.7,0,si,9.6,mujer,F
STU-01057,Ciencia de Datos,1,8.3,5.0,79.7,17,1,4,0.1,70.3,69.4,0,si,8.2,hombre,C
STU-01058,Estadistica,2,7.8,2.2,86.4,92,2,4,3.4,71.6,59.9,0,si,0.0,mujer,E
STU-01059,Estadistica,8,7.4,4.3,100.0,198,0,3,3.4,73.0,82.2,1,no,0.0,no_binario,B
STU-01060,Estadistica,5,5.7,4.1,68.9,36,4,7,0.3,81.3,56.5,0,no,22.3,mujer,A
STU-01061,Estadistica,5,8.0,7.6,93.7,27,2,8,3.2,89.4,76.5,1,no,0.0,mujer,B
STU-01062,Economia,8,6.8,6.7,62.9,41,2,10,1.1,89.8,52.0,0,no,28.3,mujer,C
STU-01063,Estadistica,4,5.8,5.0,75.1,99,1,8,0.4,82.6,68.0,0,no,21.2,hombre,C
STU-01064,Ciencia de Datos,1,7.5,4.5,97.9,71,2,4,0.8,80.0,73.8,1,si,0.0,mujer,A
STU-01065,Estadistica,7,5.8,9.2,88.5,104,2,6,4.0,89.7,82.3,1,si,0.0,mujer,F
STU-01066,Estadistica,4,6.0,7.5,75.3,77,4,7,6.2,89.4,86.0,1,si,0.0,mujer,E
STU-01067,Actuaria,3,7.8,4.6,73.9,46,1,6,0.1,75.2,73.9,1,no,0.0,hombre,A
STU-01068,Ciencia de Datos,5,7.7,6.0,91.3,137,0,5,1.4,78.8,82.1,1,no,0.0,hombre,D
STU-01069,Matematicas,9,6.5,7.5,78.7,20,1,7,2.6,89.0,87.0,1,no,10.8,mujer,A
STU-01070,Estadistica,6,9.0,9.4,100.0,77,2,6,5.7,98.0,84.9,1,no,0.0,hombre,D
STU-01071,Ciencia de Datos,1,6.8,8.5,77.3,9,2,5,2.0,65.8,87.5,1,no,0.0,mujer,F
STU-01072,Estadistica,5,6.4,8.1,78.1,31,1,8,1.8,92.6,72.3,1,no,19.1,mujer,C
STU-01073,Matematicas,7,8.6,5.7,66.1,108,1,5,1.9,84.8,73.1,1,no,8.4,hombre,F
STU-01074,Actuaria,3,7.1,5.3,70.7,66,4,6,1.3,84.4,64.7,0,no,0.0,mujer,F
STU-01075,Ciencia de Datos,6,8.1,9.6,64.7,23,0,2,1.9,93.4,77.0,1,si,0.0,mujer,E
STU-01076,Matematicas,3,7.4,7.4,78.7,25,0,8,0.9,78.5,65.2,0,si,22.5,mujer,D
STU-01077,Actuaria,8,8.2,14.6,100.0,122,0,5,0.5,93.4,98.1,1,no,0.0,hombre,D
STU-01078,Economia,8,6.0,2.2,53.2,31,5,9,2.3,100.0,51.1,0,si,32.4,prefiere_no_decir,C
STU-01079,Matematicas,5,8.4,6.0,91.1,105,0,6,5.9,68.7,80.7,1,si,0.0,mujer,F
STU-01080,Actuaria,8,7.0,8.3,94.5,136,1,3,1.7,82.9,95.2,1,no,11.9,hombre,E
STU-01081,Estadistica,2,8.1,10.7,100.0,167,0,3,1.1,87.4,98.0,1,no,0.0,hombre,E
STU-01082,Actuaria,8,6.7,11.1,81.0,32,2,6,3.2,71.4,77.7,1,no,16.4,mujer,F
STU-01083,Actuaria,1,8.6,1.9,75.1,80,0,2,2.3,67.2,54.1,0,no,0.0,hombre,A
STU-01084,Economia,6,7.2,5.8,61.7,27,0,5,5.4,77.3,62.6,0,no,0.0,prefiere_no_decir,A
STU-01085,Actuaria,5,7.0,8.2,97.0,84,3,4,0.9,98.2,96.7,1,si,0.0,hombre,A
STU-01086,Economia,3,7.4,6.9,98.6,109,0,5,2.4,71.4,73.7,1,no,19.8,mujer,C
STU-01087,Matematicas,5,7.4,8.4,67.1,4,1,5,1.5,77.5,77.6,1,no,0.0,hombre,A
STU-01088,Actuaria,5,8.0,5.9,84.2,121,1,5,0.1,72.5,74.7,1,no,0.0,mujer,B
STU-01089,Matematicas,5,6.2,8.3,57.0,49,4,7,0.5,95.5,78.1,1,no,22.0,hombre,D
STU-01090,Estadistica,4,7.0,4.9,74.3,46,2,7,4.0,81.8,76.0,1,si,0.0,hombre,C
STU-01091,Estadistica,5,6.1,8.3,70.4,56,2,5,0.3,74.7,61.2,0,no,9.2,prefiere_no_decir,A
STU-01092,Actuaria,4,9.0,4.2,86.8,53,1,3,1.3,85.2,75.0,1,si,0.0,prefiere_no_decir,D
STU-01093,Estadistica,2,7.9,6.9,77.9,58,0,4,2.7,73.6,72.5,1,no,0.0,mujer,F
STU-01094,Ciencia de Datos,8,6.1,1.5,58.7,29,3,9,4.8,98.4,61.8,0,no,27.4,hombre,E
STU-01095,Economia,5,6.7,7.3,75.8,84,3,6,1.7,92.1,79.6,1,no,19.5,mujer,E
STU-01096,Actuaria,3,8.4,5.9,71.0,86,1,3,3.6,81.6,80.1,1,si,0.0,hombre,E
STU-01097,Actuaria,2,6.8,7.2,79.2,10,2,5,2.8,75.9,75.8,1,si,14.4,hombre,C
STU-01098,Estadistica,1,7.4,8.8,89.8,24,0,2,1.0,88.7,86.2,1,no,0.0,mujer,C
STU-01099,Ciencia de Datos,6,6.3,13.3,80.2,14,1,6,2.2,69.6,80.2,1,no,0.0,mujer,A
STU-01100,Economia,8,7.3,4.9,69.8,120,0,7,0.7,83.9,72.8,1,no,15.0,mujer,D
STU-01101,Estadistica,4,6.7,4.2,66.3,22,0,7,4.5,83.0,74.5,1,si,0.0,mujer,E
STU-01102,Estadistica,7,5.2,2.8,62.5,24,3,9,1.2,88.6,59.9,0,no,28.8,mujer,F
STU-01103,Actuaria,6,6.1,6.3,56.3,34,2,7,0.2,73.0,58.1,0,si,6.4,prefiere_no_decir,B
STU-01104,Actuaria,2,7.9,3.6,66.8,42,1,5,5.9,64.6,68.2,0,no,0.0,mujer,F
STU-01105,Estadistica,7,5.9,0.7,63.4,41,3,6,0.9,75.9,64.1,0,no,0.0,mujer,B
STU-01106,Matematicas,4,6.3,7.6,86.5,26,1,6,2.4,75.9,74.2,1,si,0.0,mujer,D
STU-01107,Estadistica,3,6.2,4.7,66.8,23,3,7,1.7,78.0,68.7,0,si,13.8,mujer,F
STU-01108,Estadistica,2,7.0,6.4,97.0,115,0,4,0.9,84.5,89.0,1,no,0.0,mujer,C
STU-01109,Matematicas,9,8.9,8.5,84.8,72,4,7,0.5,91.4,67.7,0,si,9.1,mujer,A
STU-01110,Estadistica,2,7.5,7.9,85.9,115,1,3,1.2,89.2,82.9,1,no,0.0,hombre,B
STU-01111,Economia,3,5.3,5.3,73.9,57,4,6,1.4,79.3,54.4,0,si,10.0,hombre,F
STU-01112,Matematicas,1,7.0,4.8,69.3,17,0,5,3.2,73.9,73.7,1,no,12.9,prefiere_no_decir,D
STU-01113,Matematicas,6,7.3,10.2,76.6,46,2,5,6.2,93.2,83.6,1,no,0.0,hombre,D
STU-01114,Estadistica,8,4.8,9.2,85.9,78,4,6,0.1,85.4,71.5,1,no,21.7,hombre,B
STU-01115,Estadistica,4,6.6,4.4,70.4,51,2,6,1.1,73.2,52.9,0,si,13.9,hombre,A
STU-01116,Economia,1,8.4,5.0,69.0,50,0,6,0.7,66.7,54.0,0,si,20.5,hombre,E
STU-01117,Estadistica,1,8.5,5.2,100.0,137,1,5,4.6,66.5,77.1,1,no,0.0,mujer,E
STU-01118,Matematicas,2,7.7,2.8,64.5,37,0,5,3.3,81.4,64.7,0,si,0.0,hombre,A
STU-01119,Actuaria,8,5.8,6.0,73.4,41,1,7,2.4,67.3,57.2,0,si,0.0,mujer,F
STU-01120,Matematicas,4,7.9,8.5,93.4,56,0,5,1.8,82.2,80.4,1,no,0.0,hombre,B
STU-01121,Actuaria,8,6.8,10.2,100.0,171,2,6,1.2,86.0,85.5,1,si,19.7,mujer,B
STU-01122,Estadistica,8,7.4,7.0,100.0,65,1,6,1.4,82.4,78.2,1,no,0.0,hombre,E
STU-01123,Estadistica,3,7.8,3.9,75.9,37,0,5,5.3,83.8,58.5,0,no,0.0,hombre,F
STU-01124,Actuaria,8,8.4,8.4,76.6,102,1,6,2.3,84.5,79.8,1,no,0.0,hombre,F
STU-01125,Actuaria,9,5.2,12.5,86.1,28,2,6,1.6,77.4,79.3,1,si,4.1,mujer,F
STU-01126,Estadistica,3,8.0,7.2,82.9,27,1,5,0.7,94.2,86.4,1,si,0.0,mujer,C
STU-01127,Estadistica,1,9.5,8.8,100.0,79,0,3,2.4,90.8,82.3,1,si,0.0,mujer,F
STU-01128,Economia,1,6.8,4.7,74.3,61,2,5,1.2,81.8,66.7,0,no,19.3,hombre,D
STU-01129,Economia,5,6.0,4.7,73.0,4,4,7,2.9,89.6,65.3,0,no,13.4,mujer,E
STU-01130,Ciencia de Datos,2,6.9,7.6,81.1,33,3,5,2.2,78.2,74.6,1,no,0.0,mujer,F
STU-01131,Economia,7,7.5,5.1,85.5,81,1,7,1.7,91.2,69.1,0,si,0.0,mujer,F
STU-01132,Estadistica,6,8.4,8.2,76.9,119,2,6,5.1,77.2,80.9,1,no,0.0,hombre,C
STU-01133,Estadistica,1,8.1,9.9,89.4,41,1,5,0.9,68.7,68.9,0,no,0.0,hombre,E
STU-01134,Estadistica,4,6.7,7.9,85.3,21,1,6,2.3,83.0,72.4,1,no,0.0,hombre,C
STU-01135,Ciencia de Datos,3,6.8,5.3,69.8,44,5,8,5.2,69.4,57.5,0,no,17.6,mujer,F
STU-01136,Ciencia de Datos,5,7.3,8.3,80.0,70,2,6,4.3,86.8,69.5,0,no,14.6,hombre,F
STU-01137,Actuaria,2,5.2,7.6,65.1,69,0,4,1.6,85.6,64.4,0,no,6.3,hombre,A
STU-01138,Estadistica,8,5.8,9.7,75.5,68,2,6,2.1,96.1,87.7,1,no,0.0,hombre,C
STU-01139,Matematicas,1,8.1,5.3,74.9,58,3,7,1.9,77.5,58.8,0,si,17.4,hombre,A
STU-01140,Estadistica,1,6.7,2.9,74.2,26,2,4,5.7,70.1,59.9,0,no,0.0,mujer,D
STU-01141,Estadistica,9,6.9,8.4,67.7,40,2,7,6.3,92.8,79.2,1,no,6.8,hombre,F
STU-01142,Economia,1,8.4,6.5,75.2,71,0,5,0.9,63.4,52.5,0,si,0.0,hombre,A
STU-01143,Ciencia de Datos,8,6.1,8.7,78.5,28,1,5,0.1,88.5,87.2,1,no,12.9,mujer,E
STU-01144,Estadistica,4,8.2,7.8,98.0,64,2,6,5.7,75.1,85.2,1,no,0.0,hombre,E
STU-01145,Economia,7,5.3,2.0,70.0,43,3,8,2.6,82.1,47.2,0,no,35.6,hombre,D
STU-01146,Estadistica,5,7.1,5.4,63.5,8,2,7,0.6,74.8,69.5,0,si,0.0,hombre,B
STU-01147,Economia,5,6.2,3.9,73.3,96,1,7,9.0,87.2,70.7,1,no,0.0,hombre,C
STU-01148,Economia,5,6.2,8.1,87.8,47,6,7,5.0,96.7,81.8,1,si,0.0,mujer,E
STU-01149,Matematicas,3,6.9,4.1,83.9,129,1,5,2.9,82.2,72.5,1,no,7.8,mujer,D
STU-01150,Estadistica,7,8.6,6.4,77.2,37,1,6,5.8,89.2,82.4,1,no,0.0,mujer,C
STU-01151,Actuaria,1,7.2,1.8,73.3,33,3,6,0.1,79.9,61.0,0,no,12.4,hombre,E
STU-01152,Matematicas,5,5.7,5.9,67.8,66,2,4,1.4,88.1,61.9,0,no,0.0,hombre,B
STU-01153,Estadistica,4,7.0,10.1,74.5,36,3,5,0.1,84.5,79.4,1,si,0.0,mujer,F
STU-01154,Economia,1,5.3,3.3,57.3,30,2,8,1.3,76.9,41.8,0,si,23.7,hombre,A
STU-01155,Actuaria,3,6.3,7.1,58.1,0,1,8,8.4,97.6,72.4,1,si,0.0,mujer,D
STU-01156,Estadistica,1,7.9,5.0,79.7,70,3,5,5.8,73.4,74.0,1,no,0.0,mujer,E
STU-01157,Estadistica,8,6.2,8.7,67.4,26,3,6,2.6,80.5,81.2,1,si,0.0,mujer,F
STU-01158,Ciencia de Datos,9,7.6,9.2,88.5,111,3,8,0.9,95.1,89.0,1,si,0.0,mujer,A
STU-01159,Estadistica,6,6.2,2.6,71.8,14,2,6,0.3,70.1,63.0,0,no,14.0,mujer,F
STU-01160,Actuaria,7,6.1,7.2,78.1,0,1,8,9.0,79.0,71.2,1,si,5.2,hombre,D
STU-01161,Actuaria,7,8.1,6.3,79.0,36,0,3,0.1,83.7,89.0,1,no,0.0,hombre,E
STU-01162,Estadistica,6,6.1,9.3,79.8,19,2,7,2.5,85.5,77.7,1,no,0.0,hombre,C
STU-01163,Matematicas,2,7.3,0.5,81.0,92,0,3,2.3,69.3,63.3,0,no,0.0,mujer,C
STU-01164,Matematicas,1,7.6,11.1,87.8,52,0,3,1.6,77.2,84.3,1,no,10.8,hombre,E
STU-01165,Ciencia de Datos,1,6.8,0.5,50.2,32,1,7,2.3,79.6,58.2,0,no,15.3,mujer,F
STU-01166,Ciencia de Datos,2,7.0,5.4,73.2,39,2,6,3.0,91.8,74.3,1,no,13.9,no_binario,A
STU-01167,Matematicas,3,6.9,7.5,59.3,25,2,6,5.2,90.8,78.1,1,no,19.8,hombre,D
STU-01168,Ciencia de Datos,8,6.9,7.9,89.1,148,1,6,0.7,79.3,69.9,0,no,0.0,mujer,C
STU-01169,Actuaria,1,8.3,3.9,74.0,37,1,6,2.8,77.3,70.2,1,si,0.0,mujer,F
STU-01170,Ciencia de Datos,7,6.8,9.6,76.3,31,4,8,3.4,78.0,73.5,1,si,27.4,hombre,D
STU-01171,Estadistica,7,7.5,11.1,84.8,68,1,7,1.3,88.1,85.6,1,no,0.0,hombre,D
STU-01172,Matematicas,6,6.5,8.4,88.7,129,1,4,4.9,80.7,83.8,1,si,0.0,hombre,A
STU-01173,Estadistica,6,6.9,13.7,98.3,74,2,6,1.2,93.3,94.6,1,no,0.0,no_binario,A
STU-01174,Ciencia de Datos,2,6.2,6.0,78.1,21,2,6,0.6,87.1,78.6,1,si,0.0,mujer,F
STU-01175,Estadistica,4,7.0,1.5,73.7,101,0,5,7.3,84.1,66.1,0,no,18.1,hombre,C
STU-01176,Ciencia de Datos,9,6.3,8.8,70.1,55,0,7,2.2,100.0,79.5,1,si,9.3,hombre,A
STU-01177,Actuaria,6,6.5,5.7,71.3,22,2,9,8.6,83.4,58.6,0,no,27.6,hombre,D
STU-01178,Estadistica,4,7.8,4.5,85.8,176,1,6,3.3,91.4,71.1,1,si,23.0,mujer,D
STU-01179,Matematicas,3,8.8,6.9,97.3,38,1,4,3.1,82.5,70.0,1,no,0.0,mujer,D
STU-01180,Economia,9,5.7,8.7,79.3,40,2,6,1.9,86.7,80.9,1,si,0.0,prefiere_no_decir,D
STU-01181,Estadistica,2,8.3,9.5,89.3,154,2,5,1.4,80.9,90.1,1,si,16.9,hombre,F
STU-01182,Estadistica,5,6.3,1.9,63.1,44,3,6,0.9,86.8,69.7,0,no,20.3,mujer,D
STU-01183,Estadistica,7,6.4,11.8,78.3,2,1,8,1.7,73.4,65.0,0,no,0.0,mujer,A
STU-01184,Estadistica,3,7.4,10.1,76.6,31,1,4,1.8,83.9,88.8,1,no,0.0,mujer,D
STU-01185,Ciencia de Datos,7,5.8,3.3,66.8,81,0,5,8.9,88.0,59.0,0,no,20.8,mujer,F
STU-01186,Estadistica,1,5.5,4.7,63.2,49,2,7,2.5,88.4,65.4,0,si,24.4,mujer,E
STU-01187,Economia,8,7.2,13.3,75.7,58,2,6,0.7,91.4,77.9,1,no,16.4,hombre,B
STU-01188,Actuaria,2,7.6,6.3,77.7,88,2,6,1.0,93.2,75.4,1,si,18.6,mujer,C
STU-01189,Estadistica,6,6.2,4.8,72.5,36,3,6,2.1,86.2,68.2,0,si,24.9,prefiere_no_decir,E
STU-01190,Ciencia de Datos,3,6.8,8.1,74.8,26,2,7,1.2,72.3,67.3,0,si,0.0,mujer,F
STU-01191,Estadistica,4,6.8,8.9,84.6,22,0,7,2.6,74.9,68.6,0,si,0.0,hombre,E
STU-01192,Estadistica,5,6.5,10.2,92.9,81,3,7,3.3,88.8,85.1,1,no,12.7,hombre,E
STU-01193,Ciencia de Datos,6,8.5,8.5,91.0,135,0,5,3.2,75.2,78.0,1,si,20.9,mujer,F
STU-01194,Estadistica,8,8.1,7.0,81.8,2,1,3,0.3,91.9,84.7,1,no,16.1,mujer,B
STU-01195,Economia,3,6.8,5.5,87.4,96,0,5,8.0,69.8,60.1,0,si,13.1,hombre,D
STU-01196,Actuaria,2,7.5,3.8,96.2,74,4,3,0.5,78.1,60.5,0,si,22.6,prefiere_no_decir,B
STU-01197,Matematicas,1,7.2,4.3,60.7,83,4,6,0.6,86.3,58.6,0,no,0.0,mujer,B
STU-01198,Matematicas,6,7.3,10.4,83.0,22,2,7,1.8,67.2,81.3,1,no,0.0,hombre,F
STU-01199,Estadistica,9,6.5,10.6,71.1,16,2,7,2.2,65.3,68.6,0,no,0.0,no_binario,F
STU-01200,Actuaria,3,6.6,5.9,63.8,34,3,8,6.8,91.1,60.7,0,no,0.0,no_binario,C
STU-01201,Matematicas,5,5.6,4.4,56.2,36,2,8,2.4,91.2,59.5,0,si,28.6,mujer,B
STU-01202,Economia,5,7.7,5.9,88.5,87,1,5,1.9,73.8,57.9,0,si,0.0,mujer,A
STU-01203,Ciencia de Datos,8,7.3,12.8,88.8,71,1,9,4.7,93.1,95.4,1,no,0.0,mujer,F
STU-01204,Economia,9,7.4,8.9,87.3,74,2,5,0.5,96.6,93.3,1,si,0.0,hombre,C
STU-01205,Actuaria,7,6.6,3.6,66.6,24,2,10,1.0,80.6,47.7,0,si,22.9,mujer,B
STU-01206,Economia,7,8.0,10.8,100.0,120,0,3,2.7,74.9,86.5,1,si,0.0,hombre,A
STU-01207,Estadistica,8,8.0,11.1,93.0,56,3,5,0.8,88.2,94.1,1,no,0.0,no_binario,A
STU-01208,Economia,5,6.8,2.4,64.5,40,1,6,4.7,88.5,74.2,1,si,23.7,hombre,F
STU-01209,Ciencia de Datos,2,7.5,8.8,83.1,30,1,4,0.7,82.7,94.2,1,si,0.0,mujer,B
STU-01210,Actuaria,6,8.3,10.6,81.5,117,1,5,1.9,83.8,76.6,1,si,0.0,mujer,E
STU-01211,Actuaria,3,7.0,9.3,65.6,26,1,6,0.2,92.4,78.7,1,no,0.0,mujer,D
STU-01212,Estadistica,1,5.1,6.2,70.0,22,3,6,0.5,100.0,86.6,1,no,24.9,hombre,E
STU-01213,Actuaria,9,6.0,9.5,72.1,65,3,5,0.5,78.9,74.4,1,no,0.0,mujer,D
STU-01214,Economia,8,7.7,12.1,81.2,92,0,3,0.6,88.5,89.0,1,si,0.0,hombre,E
STU-01215,Actuaria,7,6.6,8.9,93.0,83,1,7,3.3,98.7,92.9,1,no,0.0,hombre,F
STU-01216,Ciencia de Datos,8,6.5,6.4,66.1,20,1,7,0.3,83.3,79.3,1,si,0.0,mujer,F
STU-01217,Estadistica,3,6.3,5.3,67.9,53,2,6,3.7,81.3,71.4,1,no,0.0,hombre,B
STU-01218,Economia,3,8.2,3.1,74.8,54,1,7,4.7,87.4,71.7,1,no,0.0,mujer,F
STU-01219,Estadistica,8,7.0,5.5,81.3,16,3,6,7.3,81.5,79.4,1,no,0.0,hombre,D
STU-01220,Matematicas,5,6.8,6.9,89.7,88,2,6,6.5,73.9,74.4,1,si,19.0,mujer,D
STU-01221,Estadistica,7,6.2,7.3,77.1,44,0,6,0.4,83.3,83.3,1,no,10.7,mujer,D
STU-01222,Estadistica,3,6.9,10.2,86.1,81,2,7,3.3,78.3,70.5,1,no,0.0,hombre,A
STU-01223,Ciencia de Datos,2,8.0,9.8,91.2,57,2,5,2.8,93.0,87.8,1,no,0.0,mujer,D
STU-01224,Ciencia de Datos,9,7.1,11.1,100.0,113,1,6,3.2,89.7,96.2,1,no,0.0,mujer,B
STU-01225,Matematicas,5,6.8,7.7,70.0,45,2,6,5.5,86.6,74.0,1,si,0.0,hombre,F
STU-01226,Actuaria,4,8.3,7.4,84.6,3,2,7,4.5,81.2,75.0,1,no,0.0,prefiere_no_decir,B
STU-01227,Actuaria,9,5.5,4.2,63.7,28,1,8,1.8,77.3,53.6,0,si,20.9,hombre,E
STU-01228,Economia,8,6.9,4.1,55.9,31,1,8,1.6,77.8,60.3,0,si,0.0,mujer,C
STU-01229,Actuaria,3,8.0,7.7,91.0,35,2,6,2.5,96.8,82.5,1,no,0.0,prefiere_no_decir,D
STU-01230,Estadistica,5,7.3,4.4,49.2,72,1,6,1.8,79.6,76.4,1,si,0.0,prefiere_no_decir,F
STU-01231,Matematicas,1,7.9,9.2,82.7,40,1,5,1.5,62.3,77.0,1,no,0.0,mujer,A
STU-01232,Ciencia de Datos,3,5.4,6.5,87.6,93,2,6,3.5,88.9,67.7,0,si,18.6,mujer,A
STU-01233,Economia,9,8.3,10.3,97.3,100,0,6,1.7,83.7,85.1,1,no,0.0,mujer,E
STU-01234,Estadistica,4,7.1,8.3,93.8,90,1,3,0.6,82.4,75.7,1,no,0.0,hombre,A
STU-01235,Ciencia de Datos,2,6.4,4.1,94.2,100,1,6,4.2,77.0,63.5,0,no,0.0,hombre,C
STU-01236,Actuaria,2,7.5,6.5,75.1,26,4,6,2.4,78.3,78.4,1,no,0.0,hombre,E
STU-01237,Matematicas,9,5.8,6.8,81.1,20,2,6,1.5,93.5,74.7,1,no,13.0,mujer,C
STU-01238,Matematicas,7,7.2,6.6,76.8,59,2,5,4.3,100.0,74.8,1,no,0.0,mujer,C
STU-01239,Actuaria,1,5.7,1.9,85.3,169,1,5,4.4,88.6,62.7,0,no,1.9,hombre,A
STU-01240,Estadistica,6,9.0,8.2,67.5,0,1,6,3.4,70.3,81.2,1,no,0.0,mujer,F
STU-01241,Ciencia de Datos,8,7.7,9.0,79.4,31,3,5,2.4,84.1,89.1,1,no,0.0,hombre,E
STU-01242,Ciencia de Datos,2,8.3,6.7,72.3,31,4,6,1.3,68.1,55.3,0,no,0.0,mujer,A
STU-01243,Economia,4,6.9,6.0,69.2,57,2,10,4.3,97.8,52.2,0,no,21.6,hombre,B
STU-01244,Estadistica,7,7.1,6.7,63.9,62,0,7,8.6,76.1,72.7,1,si,0.0,mujer,D
STU-01245,Matematicas,9,5.7,10.4,72.0,40,2,8,0.1,98.2,81.3,1,si,22.8,mujer,A
STU-01246,Estadistica,2,8.7,6.6,86.2,0,2,4,3.2,86.5,75.9,1,no,0.0,hombre,A
STU-01247,Estadistica,9,6.8,10.3,80.4,75,2,6,1.8,89.9,81.7,1,no,0.0,mujer,C
STU-01248,Actuaria,7,7.7,6.0,73.6,29,1,7,1.1,95.6,82.6,1,no,0.0,mujer,C
STU-01249,Economia,5,7.2,6.7,80.2,38,1,5,1.8,95.8,82.0,1,no,14.1,mujer,F
STU-01250,Ciencia de Datos,4,6.1,5.8,83.9,6,3,5,2.5,83.5,70.1,1,no,0.0,hombre,E
STU-01251,Matematicas,9,6.0,8.9,100.0,214,2,4,2.2,86.8,88.1,1,si,16.0,hombre,B
STU-01252,Estadistica,6,6.6,8.6,79.0,18,1,5,1.7,91.2,80.5,1,no,11.5,hombre,F
STU-01253,Ciencia de Datos,6,9.0,10.2,100.0,65,4,5,6.0,88.6,91.1,1,no,0.0,hombre,D
STU-01254,Estadistica,1,6.7,1.6,76.3,25,3,6,1.9,80.6,64.1,0,no,21.2,mujer,D
STU-01255,Ciencia de Datos,6,7.5,9.5,81.7,38,2,6,0.7,83.2,88.7,1,si,0.0,mujer,F
STU-01256,Matematicas,7,7.2,11.4,84.7,21,1,5,0.8,93.1,90.9,1,no,0.0,mujer,A
STU-01257,Economia,9,6.7,14.5,99.3,96,4,5,1.2,92.9,100.0,1,si,0.0,hombre,C
STU-01258,Ciencia de Datos,1,6.8,2.5,59.6,9,1,6,0.6,89.7,70.3,1,no,17.0,hombre,F
STU-01259,Actuaria,9,8.3,8.8,84.9,52,1,7,1.2,82.2,77.7,1,si,0.0,hombre,D
STU-01260,Matematicas,4,7.8,8.8,100.0,90,1,3,4.0,90.5,94.0,1,si,0.0,hombre,D
STU-01261,Estadistica,5,9.0,8.4,81.1,82,1,6,3.5,83.7,74.7,1,si,0.0,mujer,C
STU-01262,Actuaria,1,7.9,2.0,61.8,28,1,8,4.3,85.1,53.9,0,si,10.5,hombre,A
STU-01263,Actuaria,5,5.7,6.7,92.1,36,1,5,2.1,94.1,73.2,1,no,22.9,hombre,A
STU-01264,Actuaria,8,6.4,5.4,68.9,38,1,8,2.3,82.8,54.7,0,no,0.0,mujer,B
STU-01265,Matematicas,3,6.1,7.5,79.7,0,1,7,4.3,88.6,82.8,1,no,0.0,mujer,A
STU-01266,Estadistica,6,5.6,1.4,63.8,77,1,7,3.7,86.8,56.1,0,no,33.8,mujer,D
STU-01267,Matematicas,4,6.0,4.1,59.8,14,1,7,3.4,100.0,67.3,0,no,22.7,mujer,B
STU-01268,Matematicas,3,8.5,4.2,70.4,31,1,8,4.3,73.4,52.9,0,no,13.0,hombre,C
STU-01269,Economia,1,5.8,7.4,99.7,124,3,3,3.3,100.0,87.3,1,si,19.4,hombre,D
STU-01270,Economia,5,6.1,4.3,77.3,7,3,7,1.8,77.2,66.7,0,no,19.5,mujer,D
STU-01271,Ciencia de Datos,4,8.3,6.1,88.4,91,1,5,3.5,74.6,70.0,1,no,0.0,mujer,B
STU-01272,Matematicas,1,6.8,2.6,72.8,20,2,5,4.3,92.6,63.3,0,no,0.0,prefiere_no_decir,F
STU-01273,Estadistica,4,7.5,4.9,75.0,51,1,5,2.8,61.0,70.9,1,si,0.0,hombre,C
STU-01274,Estadistica,6,8.2,3.0,69.4,37,0,4,1.1,72.8,65.3,0,no,0.0,hombre,F
STU-01275,Ciencia de Datos,4,7.7,8.1,79.4,86,2,6,5.2,94.2,76.8,1,no,0.0,hombre,D
STU-01276,Actuaria,9,6.3,9.7,74.3,116,1,6,3.8,93.1,89.1,1,si,0.0,hombre,B
STU-01277,Ciencia de Datos,5,8.0,4.9,80.0,4,2,6,0.9,75.6,73.6,1,no,0.0,mujer,F
STU-01278,Matematicas,9,6.8,9.7,76.2,103,1,7,3.9,90.3,68.0,0,no,16.0,hombre,E
STU-01279,Ciencia de Datos,8,7.4,8.4,80.7,59,0,6,3.1,88.9,82.9,1,no,21.9,mujer,F
STU-01280,Estadistica,1,7.3,5.0,83.1,65,0,4,1.8,85.9,78.9,1,no,0.0,hombre,E
STU-01281,Ciencia de Datos,8,7.4,9.8,82.9,43,0,6,3.0,92.0,81.3,1,si,23.7,hombre,E
STU-01282,Matematicas,2,8.4,5.3,90.1,159,1,4,2.8,98.2,73.4,1,si,0.0,mujer,A
STU-01283,Matematicas,9,5.6,12.7,81.3,45,2,6,1.4,90.7,77.4,1,no,13.4,prefiere_no_decir,D
STU-01284,Ciencia de Datos,8,6.3,6.4,76.1,65,1,6,5.7,82.6,74.3,1,no,0.0,mujer,B
STU-01285,Ciencia de Datos,5,5.3,5.9,68.5,27,2,9,5.0,79.5,52.7,0,si,0.0,hombre,D
STU-01286,Estadistica,1,7.0,9.5,89.5,43,0,4,0.8,73.6,81.6,1,si,0.0,prefiere_no_decir,D
STU-01287,Estadistica,2,6.6,11.0,68.6,51,3,7,2.4,91.9,76.5,1,si,20.6,mujer,A
STU-01288,Estadistica,3,6.9,0.6,68.1,40,3,7,6.4,87.2,46.7,0,no,12.7,mujer,D
STU-01289,Estadistica,6,7.2,6.8,73.2,59,2,5,3.0,89.3,77.0,1,no,15.1,mujer,F
STU-01290,Actuaria,3,8.1,7.4,85.3,59,0,3,1.4,85.5,77.4,1,no,0.0,hombre,D
STU-01291,Actuaria,5,7.1,8.9,83.0,43,3,5,2.4,90.2,78.9,1,si,0.0,mujer,E
STU-01292,Economia,2,6.7,7.8,93.2,133,0,5,4.2,92.0,82.9,1,no,0.0,mujer,D
STU-01293,Actuaria,6,6.9,7.5,66.3,99,0,5,1.4,66.7,64.1,0,si,19.3,hombre,C
STU-01294,Actuaria,4,6.6,4.0,56.6,108,1,10,4.7,77.5,46.9,0,no,23.0,mujer,F
STU-01295,Economia,3,6.8,3.2,84.2,55,2,7,3.1,63.4,56.9,0,no,0.0,mujer,F
STU-01296,Actuaria,7,5.8,7.4,74.0,82,4,5,2.1,86.6,72.7,1,si,21.1,mujer,A
STU-01297,Actuaria,3,7.7,4.7,100.0,170,4,6,5.8,89.7,74.3,1,si,9.5,mujer,C
STU-01298,Actuaria,9,7.8,9.9,93.4,52,2,5,3.3,85.4,80.5,1,si,0.0,mujer,B
STU-01299,Actuaria,3,6.4,7.3,100.0,143,0,3,1.5,75.1,71.7,1,no,11.3,mujer,F
STU-01300,Ciencia de Datos,3,6.4,7.5,80.2,24,3,5,2.4,85.7,99.6,1,no,0.0,hombre,D
STU-01301,Estadistica,7,7.0,7.5,84.8,46,2,5,3.4,89.0,80.1,1,no,12.3,mujer,A
STU-01302,Estadistica,8,7.6,15.3,99.7,133,4,5,1.2,94.9,100.0,1,no,0.0,mujer,E
STU-01303,Economia,5,5.9,9.8,92.6,32,3,5,0.1,80.4,84.8,1,no,0.0,hombre,E
STU-01304,Estadistica,7,6.3,8.9,78.8,33,2,6,1.5,82.5,75.4,1,si,22.1,hombre,C
STU-01305,Matematicas,1,6.5,5.2,73.8,16,1,9,4.6,71.0,41.4,0,si,0.0,hombre,E
STU-01306,Actuaria,3,7.1,7.6,81.8,21,0,7,2.9,95.1,83.7,1,si,8.3,mujer,C
STU-01307,Estadistica,2,6.4,2.6,73.5,46,2,4,4.9,81.0,80.1,1,no,0.0,mujer,D
STU-01308,Actuaria,1,7.4,6.9,97.8,89,1,5,2.5,79.7,84.8,1,si,0.0,mujer,D
STU-01309,Matematicas,8,5.6,10.0,89.0,31,0,7,1.0,90.0,74.8,1,no,13.5,hombre,E
STU-01310,Ciencia de Datos,6,6.3,5.7,95.9,121,0,5,4.2,80.8,68.1,0,no,0.0,hombre,B
STU-01311,Actuaria,4,6.6,1.2,77.7,27,2,5,0.9,72.1,54.2,0,no,10.0,hombre,C
STU-01312,Matematicas,6,7.6,7.5,72.7,27,0,6,5.7,85.7,92.1,1,si,0.0,mujer,D
STU-01313,Matematicas,8,6.0,6.8,87.8,31,1,6,3.3,94.9,86.9,1,no,10.8,hombre,A
STU-01314,Ciencia de Datos,1,5.4,5.3,80.6,40,0,4,2.8,74.7,59.7,0,no,0.0,hombre,B
STU-01315,Economia,9,5.9,11.1,65.9,29,3,7,8.9,99.9,78.2,1,no,0.0,mujer,D
STU-01316,Ciencia de Datos,1,7.9,6.3,74.6,19,1,3,0.7,80.2,80.8,1,no,0.0,mujer,E
STU-01317,Economia,3,6.9,6.3,97.5,93,1,5,1.8,77.8,67.5,0,si,0.0,hombre,B
STU-01318,Estadistica,7,6.0,12.0,75.4,52,1,5,1.3,97.4,94.2,1,no,18.5,mujer,F
STU-01319,Matematicas,2,7.5,7.6,61.7,21,0,6,1.5,75.6,65.2,0,si,0.0,mujer,B
STU-01320,Estadistica,9,6.4,9.8,91.6,126,1,6,1.4,75.8,85.0,1,si,16.8,hombre,B
STU-01321,Estadistica,2,6.0,10.2,99.4,80,1,5,4.6,62.0,69.2,0,no,0.0,mujer,B
STU-01322,Economia,6,6.7,6.0,87.1,35,4,5,3.6,87.1,83.1,1,si,0.0,hombre,E
STU-01323,Estadistica,8,7.9,8.0,75.7,14,2,6,4.5,89.6,75.1,1,no,7.1,hombre,F
STU-01324,Economia,9,9.0,7.6,86.2,62,1,5,1.3,81.9,76.6,1,si,0.0,mujer,F
STU-01325,Economia,2,6.6,0.5,69.2,95,2,5,1.3,63.5,49.9,0,no,16.4,mujer,D
STU-01326,Actuaria,9,7.7,10.2,84.4,91,1,5,2.3,86.8,92.2,1,no,0.0,no_binario,C
STU-01327,Ciencia de Datos,1,8.2,0.8,61.2,30,0,3,0.8,79.8,53.0,0,si,9.6,prefiere_no_decir,A
STU-01328,Estadistica,5,6.7,8.1,89.4,43,5,6,2.8,90.8,81.7,1,no,17.0,mujer,D
STU-01329,Actuaria,1,7.1,2.5,86.0,72,0,3,4.0,81.4,62.0,0,no,7.2,mujer,E
STU-01330,Economia,6,7.4,7.6,83.1,66,1,5,0.9,71.2,81.3,1,si,0.0,hombre,C
STU-01331,Actuaria,5,8.0,1.9,61.5,36,1,8,1.7,83.3,47.2,0,no,17.2,hombre,B
STU-01332,Estadistica,6,6.8,7.4,88.7,94,1,6,2.3,78.4,82.2,1,no,0.0,mujer,F
STU-01333,Ciencia de Datos,6,6.2,2.6,64.5,10,2,9,1.7,81.6,59.0,0,no,22.1,prefiere_no_decir,D
STU-01334,Estadistica,7,9.2,8.4,84.7,134,2,7,1.5,88.9,75.0,1,si,12.4,mujer,A
STU-01335,Economia,6,7.8,7.3,67.7,31,3,6,2.3,75.9,62.9,0,si,10.0,prefiere_no_decir,F
STU-01336,Actuaria,1,7.4,6.7,80.2,28,2,5,1.9,79.4,66.8,0,si,8.8,mujer,D
STU-01337,Ciencia de Datos,3,6.4,4.6,68.4,52,2,4,1.5,79.1,68.0,0,si,0.0,mujer,F
STU-01338,Economia,6,7.6,10.1,98.1,66,2,8,3.9,85.3,79.2,1,no,0.0,hombre,F
STU-01339,Estadistica,1,7.0,5.0,64.0,55,4,7,3.8,66.2,54.0,0,no,0.0,mujer,A
STU-01340,Economia,3,6.6,4.9,64.9,31,4,9,2.1,84.2,60.4,0,no,22.5,mujer,A
STU-01341,Economia,1,7.0,4.7,67.8,29,1,4,0.8,79.2,60.4,0,no,12.6,mujer,C
STU-01342,Matematicas,6,7.8,9.9,97.3,50,0,6,5.6,79.3,77.5,1,no,11.1,hombre,E
STU-01343,Estadistica,7,8.3,9.3,73.3,42,2,5,2.2,87.0,94.9,1,si,0.0,mujer,C
STU-01344,Ciencia de Datos,3,7.2,1.0,64.8,40,4,7,5.0,84.5,54.2,0,si,26.4,prefiere_no_decir,D
STU-01345,Actuaria,6,8.7,3.6,72.9,66,1,6,2.5,78.3,70.2,1,si,0.0,mujer,D
STU-01346,Estadistica,9,6.1,6.6,81.1,89,3,7,2.1,73.0,61.6,0,no,23.2,hombre,F
STU-01347,Economia,3,5.6,3.8,61.8,23,1,6,9.0,80.2,45.1,0,no,0.0,mujer,D
STU-01348,Matematicas,1,7.6,3.9,69.1,87,1,5,3.7,89.4,73.5,1,no,20.3,mujer,F
STU-01349,Economia,2,7.5,9.7,96.8,47,0,4,1.4,87.5,88.6,1,si,0.0,hombre,D
STU-01350,Economia,3,6.2,3.1,65.9,31,5,8,2.5,85.0,55.6,0,no,20.3,mujer,B
STU-01351,Actuaria,3,5.9,7.3,76.9,84,2,5,1.6,77.4,67.9,0,si,0.0,mujer,A
STU-01352,Estadistica,4,7.7,8.8,87.9,44,0,6,2.1,83.9,85.1,1,si,0.0,mujer,D
STU-01353,Economia,3,4.7,7.3,76.5,146,3,7,0.9,85.8,69.5,0,no,26.8,hombre,C
STU-01354,Matematicas,1,7.5,5.5,75.0,64,1,3,0.4,69.6,63.1,0,no,8.8,hombre,B
STU-01355,Matematicas,9,6.1,11.2,74.0,32,0,6,3.3,93.1,98.4,1,si,0.0,hombre,E
STU-01356,Economia,1,7.1,0.8,57.8,75,4,9,6.0,81.7,40.1,0,no,26.6,mujer,B
STU-01357,Economia,2,8.5,6.8,80.2,101,0,6,4.0,96.0,84.6,1,no,0.0,hombre,D
STU-01358,Estadistica,7,5.2,3.8,59.8,9,3,10,2.5,87.0,36.5,0,no,17.5,mujer,A
STU-01359,Estadistica,5,7.3,6.2,93.0,77,3,6,1.4,84.5,87.7,1,no,21.0,mujer,F
STU-01360,Estadistica,4,4.9,4.5,66.9,0,6,6,1.7,72.3,58.2,0,no,26.5,hombre,F
STU-01361,Actuaria,9,8.7,9.3,96.0,102,1,5,0.7,82.4,87.3,1,si,0.0,mujer,C
STU-01362,Actuaria,8,6.1,7.9,66.0,13,2,6,3.4,89.7,81.3,1,no,10.7,hombre,E
STU-01363,Estadistica,9,7.7,11.2,100.0,141,0,5,2.3,80.5,94.5,1,si,0.0,mujer,F
STU-01364,Economia,8,7.6,7.6,78.3,37,0,8,2.4,82.9,68.9,0,no,0.0,mujer,E
STU-01365,Ciencia de Datos,2,7.1,5.9,82.3,39,2,5,1.0,74.2,66.3,0,si,0.0,mujer,A
STU-01366,Ciencia de Datos,3,7.1,8.1,91.1,39,0,4,1.6,84.6,82.3,1,si,0.0,hombre,E
STU-01367,Estadistica,1,7.9,5.8,74.9,28,1,5,2.6,75.5,65.2,0,si,0.0,mujer,B
STU-01368,Estadistica,1,7.6,8.6,79.0,20,1,3,1.7,81.3,76.8,1,no,0.0,hombre,D
STU-01369,Actuaria,3,8.4,3.6,70.3,47,2,6,1.9,78.4,71.9,1,no,13.9,hombre,F
STU-01370,Economia,8,7.8,9.2,88.3,38,1,3,0.7,90.4,88.8,1,si,0.0,mujer,F
STU-01371,Actuaria,6,7.3,7.0,85.7,10,3,5,1.4,87.7,83.8,1,no,0.0,mujer,C
STU-01372,Actuaria,5,8.8,11.7,95.1,54,2,7,2.1,95.6,95.3,1,no,3.1,hombre,E
STU-01373,Actuaria,7,7.3,5.7,84.0,36,0,5,2.2,81.1,74.8,1,no,0.0,hombre,E
STU-01374,Ciencia de Datos,8,7.2,9.9,100.0,96,2,6,3.2,83.0,90.1,1,no,0.0,hombre,B
STU-01375,Actuaria,9,6.1,10.4,92.5,47,2,8,4.2,80.5,81.4,1,si,0.0,hombre,D
STU-01376,Estadistica,7,6.9,8.8,74.7,16,0,8,2.6,94.7,99.9,1,si,0.0,hombre,F
STU-01377,Actuaria,5,6.7,0.5,66.9,35,1,5,6.8,76.9,70.1,1,si,16.9,hombre,A
STU-01378,Estadistica,6,6.7,4.3,77.3,1,2,8,1.3,55.5,55.0,0,no,9.0,hombre,B
STU-01379,Economia,4,6.8,8.3,75.1,22,0,6,2.6,89.7,88.2,1,no,0.0,mujer,C
STU-01380,Economia,2,6.0,5.5,70.3,40,1,7,2.6,77.3,52.0,0,no,0.0,mujer,B
STU-01381,Ciencia de Datos,7,6.8,10.4,83.7,149,1,5,3.0,95.6,95.9,1,no,0.0,mujer,A
STU-01382,Estadistica,4,8.2,5.7,61.7,0,2,6,4.4,88.5,73.9,1,si,13.3,hombre,B
STU-01383,Actuaria,9,7.8,6.8,68.1,36,0,7,1.9,82.0,59.4,0,no,0.0,hombre,B
STU-01384,Estadistica,8,5.8,8.5,71.6,29,0,7,3.0,79.0,70.1,1,no,0.0,hombre,C
STU-01385,Ciencia de Datos,9,6.3,7.4,100.0,86,0,5,3.4,76.4,89.6,1,no,0.0,mujer,B
STU-01386,Ciencia de Datos,9,5.0,9.6,74.2,40,0,9,4.4,86.4,59.6,0,no,25.9,hombre,A
STU-01387,Actuaria,1,8.1,1.2,84.7,53,3,5,2.7,80.7,66.4,0,no,0.0,hombre,A
STU-01388,Estadistica,5,7.8,3.9,68.7,49,2,8,2.4,72.1,57.4,0,no,19.5,hombre,E
STU-01389,Estadistica,1,7.0,6.2,84.1,58,1,4,3.2,74.9,73.5,1,si,0.0,hombre,E
STU-01390,Matematicas,2,6.2,9.0,79.3,61,0,6,2.3,63.5,64.1,0,si,0.0,mujer,F
STU-01391,Actuaria,2,7.3,0.9,72.2,58,0,4,6.0,69.4,58.5,0,si,17.0,hombre,D
STU-01392,Estadistica,5,8.2,7.1,91.9,13,0,5,0.8,77.9,66.1,0,no,11.4,hombre,A
STU-01393,Ciencia de Datos,4,7.4,1.4,62.6,46,0,6,3.3,73.2,61.3,0,no,14.9,mujer,E
STU-01394,Estadistica,9,6.6,7.4,76.0,20,3,7,2.6,88.9,83.3,1,si,0.0,hombre,B
STU-01395,Estadistica,7,7.2,10.2,66.6,21,2,9,1.9,90.4,84.0,1,no,24.1,hombre,C
STU-01396,Economia,4,5.7,7.3,79.4,90,1,5,9.0,91.4,71.1,1,no,18.5,hombre,A
STU-01397,Estadistica,6,7.4,7.8,76.2,77,2,7,2.5,82.2,80.5,1,no,10.8,mujer,F
STU-01398,Estadistica,4,7.5,7.3,100.0,136,0,4,1.1,86.4,90.7,1,no,0.0,mujer,F
STU-01399,Estadistica,7,7.7,13.2,74.9,64,0,6,1.6,88.7,86.5,1,no,0.0,prefiere_no_decir,A
STU-01400,Actuaria,7,6.9,5.1,71.5,67,0,8,1.6,82.0,66.0,0,no,0.0,hombre,B
STU-01401,Matematicas,5,5.0,7.7,91.3,28,1,6,4.0,71.1,66.1,0,no,0.0,mujer,B
STU-01402,Estadistica,2,3.6,6.4,76.2,69,5,7,8.4,85.5,48.5,0,si,20.5,hombre,C
STU-01403,Estadistica,9,7.1,11.9,71.6,35,0,8,4.5,95.8,84.3,1,no,0.0,hombre,C
STU-01404,Economia,4,6.2,7.2,85.2,83,2,5,1.5,80.6,71.1,1,no,18.8,mujer,B
STU-01405,Ciencia de Datos,2,6.7,7.7,84.3,59,3,4,0.5,82.0,78.2,1,si,8.9,prefiere_no_decir,F
STU-01406,Actuaria,7,6.0,8.1,84.5,25,3,7,3.3,92.3,94.6,1,no,0.0,mujer,D
STU-01407,Estadistica,1,7.9,7.2,73.3,56,0,6,1.3,80.0,68.5,0,no,0.0,hombre,A
STU-01408,Matematicas,5,4.5,9.8,76.7,55,2,4,0.8,76.6,71.5,1,no,4.0,mujer,B
STU-01409,Matematicas,9,7.4,8.2,84.8,22,0,5,2.8,85.7,82.1,1,si,0.0,mujer,D
STU-01410,Matematicas,4,8.0,5.4,70.0,74,1,7,4.4,89.9,79.4,1,no,0.0,mujer,F
STU-01411,Economia,1,7.0,2.2,75.7,74,4,5,1.7,60.9,48.1,0,no,0.0,mujer,A
STU-01412,Economia,6,6.9,3.6,62.7,35,3,8,4.9,88.6,57.5,0,no,28.0,mujer,C
STU-01413,Matematicas,9,6.9,7.0,72.0,41,1,7,1.6,90.9,80.9,1,no,0.0,mujer,C
STU-01414,Estadistica,1,5.9,4.9,82.3,0,1,6,3.8,62.9,49.2,0,no,0.0,hombre,A
STU-01415,Estadistica,7,7.3,9.8,96.4,129,2,4,2.7,98.0,89.2,1,no,0.0,hombre,C
STU-01416,Matematicas,7,6.3,12.1,73.0,26,4,9,1.5,87.0,69.9,0,si,18.1,mujer,E
STU-01417,Matematicas,2,7.8,5.9,75.5,37,1,7,4.2,86.3,73.2,1,no,0.0,hombre,F
STU-01418,Estadistica,4,7.9,8.3,95.6,27,2,7,1.0,72.4,55.5,0,no,3.8,mujer,A
STU-01419,Actuaria,8,7.1,7.8,93.8,87,2,7,1.0,79.2,81.4,1,si,0.0,mujer,E
STU-01420,Actuaria,9,6.5,9.4,77.7,92,1,5,2.4,75.8,78.9,1,no,0.0,hombre,F
STU-01421,Estadistica,5,7.3,7.8,69.6,50,1,6,0.2,73.7,85.0,1,no,21.4,mujer,F
STU-01422,Estadistica,1,5.2,3.0,71.1,28,3,9,2.7,79.2,43.1,0,no,22.6,mujer,C
STU-01423,Matematicas,6,7.4,5.9,70.9,57,3,6,1.4,83.4,69.9,0,no,18.0,mujer,F
STU-01424,Actuaria,5,6.6,3.2,57.4,21,3,6,4.5,86.1,61.4,0,no,32.0,mujer,E
STU-01425,Economia,2,7.0,2.2,66.0,42,2,8,3.0,87.8,66.0,0,si,31.8,hombre,C
STU-01426,Matematicas,7,7.0,9.4,70.3,37,3,8,4.3,77.2,54.0,0,si,18.7,hombre,A
STU-01427,Estadistica,7,7.0,4.8,65.5,17,0,6,1.8,80.1,68.7,0,si,15.8,mujer,C
STU-01428,Matematicas,3,7.6,7.6,91.9,77,0,4,1.8,71.6,77.7,1,si,0.0,hombre,D
STU-01429,Ciencia de Datos,9,5.4,10.4,79.4,40,4,8,7.9,93.4,77.2,1,no,17.4,hombre,B
STU-01430,Estadistica,2,6.4,3.3,83.2,36,4,5,4.7,86.2,78.7,1,no,0.0,prefiere_no_decir,C
STU-01431,Matematicas,9,8.3,11.0,91.9,97,2,8,1.1,87.8,82.0,1,no,21.6,mujer,C
STU-01432,Actuaria,7,7.9,8.6,90.0,83,0,6,1.9,86.0,79.2,1,no,17.1,mujer,E
STU-01433,Estadistica,5,7.2,8.6,87.1,38,1,6,2.0,92.0,81.2,1,no,0.0,hombre,E
STU-01434,Matematicas,3,8.3,7.3,89.3,40,2,7,5.1,86.3,81.3,1,no,0.0,mujer,E
STU-01435,Actuaria,6,8.7,9.2,75.0,41,3,5,2.8,86.6,85.7,1,si,0.0,mujer,C
STU-01436,Ciencia de Datos,6,5.9,14.5,81.9,52,1,7,3.8,92.6,98.6,1,si,5.9,hombre,E
STU-01437,Matematicas,9,6.9,5.7,80.3,65,0,4,0.1,94.7,96.8,1,si,0.0,mujer,B
STU-01438,Estadistica,4,6.0,7.4,82.3,22,1,4,1.3,78.3,80.7,1,no,0.0,no_binario,C
STU-01439,Matematicas,3,6.9,11.4,91.5,6,1,5,1.4,78.8,71.0,1,no,0.0,mujer,C
STU-01440,Matematicas,9,5.7,10.6,75.2,34,3,7,1.0,79.9,77.5,1,no,18.6,hombre,B
STU-01441,Economia,7,6.3,7.7,85.9,41,1,5,6.4,85.3,81.4,1,no,0.0,hombre,D
STU-01442,Matematicas,2,8.2,4.3,68.8,36,2,5,2.6,83.3,65.8,0,no,0.0,mujer,C
STU-01443,Actuaria,5,5.9,9.1,73.7,8,1,5,1.7,83.7,76.3,1,si,15.1,hombre,C
STU-01444,Matematicas,5,7.9,3.5,86.3,50,0,4,2.6,76.4,59.6,0,no,0.0,hombre,B
STU-01445,Estadistica,3,9.7,6.4,84.3,130,1,5,5.1,81.8,72.5,1,no,0.0,mujer,A
STU-01446,Ciencia de Datos,1,7.6,5.3,83.8,97,1,4,2.4,85.4,64.6,0,no,0.0,hombre,D
STU-01447,Ciencia de Datos,8,7.8,10.4,96.3,92,1,5,1.7,92.2,95.7,1,no,0.0,hombre,F
STU-01448,Ciencia de Datos,8,6.9,8.4,64.5,0,5,8,2.7,87.0,70.5,1,no,16.0,mujer,B
STU-01449,Estadistica,4,7.7,9.1,100.0,89,0,3,1.3,80.3,93.2,1,si,0.0,hombre,C
STU-01450,Actuaria,1,6.2,6.7,63.9,42,0,6,2.5,64.6,57.9,0,no,14.8,hombre,B
STU-01451,Ciencia de Datos,5,4.7,7.5,74.0,21,2,7,1.4,83.4,54.3,0,si,17.9,hombre,F
STU-01452,Estadistica,1,7.3,8.0,82.0,49,1,6,2.2,73.9,62.3,0,si,0.0,mujer,B
STU-01453,Matematicas,1,5.7,8.1,83.1,23,1,6,0.5,84.6,67.7,0,no,23.5,mujer,D
STU-01454,Economia,2,6.9,0.5,74.2,35,2,6,0.5,70.9,53.5,0,si,14.0,hombre,F
STU-01455,Actuaria,9,7.0,10.4,82.5,131,0,6,3.8,78.0,82.0,1,si,0.0,mujer,D
STU-01456,Actuaria,2,8.0,1.2,68.1,59,1,7,5.0,74.9,53.6,0,no,22.1,hombre,B
STU-01457,Matematicas,5,7.4,4.6,74.9,50,0,6,2.1,71.9,66.1,0,no,0.0,hombre,A
STU-01458,Matematicas,5,5.8,7.3,79.7,59,1,6,3.9,81.8,75.7,1,no,0.0,hombre,E
STU-01459,Actuaria,2,8.3,8.0,90.0,14,1,7,3.2,88.2,77.1,1,si,0.0,hombre,C
STU-01460,Economia,8,8.1,11.6,78.4,40,3,5,5.3,100.0,100.0,1,no,0.0,hombre,E
STU-01461,Actuaria,4,7.4,4.5,73.0,93,1,5,1.3,100.0,72.1,1,no,9.4,mujer,F
STU-01462,Actuaria,3,6.8,3.8,76.4,41,0,5,1.0,87.1,78.2,1,si,8.0,hombre,F
STU-01463,Matematicas,9,6.5,9.3,88.5,75,4,9,2.2,100.0,88.5,1,no,21.7,hombre,C
STU-01464,Estadistica,9,7.2,10.5,85.3,0,0,9,3.2,82.1,73.9,1,no,9.7,mujer,B
STU-01465,Estadistica,8,7.3,14.4,100.0,192,1,3,0.9,85.7,100.0,1,no,0.0,mujer,E
STU-01466,Actuaria,3,7.6,5.7,95.6,58,1,6,1.8,81.1,73.6,1,no,15.7,mujer,B
STU-01467,Economia,9,6.1,1.4,72.9,42,3,8,2.8,84.6,61.2,0,no,21.0,mujer,D
STU-01468,Actuaria,8,6.8,5.9,70.1,5,3,6,4.7,70.5,56.1,0,no,7.3,mujer,A
STU-01469,Matematicas,8,8.2,11.2,78.1,4,0,7,1.8,87.1,84.9,1,no,0.0,mujer,A
STU-01470,Estadistica,5,6.7,7.4,61.2,10,0,5,0.8,82.9,71.9,1,no,15.4,mujer,A
STU-01471,Matematicas,6,7.0,11.0,86.0,39,1,4,0.6,82.2,83.8,1,no,0.0,no_binario,B
STU-01472,Ciencia de Datos,1,7.4,2.1,95.4,99,1,3,2.4,69.5,67.1,0,no,0.0,mujer,C
STU-01473,Economia,8,8.6,9.5,77.3,0,2,7,1.7,81.4,68.0,0,no,0.0,hombre,E
STU-01474,Estadistica,7,7.1,6.8,96.1,152,2,5,2.6,85.4,80.7,1,no,16.2,hombre,B
STU-01475,Ciencia de Datos,6,5.7,5.1,89.6,73,4,8,1.8,77.5,61.9,0,no,23.9,hombre,F
STU-01476,Actuaria,3,5.9,8.2,73.1,25,1,5,3.9,77.5,66.3,0,no,0.0,hombre,C
STU-01477,Matematicas,8,7.2,10.8,76.9,16,4,5,2.1,90.9,88.8,1,no,15.0,mujer,E
STU-01478,Economia,1,7.9,7.3,91.4,66,0,7,6.2,79.8,55.5,0,no,0.0,no_binario,B
STU-01479,Estadistica,3,6.1,7.9,93.3,73,2,6,7.6,90.0,76.1,1,no,16.2,hombre,C
STU-01480,Estadistica,1,8.9,4.5,74.0,67,2,2,0.5,81.8,74.9,1,no,0.0,mujer,E
STU-01481,Actuaria,4,6.3,0.5,63.6,93,1,6,1.4,74.1,49.6,0,no,7.4,mujer,C
STU-01482,Estadistica,8,8.3,10.0,70.1,33,0,5,4.1,86.1,81.6,1,no,0.0,hombre,C
STU-01483,Estadistica,2,5.3,2.9,62.9,35,3,6,2.2,79.9,56.6,0,no,20.7,hombre,E
STU-01484,Actuaria,2,6.4,3.2,70.9,74,1,5,2.1,100.0,75.0,1,no,21.1,hombre,C
STU-01485,Actuaria,6,6.5,3.6,69.5,91,0,7,2.7,71.6,52.7,0,no,31.7,hombre,B
STU-01486,Ciencia de Datos,9,6.9,9.3,85.5,72,0,6,1.3,97.2,88.8,1,no,13.2,hombre,B
STU-01487,Actuaria,2,5.2,2.9,79.6,53,1,9,2.5,77.2,39.1,0,si,36.4,hombre,A
STU-01488,Ciencia de Datos,9,6.5,8.6,94.0,23,0,5,0.1,92.6,79.7,1,si,6.8,no_binario,B
STU-01489,Economia,5,5.4,7.5,84.7,86,1,6,0.7,76.8,68.3,0,no,0.0,mujer,F
STU-01490,Estadistica,9,7.3,10.4,90.7,30,0,6,0.7,94.4,94.2,1,si,0.0,hombre,C
STU-01491,Economia,6,9.2,10.4,79.1,22,1,5,0.5,90.1,67.2,0,no,0.0,hombre,D
STU-01492,Matematicas,9,8.1,7.7,90.9,103,4,5,1.4,82.1,83.5,1,si,0.0,hombre,E
STU-01493,Estadistica,5,6.0,4.2,71.0,25,3,7,4.7,68.4,47.4,0,no,0.0,mujer,B
STU-01494,Actuaria,2,6.4,5.5,84.7,30,1,5,2.3,73.2,65.2,0,no,16.7,mujer,F
STU-01495,Actuaria,8,6.7,5.3,68.1,43,5,8,2.0,85.7,77.9,1,no,18.2,hombre,C
STU-01496,Ciencia de Datos,5,6.7,10.1,100.0,110,0,3,3.3,93.3,100.0,1,no,0.0,hombre,C
STU-01497,Estadistica,4,7.5,11.3,89.1,40,1,5,6.0,72.8,87.2,1,no,0.0,mujer,F
STU-01498,Estadistica,4,9.1,5.9,86.5,39,2,6,2.6,78.6,70.4,1,si,18.5,mujer,B
STU-01499,Actuaria,4,9.4,4.4,82.6,19,2,7,1.6,65.5,62.9,0,no,0.0,hombre,F
STU-01500,Actuaria,7,8.2,11.4,98.3,125,0,6,0.9,98.6,88.5,1,no,0.0,hombre,F
STU-01501,Estadistica,6,7.9,7.1,88.3,43,2,5,4.7,77.5,74.7,1,no,0.0,mujer,C
STU-01502,Actuaria,2,8.0,4.6,70.5,106,1,6,1.3,68.9,63.0,0,si,10.4,hombre,F
STU-01503,Matematicas,1,8.7,5.6,75.3,43,0,6,1.7,76.6,66.9,0,no,20.6,mujer,F
STU-01504,Estadistica,8,6.8,4.3,67.6,63,4,8,3.3,80.9,53.7,0,no,23.2,hombre,F
STU-01505,Matematicas,3,7.0,7.2,68.7,40,0,5,1.2,79.5,72.3,1,no,0.0,mujer,E
STU-01506,Estadistica,6,6.7,10.3,100.0,118,3,5,1.9,98.1,84.8,1,si,0.0,mujer,D
STU-01507,Actuaria,6,6.2,10.5,82.6,0,4,6,2.3,74.9,73.7,1,no,0.0,hombre,B
STU-01508,Matematicas,5,7.9,8.1,84.3,58,2,6,0.1,94.3,91.5,1,si,0.0,hombre,D
STU-01509,Matematicas,6,9.4,6.4,68.1,40,1,6,2.6,79.9,59.3,0,no,0.0,mujer,E
STU-01510,Estadistica,7,8.7,7.8,61.0,41,0,8,2.5,82.5,66.9,0,no,25.9,hombre,D
STU-01511,Ciencia de Datos,6,7.6,5.2,81.3,42,0,5,0.1,87.4,80.1,1,no,14.6,mujer,B
STU-01512,Matematicas,1,7.9,4.9,57.1,31,2,3,2.1,78.0,64.3,0,no,9.9,mujer,C
STU-01513,Economia,5,7.1,5.2,65.5,50,0,7,3.1,70.5,74.9,1,no,0.0,mujer,E
STU-01514,Ciencia de Datos,5,7.5,11.4,81.8,34,2,7,1.1,86.2,95.7,1,no,0.0,hombre,F
STU-01515,Estadistica,9,6.6,9.8,82.8,14,2,5,1.0,93.7,90.2,1,no,0.0,hombre,E
STU-01516,Actuaria,1,7.4,2.4,80.5,61,2,6,1.4,62.1,50.5,0,no,22.1,hombre,B
STU-01517,Estadistica,4,8.2,6.8,97.5,107,1,3,3.7,78.0,73.6,1,no,0.0,mujer,D
STU-01518,Estadistica,1,6.6,4.5,70.5,40,2,4,4.5,82.7,72.3,1,si,0.0,hombre,E
STU-01519,Matematicas,1,7.7,11.0,88.2,26,2,4,2.5,87.6,92.3,1,si,0.0,mujer,B
STU-01520,Ciencia de Datos,3,6.2,6.9,87.6,21,0,5,4.1,92.6,72.1,1,no,0.0,hombre,E
STU-01521,Ciencia de Datos,5,8.0,4.9,70.2,91,0,3,0.1,63.1,64.8,0,no,0.0,mujer,E
STU-01522,Actuaria,6,5.6,3.3,92.6,59,1,5,1.5,81.1,56.4,0,si,0.0,mujer,C
STU-01523,Ciencia de Datos,6,8.0,9.0,85.7,60,2,3,1.9,81.2,78.6,1,no,0.0,hombre,F
STU-01524,Matematicas,7,5.4,9.4,92.4,15,3,7,0.8,79.6,72.1,1,no,0.0,mujer,C
STU-01525,Economia,2,5.4,6.4,94.4,82,3,5,1.3,82.9,66.9,0,si,27.3,hombre,A
STU-01526,Actuaria,6,6.5,11.2,73.2,27,1,6,0.1,89.3,88.4,1,no,0.0,hombre,A
STU-01527,Actuaria,1,8.7,2.3,80.3,71,0,4,0.9,100.0,71.0,1,no,0.0,hombre,F
STU-01528,Estadistica,5,6.2,5.8,76.5,41,1,8,6.1,79.7,77.4,1,si,11.7,hombre,E
STU-01529,Ciencia de Datos,6,6.9,11.4,100.0,123,1,6,1.5,82.9,97.5,1,no,0.0,mujer,C
STU-01530,Matematicas,1,6.6,1.8,72.1,56,3,4,2.0,76.8,66.9,0,no,0.0,mujer,E
STU-01531,Economia,8,8.3,9.3,90.7,53,0,6,3.2,86.8,86.5,1,no,0.0,hombre,E
STU-01532,Ciencia de Datos,2,7.4,4.1,87.4,80,0,5,3.3,98.4,87.5,1,no,5.7,hombre,D
STU-01533,Actuaria,4,6.8,8.5,84.7,23,0,6,0.5,86.3,88.7,1,si,0.0,hombre,C
STU-01534,Matematicas,7,6.2,4.4,75.1,31,0,7,2.8,79.1,69.3,0,si,22.9,mujer,C
STU-01535,Matematicas,7,6.8,6.7,77.8,18,0,6,1.8,72.6,76.4,1,no,0.0,hombre,D
STU-01536,Economia,7,6.5,6.6,93.6,118,1,7,3.4,67.6,74.2,1,si,19.3,mujer,B
STU-01537,Estadistica,9,5.9,8.4,76.2,65,4,7,2.0,87.7,67.2,0,no,17.3,hombre,F
STU-01538,Matematicas,9,7.2,8.5,87.3,35,0,7,0.7,92.8,84.0,1,no,0.0,mujer,F
STU-01539,Estadistica,1,7.0,4.8,66.2,67,3,6,3.0,79.6,79.6,1,si,22.6,hombre,D
STU-01540,Economia,5,7.8,5.6,74.8,23,2,5,3.2,76.1,71.9,1,no,0.0,mujer,B
STU-01541,Estadistica,3,9.4,2.9,78.7,52,2,3,3.2,76.5,64.2,0,si,0.0,hombre,F
STU-01542,Estadistica,8,7.0,10.0,82.4,48,2,6,2.4,100.0,90.2,1,no,0.0,mujer,F
STU-01543,Estadistica,5,8.6,6.2,66.4,16,1,6,0.9,68.1,50.7,0,si,0.0,mujer,B
STU-01544,Ciencia de Datos,7,5.1,6.4,77.3,99,1,9,3.2,83.6,60.2,0,no,25.6,mujer,A
STU-01545,Estadistica,9,7.2,9.8,77.1,27,1,6,4.4,74.3,79.9,1,no,0.0,hombre,D
STU-01546,Ciencia de Datos,2,7.8,2.1,70.7,51,1,6,3.2,73.0,70.0,1,no,0.0,no_binario,C
STU-01547,Economia,4,6.4,6.5,78.8,45,2,6,2.7,89.9,72.4,1,si,0.0,mujer,E
STU-01548,Estadistica,2,7.5,9.1,85.5,56,0,6,2.4,80.6,79.4,1,si,0.0,hombre,E
STU-01549,Estadistica,6,6.8,7.6,77.7,75,0,5,2.6,100.0,85.2,1,no,0.0,hombre,B
STU-01550,Estadistica,3,7.1,5.8,72.1,44,1,7,2.0,77.0,75.9,1,no,22.5,mujer,A
STU-01551,Actuaria,2,5.4,1.1,61.8,40,1,5,4.7,77.7,53.5,0,si,20.1,mujer,D
STU-01552,Economia,5,7.5,5.4,66.9,23,4,7,4.4,80.7,69.5,0,no,14.6,mujer,C
STU-01553,Matematicas,6,6.5,5.5,69.6,0,4,6,1.4,79.3,62.3,0,si,23.9,hombre,C
STU-01554,Actuaria,3,5.9,4.6,78.9,14,1,6,0.7,77.6,64.3,0,no,15.5,hombre,D
STU-01555,Matematicas,2,8.4,5.3,84.2,64,0,5,1.8,77.7,75.3,1,si,0.0,hombre,E
STU-01556,Actuaria,6,7.3,6.0,75.3,52,2,7,2.7,87.6,71.2,1,si,0.0,mujer,C
STU-01557,Economia,7,7.3,4.2,70.8,51,4,9,1.9,69.2,44.7,0,no,11.1,hombre,E
STU-01558,Ciencia de Datos,4,7.8,5.1,48.7,92,4,9,4.3,75.1,43.5,0,no,11.8,hombre,D
STU-01559,Ciencia de Datos,7,6.4,3.7,77.6,63,1,5,4.2,93.8,71.3,1,si,19.4,hombre,A
STU-01560,Actuaria,4,7.8,5.2,74.4,86,2,5,1.1,81.6,65.5,0,no,17.7,hombre,F
STU-01561,Estadistica,5,7.6,7.4,79.5,52,3,7,1.7,96.7,68.0,0,no,0.0,mujer,C
STU-01562,Estadistica,5,8.0,6.1,80.1,26,1,6,3.6,81.0,68.5,0,no,17.3,mujer,F
STU-01563,Ciencia de Datos,3,7.5,6.4,86.5,41,1,4,1.5,93.0,81.7,1,si,0.0,mujer,A
STU-01564,Matematicas,3,8.1,7.9,94.5,65,0,3,2.1,86.0,76.5,1,no,0.0,mujer,B
STU-01565,Actuaria,5,7.8,9.8,89.0,93,1,4,2.1,89.1,86.5,1,no,0.0,mujer,A
STU-01566,Estadistica,1,7.5,6.1,98.5,110,0,4,1.0,69.2,77.0,1,no,0.0,hombre,F
STU-01567,Economia,8,6.4,6.0,100.0,205,0,6,9.0,90.3,86.1,1,si,0.0,hombre,D
STU-01568,Matematicas,6,7.8,5.1,95.8,111,1,4,2.0,76.2,72.4,1,si,0.0,mujer,D
STU-01569,Matematicas,4,8.5,5.3,79.9,65,2,5,2.9,81.9,68.9,0,no,8.1,mujer,A
STU-01570,Estadistica,7,5.4,10.7,81.8,78,2,5,2.2,81.4,84.6,1,no,0.0,hombre,C
STU-01571,Estadistica,6,8.3,7.1,61.4,38,0,5,5.9,89.8,81.2,1,no,0.0,hombre,A
STU-01572,Ciencia de Datos,2,7.8,7.8,92.0,137,2,4,0.6,94.3,100.0,1,no,0.0,mujer,F
STU-01573,Economia,3,7.5,0.5,63.9,62,3,5,4.3,91.5,46.4,0,si,16.4,mujer,A
STU-01574,Estadistica,1,8.3,4.5,87.7,124,1,5,2.8,80.0,77.0,1,no,13.7,hombre,A
STU-01575,Matematicas,2,7.1,7.3,69.9,0,0,4,4.0,73.0,72.0,1,si,0.0,hombre,A
STU-01576,Matematicas,8,7.4,8.6,83.5,143,3,5,2.0,70.2,78.7,1,no,0.0,hombre,D
STU-01577,Estadistica,3,6.6,4.7,80.4,62,1,5,0.9,94.0,82.1,1,si,16.1,mujer,F
STU-01578,Economia,2,7.1,6.0,81.8,25,0,5,2.3,85.2,81.2,1,si,13.9,mujer,C
STU-01579,Matematicas,9,6.9,10.9,100.0,32,3,7,4.3,82.6,86.7,1,si,0.0,mujer,B
STU-01580,Estadistica,1,7.0,5.7,72.4,105,0,5,3.6,70.1,62.0,0,si,19.8,mujer,A
STU-01581,Estadistica,7,8.0,5.8,81.7,118,1,5,2.5,82.8,82.2,1,si,22.1,prefiere_no_decir,B
STU-01582,Ciencia de Datos,5,7.6,8.8,84.9,26,1,4,0.1,85.8,88.5,1,no,0.0,hombre,E
STU-01583,Economia,3,6.1,4.4,82.4,46,3,7,3.8,94.0,75.3,1,no,8.2,mujer,D
STU-01584,Ciencia de Datos,3,7.2,4.7,100.0,182,1,3,4.7,64.2,59.5,0,no,14.4,mujer,F
STU-01585,Estadistica,7,6.4,4.1,66.9,102,6,7,2.9,75.5,59.9,0,si,25.3,mujer,C
STU-01586,Actuaria,2,7.6,5.7,80.5,126,0,3,1.3,82.4,73.0,1,no,0.0,hombre,B
STU-01587,Matematicas,2,5.0,6.8,81.6,89,2,8,3.8,67.7,53.6,0,no,29.9,no_binario,B
STU-01588,Actuaria,8,6.4,6.2,69.8,55,3,9,2.0,94.4,72.9,1,si,29.2,mujer,F
STU-01589,Ciencia de Datos,9,8.0,11.8,100.0,53,1,4,2.5,94.7,100.0,1,no,0.0,mujer,B
STU-01590,Ciencia de Datos,2,6.8,7.4,74.6,27,1,6,4.8,73.6,76.0,1,si,6.4,mujer,C
STU-01591,Matematicas,4,8.2,3.9,76.4,59,1,6,6.9,82.6,65.2,0,si,12.1,hombre,E
STU-01592,Economia,3,8.5,5.5,79.9,43,1,4,2.5,70.5,60.9,0,si,20.3,mujer,A
STU-01593,Estadistica,8,5.7,6.0,75.8,58,4,7,3.0,86.5,85.9,1,si,27.6,prefiere_no_decir,C
STU-01594,Ciencia de Datos,8,6.9,5.3,79.7,78,0,7,4.5,94.7,77.2,1,no,20.0,hombre,B
STU-01595,Matematicas,5,7.0,10.3,87.2,5,2,7,1.4,68.3,73.1,1,no,0.0,mujer,F
STU-01596,Estadistica,1,6.7,7.2,86.5,57,1,6,3.1,72.9,70.4,1,si,2.2,hombre,D
STU-01597,Economia,6,8.5,4.5,95.3,41,0,5,4.6,84.7,70.1,1,no,0.0,mujer,A
STU-01598,Estadistica,8,6.4,4.6,72.9,76,0,7,0.3,67.9,59.2,0,no,13.2,hombre,F
STU-01599,Estadistica,1,6.5,5.7,100.0,94,0,5,2.0,77.6,88.5,1,no,0.0,mujer,C
STU-01600,Economia,8,7.8,11.6,79.4,39,3,6,3.8,79.7,81.0,1,si,0.0,hombre,F
STU-01601,Ciencia de Datos,4,7.0,3.6,69.4,72,1,6,0.1,85.9,59.5,0,no,22.6,mujer,F
STU-01602,Ciencia de Datos,2,6.5,5.2,59.9,0,3,5,3.1,91.4,76.2,1,no,20.2,mujer,E
STU-01603,Matematicas,9,5.3,6.9,76.6,67,1,4,3.3,88.0,68.5,0,no,0.0,hombre,A
STU-01604,Estadistica,3,6.2,10.1,81.2,40,0,7,3.7,85.8,83.3,1,no,0.0,mujer,B
STU-01605,Estadistica,5,7.0,5.3,78.7,7,2,8,1.2,72.6,76.3,1,si,22.3,hombre,B
STU-01606,Estadistica,2,7.8,9.7,86.4,28,1,6,0.3,84.1,84.3,1,no,0.0,hombre,E
STU-01607,Matematicas,1,5.7,3.1,80.1,64,2,4,3.9,75.3,73.4,1,no,0.0,hombre,E
STU-01608,Estadistica,4,7.2,8.3,83.3,95,0,5,1.0,71.7,71.7,1,no,0.0,mujer,B
STU-01609,Ciencia de Datos,8,6.8,5.3,77.9,54,3,8,2.8,100.0,89.9,1,si,0.0,prefiere_no_decir,C
STU-01610,Estadistica,5,6.9,7.7,70.6,6,0,5,4.4,86.8,70.5,1,no,0.0,prefiere_no_decir,F
STU-01611,Actuaria,9,8.0,12.7,84.0,74,2,6,0.6,72.2,73.2,1,si,0.0,hombre,E
STU-01612,Estadistica,5,7.2,11.0,81.4,29,0,8,4.3,97.4,89.2,1,si,0.0,hombre,F
STU-01613,Matematicas,5,5.3,3.4,72.4,7,4,7,3.0,100.0,74.6,1,no,21.9,prefiere_no_decir,A
STU-01614,Estadistica,8,7.9,15.2,88.3,61,1,6,1.3,87.3,100.0,1,si,0.0,mujer,C
STU-01615,Estadistica,2,4.7,1.7,65.9,31,0,5,4.8,80.4,56.5,0,no,0.0,mujer,D
STU-01616,Estadistica,5,8.2,5.6,71.0,36,1,6,0.1,92.7,82.2,1,no,5.3,mujer,C
STU-01617,Economia,7,6.0,4.8,70.7,30,2,7,2.3,84.5,70.1,1,no,0.0,prefiere_no_decir,C
STU-01618,Economia,3,6.4,5.9,74.3,53,0,5,2.7,87.7,66.4,0,si,0.0,mujer,D
STU-01619,Ciencia de Datos,6,5.7,9.9,95.5,53,3,6,0.8,74.5,85.8,1,si,19.9,hombre,F
STU-01620,Matematicas,4,5.5,6.0,82.4,74,2,5,3.9,81.3,71.2,1,si,15.6,mujer,D
STU-01621,Matematicas,4,7.4,5.2,67.1,46,0,2,1.0,80.5,82.2,1,no,14.7,mujer,E
STU-01622,Matematicas,6,9.8,9.8,86.2,75,1,4,3.3,82.9,75.6,1,no,0.0,mujer,D
STU-01623,Estadistica,3,9.3,11.0,77.1,70,1,6,6.5,79.2,75.5,1,no,0.0,hombre,A
STU-01624,Actuaria,5,6.6,11.3,92.1,22,1,5,4.0,100.0,97.9,1,no,0.0,hombre,C
STU-01625,Actuaria,4,6.7,6.3,86.3,8,1,4,2.2,83.2,74.4,1,no,0.0,mujer,E
STU-01626,Estadistica,5,7.4,7.8,82.6,35,0,5,3.1,87.5,88.9,1,si,6.1,mujer,E
STU-01627,Economia,4,6.8,5.7,71.1,14,0,7,2.2,80.7,65.9,0,si,0.0,hombre,C
STU-01628,Estadistica,8,6.2,9.8,77.5,19,1,8,3.8,100.0,79.8,1,no,0.0,no_binario,C
STU-01629,Matematicas,5,7.3,12.3,87.7,0,1,6,1.5,94.3,91.1,1,no,0.0,hombre,D
STU-01630,Estadistica,6,6.2,10.1,70.6,22,2,7,3.3,100.0,88.6,1,no,14.8,hombre,C
STU-01631,Estadistica,3,6.6,5.1,77.8,84,0,3,2.7,62.9,66.2,0,no,16.5,mujer,F
STU-01632,Estadistica,9,8.0,6.7,67.9,34,3,7,2.2,91.3,72.6,1,si,0.0,hombre,B
STU-01633,Economia,1,7.1,1.9,67.9,36,3,6,1.3,73.9,62.1,0,no,0.0,mujer,E
STU-01634,Estadistica,5,8.3,1.5,61.1,34,1,2,2.7,72.1,50.3,0,si,33.5,mujer,C
STU-01635,Economia,4,6.7,4.0,72.9,56,0,6,3.0,64.4,43.9,0,si,21.7,hombre,B
STU-01636,Estadistica,1,6.5,8.8,94.0,33,0,6,1.1,99.4,92.5,1,no,0.0,hombre,B
STU-01637,Economia,4,4.4,0.5,64.9,62,1,7,1.5,82.7,35.0,0,si,17.7,hombre,E
STU-01638,Ciencia de Datos,8,7.5,8.1,81.2,56,5,8,1.9,86.9,73.8,1,no,11.1,mujer,A
STU-01639,Ciencia de Datos,7,6.7,10.2,64.8,0,3,7,1.1,94.6,79.1,1,no,18.9,mujer,F
STU-01640,Economia,9,6.2,9.1,82.0,33,4,7,1.5,78.4,84.1,1,si,6.9,mujer,B
STU-01641,Economia,7,6.3,9.0,98.3,77,7,7,4.8,88.3,87.7,1,no,28.7,mujer,E
STU-01642,Ciencia de Datos,9,7.9,10.2,80.4,55,1,7,2.9,94.0,75.0,1,no,26.4,mujer,C
STU-01643,Actuaria,3,7.6,9.8,83.3,10,2,6,1.4,71.5,63.8,0,no,0.0,hombre,C
STU-01644,Economia,7,6.8,7.3,85.2,10,3,6,3.4,94.9,75.1,1,no,0.0,hombre,A
STU-01645,Actuaria,3,5.9,2.8,66.7,56,2,6,0.8,76.3,63.3,0,no,20.7,mujer,F
STU-01646,Estadistica,1,6.9,2.3,78.2,16,1,7,1.7,78.2,63.7,0,si,21.7,prefiere_no_decir,F
STU-01647,Estadistica,6,6.7,8.3,82.7,15,1,5,1.6,72.9,66.2,0,no,0.0,hombre,D
STU-01648,Matematicas,1,7.4,6.0,84.1,33,1,4,1.5,64.5,64.5,0,si,0.0,hombre,F
STU-01649,Economia,9,7.2,7.0,55.7,27,1,7,7.1,80.0,71.5,1,no,0.0,hombre,C
STU-01650,Economia,1,5.8,7.7,75.8,101,4,5,2.1,86.8,72.1,1,no,0.0,mujer,B
STU-01651,Actuaria,5,7.0,10.3,85.7,21,2,5,3.3,86.1,98.2,1,no,11.9,hombre,E
STU-01652,Matematicas,4,6.9,9.5,91.4,92,2,5,3.4,84.4,76.1,1,no,0.0,hombre,F
STU-01653,Matematicas,5,7.0,7.8,79.0,82,4,9,6.4,89.5,64.9,0,no,0.0,hombre,C
STU-01654,Economia,2,6.3,1.5,84.0,41,0,3,1.2,65.4,53.2,0,no,0.0,hombre,A
STU-01655,Actuaria,8,5.9,8.6,79.5,46,0,9,5.2,90.7,60.4,0,si,13.5,hombre,A
STU-01656,Economia,1,7.0,4.6,75.9,71,2,3,1.0,75.0,69.8,0,si,7.8,hombre,C
STU-01657,Matematicas,4,7.9,8.9,73.2,32,1,7,4.5,86.3,71.8,1,si,0.0,mujer,E
STU-01658,Matematicas,2,6.2,1.7,73.7,103,1,5,2.8,66.0,50.7,0,no,16.4,mujer,D
STU-01659,Estadistica,7,8.6,11.3,80.3,84,5,5,4.8,95.5,80.0,1,no,0.0,hombre,D
STU-01660,Economia,9,5.5,10.5,85.2,18,4,7,2.2,76.3,74.6,1,no,0.0,hombre,E
STU-01661,Estadistica,9,7.7,8.3,86.6,100,2,6,5.1,91.4,88.8,1,no,0.0,hombre,A
STU-01662,Estadistica,4,7.6,5.1,70.4,48,2,7,3.7,73.4,70.9,1,no,23.8,mujer,F
STU-01663,Estadistica,4,5.0,8.4,73.3,12,2,6,2.1,88.7,65.0,0,no,17.0,mujer,E
STU-01664,Estadistica,4,6.8,3.3,88.7,60,0,7,2.0,75.5,66.0,0,no,8.0,hombre,A
STU-01665,Estadistica,9,6.6,2.9,61.2,23,1,8,1.5,71.4,65.1,0,no,22.2,hombre,E
STU-01666,Estadistica,9,5.7,6.0,74.7,41,1,9,3.4,78.2,50.3,0,si,22.1,mujer,B
STU-01667,Estadistica,3,8.1,6.5,86.6,18,2,5,4.3,96.7,81.0,1,si,0.0,mujer,D
STU-01668,Actuaria,8,5.0,9.8,81.3,0,1,8,1.4,93.5,67.9,0,si,9.9,mujer,A
STU-01669,Actuaria,1,5.6,3.6,77.6,26,2,5,3.1,75.2,47.6,0,no,24.7,hombre,D
STU-01670,Actuaria,6,5.3,3.8,67.9,76,4,6,2.0,72.4,50.6,0,no,26.6,hombre,B
STU-01671,Economia,4,5.0,2.1,65.9,12,6,9,7.4,73.9,39.6,0,si,29.6,mujer,C
STU-01672,Actuaria,8,4.7,10.2,100.0,180,1,5,3.4,90.5,85.1,1,no,13.7,no_binario,F
STU-01673,Estadistica,1,5.8,5.5,64.5,47,4,6,1.8,86.4,69.3,0,si,27.6,hombre,E
STU-01674,Actuaria,5,7.4,9.7,78.4,47,2,6,2.6,82.1,86.7,1,si,0.0,hombre,D
STU-01675,Actuaria,8,6.5,6.9,94.9,99,1,6,0.2,91.0,82.2,1,no,20.8,mujer,F
STU-01676,Matematicas,1,7.0,6.6,81.0,77,3,7,1.5,88.5,70.4,1,no,8.5,mujer,B
STU-01677,Economia,3,8.5,4.5,70.2,26,1,5,1.3,78.3,62.0,0,no,0.0,mujer,F
STU-01678,Economia,3,7.2,2.6,94.0,53,0,5,3.4,73.2,60.8,0,si,0.0,hombre,F
STU-01679,Economia,7,7.9,7.9,87.5,72,2,7,5.5,96.5,81.0,1,no,0.0,mujer,E
STU-01680,Estadistica,9,6.9,8.3,94.5,65,2,6,2.2,93.9,80.3,1,si,0.0,prefiere_no_decir,B
STU-01681,Estadistica,4,6.8,3.7,74.1,60,1,5,0.2,82.4,76.8,1,no,8.1,mujer,B
STU-01682,Ciencia de Datos,9,7.7,7.4,86.8,80,1,7,1.9,73.2,73.8,1,si,15.5,mujer,A
STU-01683,Matematicas,3,7.4,9.9,81.6,99,1,8,3.8,89.0,76.2,1,no,0.0,mujer,A
STU-01684,Estadistica,9,7.0,9.5,85.3,35,1,9,9.0,86.7,81.5,1,no,9.1,mujer,A
STU-01685,Estadistica,3,5.3,6.5,68.1,24,3,8,4.5,89.9,58.6,0,si,19.1,mujer,B
STU-01686,Economia,6,8.0,8.0,72.2,38,0,6,2.2,97.1,89.1,1,si,0.0,mujer,A
STU-01687,Economia,2,7.8,7.7,84.9,68,1,6,1.4,84.6,76.5,1,si,0.0,hombre,E
STU-01688,Economia,7,6.9,6.1,68.9,88,4,6,7.4,90.5,77.3,1,no,5.1,hombre,B
STU-01689,Matematicas,6,5.6,6.9,83.5,20,1,7,2.1,64.1,64.7,0,no,3.5,hombre,A
STU-01690,Ciencia de Datos,2,5.7,2.9,95.3,62,2,3,1.9,79.2,72.9,1,no,0.0,mujer,E
STU-01691,Estadistica,3,6.7,6.0,57.3,23,0,6,2.2,73.1,77.6,1,si,0.0,mujer,D
STU-01692,Ciencia de Datos,9,6.7,10.1,71.8,33,1,6,2.5,86.1,82.5,1,no,0.0,mujer,D
STU-01693,Matematicas,1,7.6,6.3,75.8,55,1,4,2.4,90.0,70.9,1,no,0.0,mujer,A
STU-01694,Actuaria,1,7.6,1.1,69.4,58,0,4,3.3,52.5,52.1,0,no,15.6,hombre,C
STU-01695,Matematicas,9,8.5,8.6,81.2,52,2,8,1.9,90.5,70.7,1,no,20.6,no_binario,C
STU-01696,Matematicas,6,7.1,8.5,81.0,46,2,5,4.5,73.1,82.8,1,si,0.0,mujer,C
STU-01697,Estadistica,1,8.5,5.3,73.8,64,1,6,2.5,76.3,68.2,0,si,0.0,hombre,F
STU-01698,Ciencia de Datos,8,6.9,11.9,85.6,6,2,6,1.3,99.3,94.7,1,si,0.0,mujer,B
STU-01699,Matematicas,9,4.2,9.1,75.0,60,1,7,3.7,94.1,72.2,1,no,19.1,mujer,C
STU-01700,Matematicas,5,6.0,3.9,68.0,26,2,6,0.6,86.5,51.4,0,no,26.2,mujer,B
STU-01701,Economia,4,7.8,5.8,70.1,12,3,6,7.8,83.9,81.5,1,no,0.0,hombre,C
STU-01702,Economia,1,6.8,2.8,63.9,3,1,4,2.5,75.9,59.1,0,no,21.1,hombre,E
STU-01703,Actuaria,4,6.6,11.5,89.3,78,0,5,2.4,90.7,92.4,1,no,0.0,hombre,B
STU-01704,Actuaria,6,6.9,9.4,77.1,45,4,7,5.2,71.9,74.3,1,si,10.2,mujer,B
STU-01705,Estadistica,1,6.5,5.5,79.5,16,0,6,1.4,72.9,71.8,1,no,0.0,hombre,A
STU-01706,Actuaria,6,6.6,6.1,59.8,4,2,7,0.9,74.1,58.9,0,no,0.0,mujer,D
STU-01707,Economia,4,9.1,5.1,74.1,35,1,5,2.3,87.3,62.7,0,no,0.0,hombre,A
STU-01708,Economia,6,5.9,6.9,63.5,61,1,6,1.3,90.8,80.7,1,no,0.0,mujer,F
STU-01709,Matematicas,9,7.6,10.0,88.1,64,2,5,1.3,78.7,74.6,1,si,0.0,hombre,A
STU-01710,Ciencia de Datos,2,8.0,4.5,78.5,37,0,8,0.9,85.2,62.6,0,no,17.2,prefiere_no_decir,E
STU-01711,Matematicas,7,7.4,9.4,93.0,85,1,5,2.4,78.4,89.8,1,si,4.6,mujer,C
STU-01712,Estadistica,9,7.0,10.4,78.1,66,2,6,1.4,98.5,98.9,1,si,0.0,mujer,D
STU-01713,Actuaria,5,5.8,7.1,93.1,56,0,6,5.8,88.2,69.0,0,no,0.0,hombre,D
STU-01714,Economia,7,7.1,8.1,79.9,11,2,8,1.2,83.4,68.9,0,si,0.0,mujer,D
STU-01715,Economia,3,8.8,0.6,76.4,99,0,6,3.1,71.7,65.0,0,no,20.0,hombre,F
STU-01716,Ciencia de Datos,8,7.4,9.0,80.7,56,1,8,3.4,68.6,64.2,0,si,0.0,hombre,E
STU-01717,Economia,9,7.8,5.9,94.4,184,0,5,0.9,75.3,73.1,1,si,0.0,no_binario,B
STU-01718,Estadistica,6,6.8,4.2,75.3,34,1,5,1.3,78.5,77.2,1,no,0.0,hombre,E
STU-01719,Ciencia de Datos,1,7.6,0.5,59.9,71,3,4,4.8,72.2,43.6,0,si,9.0,mujer,B
STU-01720,Economia,3,8.0,4.7,72.6,57,1,5,1.7,73.4,68.9,0,no,0.0,mujer,C
STU-01721,Estadistica,1,7.0,6.7,83.6,23,1,5,2.3,93.9,83.2,1,si,0.0,mujer,D
STU-01722,Ciencia de Datos,4,6.4,3.0,57.5,55,5,6,1.5,65.8,51.8,0,no,17.8,mujer,B
STU-01723,Matematicas,7,7.6,9.0,79.7,12,3,5,0.4,74.4,67.3,0,no,0.0,prefiere_no_decir,F
STU-01724,Estadistica,9,7.3,12.6,90.8,53,2,9,6.3,98.1,89.2,1,no,0.0,mujer,F
STU-01725,Economia,4,6.8,0.9,90.9,119,2,5,0.2,71.6,51.8,0,no,17.9,hombre,C
STU-01726,Ciencia de Datos,5,9.1,11.0,97.6,15,1,5,1.8,83.6,77.8,1,no,0.0,mujer,D
STU-01727,Ciencia de Datos,8,6.9,6.8,77.5,88,3,9,7.0,83.1,59.3,0,no,0.0,hombre,B
STU-01728,Matematicas,7,6.7,2.1,61.3,23,1,6,0.8,85.3,70.4,1,si,13.5,mujer,E
STU-01729,Matematicas,6,6.6,6.2,72.8,35,1,7,1.1,75.4,76.0,1,no,0.0,prefiere_no_decir,B
STU-01730,Estadistica,4,6.5,5.9,77.2,49,2,3,2.0,78.6,77.7,1,si,0.0,no_binario,A
STU-01731,Estadistica,6,7.2,6.2,84.3,31,1,7,8.8,85.9,80.3,1,no,0.0,hombre,A
STU-01732,Economia,1,7.9,2.1,80.9,93,2,4,2.8,80.7,71.6,1,si,0.0,hombre,F
STU-01733,Estadistica,9,7.0,6.6,67.2,26,3,10,7.9,86.3,67.1,0,no,0.0,hombre,E
STU-01734,Estadistica,6,7.2,9.6,98.3,94,2,6,4.4,94.1,95.9,1,no,0.0,no_binario,E
STU-01735,Ciencia de Datos,4,5.9,10.2,84.1,54,3,8,6.0,90.0,67.9,0,no,0.0,mujer,D
STU-01736,Actuaria,2,7.3,6.6,82.1,28,0,4,4.7,84.8,58.7,0,no,0.0,mujer,D
STU-01737,Estadistica,5,8.6,8.5,89.7,65,2,6,6.3,85.4,82.8,1,no,0.0,mujer,E
STU-01738,Economia,8,6.8,5.1,100.0,127,0,5,4.4,80.7,79.6,1,si,0.0,mujer,A
STU-01739,Ciencia de Datos,6,7.7,9.7,72.4,19,0,6,3.0,94.2,86.4,1,si,13.5,hombre,A
STU-01740,Estadistica,7,5.3,4.9,52.0,31,3,9,5.8,98.5,49.3,0,si,25.2,hombre,C
STU-01741,Estadistica,3,7.0,6.9,78.6,73,1,6,3.6,87.2,78.3,1,no,22.0,mujer,C
STU-01742,Actuaria,3,8.2,7.2,73.5,42,0,5,0.9,65.4,59.0,0,si,0.0,hombre,B
STU-01743,Ciencia de Datos,7,8.4,8.2,89.0,191,3,5,0.5,83.6,69.9,0,si,17.1,hombre,B
STU-01744,Matematicas,4,6.5,7.8,70.8,7,0,5,0.5,83.5,77.9,1,no,0.0,mujer,C
STU-01745,Estadistica,6,7.8,7.3,100.0,61,2,6,1.0,78.5,88.4,1,no,0.0,mujer,E
STU-01746,Matematicas,5,8.0,8.1,90.9,125,2,6,1.6,78.7,73.5,1,no,0.0,hombre,B
STU-01747,Ciencia de Datos,5,7.1,5.6,82.7,100,1,5,0.8,80.5,69.4,0,no,14.7,mujer,E
STU-01748,Matematicas,7,7.4,6.2,71.8,0,3,7,3.7,70.9,68.6,0,no,9.8,mujer,E
STU-01749,Actuaria,3,7.5,11.7,89.6,33,1,6,1.2,99.8,88.4,1,si,0.0,hombre,F
STU-01750,Estadistica,6,6.5,8.0,100.0,81,2,5,3.6,79.5,89.0,1,no,0.0,hombre,B
STU-01751,Estadistica,2,7.8,4.9,85.7,41,0,5,0.4,75.8,68.3,0,si,12.2,hombre,F
STU-01752,Ciencia de Datos,2,6.6,4.5,73.9,83,0,8,1.6,64.9,59.3,0,no,0.0,mujer,F
STU-01753,Estadistica,5,7.4,10.5,72.3,48,0,6,2.5,77.0,81.0,1,si,0.0,mujer,D
STU-01754,Economia,5,6.5,9.2,100.0,78,2,5,4.5,76.5,86.0,1,si,0.0,hombre,D
STU-01755,Matematicas,3,5.0,6.3,76.2,63,4,6,6.1,93.7,61.3,0,si,13.2,mujer,A
STU-01756,Estadistica,2,8.0,12.0,100.0,110,1,3,1.4,86.4,80.2,1,si,0.0,mujer,B
STU-01757,Economia,7,7.5,6.0,87.5,101,2,6,0.8,86.8,74.1,1,no,0.0,hombre,B
STU-01758,Estadistica,6,5.6,7.3,81.9,21,2,5,1.1,88.9,70.5,1,no,18.1,mujer,E
STU-01759,Estadistica,5,5.6,8.6,94.5,59,1,6,3.1,93.1,87.5,1,no,14.5,mujer,E
STU-01760,Estadistica,5,7.2,5.9,76.5,53,2,6,3.6,80.4,67.4,0,no,0.0,hombre,A
STU-01761,Actuaria,9,3.8,9.1,80.5,67,3,7,4.7,93.7,68.2,0,no,15.8,hombre,F
STU-01762,Estadistica,2,7.4,9.3,84.0,55,0,3,4.1,91.1,97.4,1,no,0.0,hombre,E
STU-01763,Actuaria,1,8.2,3.0,71.8,99,2,6,3.2,70.8,55.9,0,no,27.0,hombre,E
STU-01764,Estadistica,9,5.6,6.5,71.1,56,1,7,2.0,85.5,72.2,1,si,26.9,hombre,D
STU-01765,Estadistica,8,8.1,9.0,100.0,148,0,3,1.0,74.0,83.0,1,no,0.0,hombre,A
STU-01766,Estadistica,3,7.1,3.4,74.0,46,1,7,3.8,87.9,62.1,0,no,0.0,hombre,A
STU-01767,Estadistica,1,7.8,3.8,77.0,27,1,3,2.2,80.1,63.3,0,si,0.0,mujer,A
STU-01768,Matematicas,2,7.7,3.9,70.6,11,1,7,2.9,80.1,60.6,0,no,15.7,mujer,C
STU-01769,Matematicas,3,5.7,5.1,73.9,33,3,5,7.6,76.9,62.4,0,no,0.0,hombre,A
STU-01770,Estadistica,9,6.1,10.5,83.0,73,2,6,2.0,96.8,80.7,1,si,0.0,mujer,E
STU-01771,Estadistica,8,8.7,12.2,78.3,46,3,6,2.3,90.7,92.0,1,no,0.0,hombre,F
STU-01772,Matematicas,1,5.4,6.7,78.8,48,1,6,3.1,81.4,72.1,1,si,17.3,hombre,F
STU-01773,Ciencia de Datos,4,6.7,3.7,49.3,17,2,9,3.8,74.7,50.5,0,si,26.3,mujer,A
STU-01774,Actuaria,8,9.1,8.0,69.3,18,1,6,3.1,92.1,72.2,1,no,0.0,mujer,C
STU-01775,Estadistica,7,7.1,8.6,82.0,41,1,7,1.6,100.0,94.1,1,no,0.0,mujer,C
STU-01776,Actuaria,3,8.0,5.7,81.3,47,3,5,1.8,81.5,67.8,0,si,21.4,hombre,F
STU-01777,Estadistica,7,6.5,8.1,57.7,19,2,8,1.2,86.9,69.6,0,si,20.5,hombre,A
STU-01778,Ciencia de Datos,9,7.0,9.3,84.7,73,2,8,3.4,95.1,83.8,1,no,18.5,hombre,E
STU-01779,Actuaria,6,6.9,8.0,74.2,28,0,6,0.1,98.8,81.7,1,no,0.0,mujer,D
STU-01780,Ciencia de Datos,6,9.0,2.8,74.8,59,1,5,0.4,84.7,62.8,0,si,13.7,mujer,F
STU-01781,Estadistica,2,7.1,6.6,70.8,3,1,5,1.5,70.9,63.2,0,no,19.3,mujer,F
STU-01782,Estadistica,5,7.5,10.2,76.7,54,1,8,5.8,97.0,72.5,1,no,12.1,hombre,E
STU-01783,Actuaria,8,7.1,11.2,100.0,220,3,4,3.8,78.5,82.7,1,si,27.0,mujer,A
STU-01784,Matematicas,2,7.4,3.9,67.0,46,3,6,3.9,82.8,68.1,0,no,20.3,hombre,E
STU-01785,Estadistica,5,8.8,4.6,62.7,48,1,7,4.2,87.4,71.0,1,no,17.9,mujer,B
STU-01786,Economia,9,8.4,7.5,69.8,15,1,6,3.8,83.0,74.3,1,si,6.8,mujer,B
STU-01787,Economia,7,8.8,5.1,80.8,37,2,4,4.0,79.9,59.2,0,no,21.4,no_binario,B
STU-01788,Matematicas,2,6.3,10.0,75.1,28,1,5,2.8,88.3,70.1,1,no,0.0,mujer,D
STU-01789,Economia,7,7.6,11.6,94.5,86,2,7,4.1,78.3,96.8,1,no,0.0,hombre,B
STU-01790,Ciencia de Datos,1,6.8,4.8,72.6,35,2,5,0.8,79.2,65.3,0,no,0.0,hombre,A
STU-01791,Actuaria,5,7.7,8.5,83.3,62,3,6,3.2,77.9,79.0,1,no,20.3,hombre,A
STU-01792,Actuaria,5,8.1,6.5,85.7,108,2,6,2.0,71.1,54.9,0,no,14.7,mujer,E
STU-01793,Ciencia de Datos,2,6.7,3.2,86.5,104,1,5,3.1,89.5,74.6,1,no,0.0,mujer,E
STU-01794,Estadistica,9,5.0,7.3,76.6,29,5,8,1.2,76.5,45.9,0,no,17.5,hombre,B
STU-01795,Ciencia de Datos,2,8.4,4.4,94.4,61,1,5,2.4,78.5,59.3,0,no,16.0,hombre,E
STU-01796,Estadistica,2,5.0,2.3,72.0,104,1,6,3.2,80.2,58.9,0,si,29.3,mujer,D
STU-01797,Actuaria,5,6.5,7.6,73.0,89,0,9,2.0,71.1,57.0,0,no,15.6,hombre,C
STU-01798,Actuaria,3,7.4,6.5,85.3,4,2,7,1.1,71.4,59.8,0,no,0.0,no_binario,B
STU-01799,Estadistica,8,6.1,11.0,91.4,39,0,4,1.3,81.2,81.5,1,si,0.0,hombre,E
STU-01800,Ciencia de Datos,6,6.1,6.4,96.3,108,1,4,0.1,90.7,71.0,1,si,19.1,mujer,B
STU-01801,Matematicas,9,7.5,10.3,71.3,43,4,7,1.2,87.0,93.5,1,no,7.8,mujer,D
STU-01802,Actuaria,7,6.9,7.7,89.2,57,3,6,3.1,77.4,87.6,1,si,0.0,mujer,A
STU-01803,Estadistica,2,6.1,4.6,81.0,101,4,6,3.7,77.6,56.1,0,no,24.3,hombre,D
STU-01804,Estadistica,7,8.7,9.2,91.9,35,0,6,1.1,90.2,80.7,1,no,0.0,no_binario,F
STU-01805,Economia,3,7.1,7.4,80.9,36,2,5,0.4,92.0,78.8,1,no,12.8,hombre,D
STU-01806,Actuaria,3,8.3,3.0,70.2,53,0,2,0.7,60.9,56.1,0,no,11.3,hombre,A
STU-01807,Ciencia de Datos,4,8.6,8.4,100.0,177,1,6,1.7,79.7,80.7,1,no,0.0,mujer,C
STU-01808,Estadistica,9,7.2,13.2,91.6,83,0,6,4.0,82.7,92.1,1,no,0.0,hombre,E
STU-01809,Ciencia de Datos,5,6.7,5.9,81.0,34,5,8,0.8,79.6,71.0,1,no,14.1,hombre,B
STU-01810,Actuaria,7,7.7,7.8,100.0,164,1,5,1.0,85.4,82.8,1,no,0.0,hombre,F
STU-01811,Economia,2,6.0,4.6,77.6,16,0,4,1.1,89.2,75.3,1,no,0.0,hombre,A
STU-01812,Ciencia de Datos,7,7.9,8.6,88.0,65,1,6,2.3,92.0,95.0,1,no,0.0,prefiere_no_decir,F
STU-01813,Estadistica,6,8.1,4.7,92.3,92,0,6,0.5,69.0,65.2,0,si,0.0,hombre,C
STU-01814,Estadistica,4,6.2,1.8,70.0,4,4,8,1.2,83.6,57.4,0,no,27.2,mujer,A
STU-01815,Estadistica,1,6.2,0.5,62.0,22,4,7,5.0,73.0,50.8,0,si,23.6,hombre,D
STU-01816,Ciencia de Datos,4,6.6,5.5,70.5,108,1,7,9.0,85.1,72.1,1,no,22.1,hombre,D
STU-01817,Estadistica,2,6.6,3.4,90.6,0,1,4,1.4,73.4,66.3,0,si,18.2,mujer,F
STU-01818,Ciencia de Datos,5,6.9,4.6,55.4,33,2,8,2.4,83.9,50.4,0,no,22.6,hombre,E
STU-01819,Ciencia de Datos,1,7.4,8.8,96.8,73,0,4,2.3,81.2,100.0,1,no,0.0,mujer,F
STU-01820,Estadistica,7,5.6,6.6,91.6,86,2,6,2.2,86.3,86.8,1,no,17.1,hombre,D
STU-01821,Ciencia de Datos,8,6.6,6.7,70.7,33,2,6,3.2,83.1,73.2,1,no,19.0,hombre,E
STU-01822,Ciencia de Datos,3,7.4,3.6,69.6,4,2,5,1.9,69.2,52.1,0,si,0.0,mujer,A
STU-01823,Estadistica,9,6.2,12.4,86.2,83,2,5,2.0,71.9,82.3,1,no,0.0,hombre,C
STU-01824,Estadistica,2,6.1,0.5,59.4,48,2,6,3.5,68.2,47.5,0,no,19.4,hombre,B
STU-01825,Matematicas,2,8.0,4.7,76.0,17,1,6,1.7,71.9,58.8,0,no,0.0,mujer,B
STU-01826,Estadistica,1,6.6,14.3,100.0,139,1,4,2.1,100.0,91.4,1,si,0.0,mujer,B
STU-01827,Estadistica,9,6.9,4.9,77.7,50,0,5,0.5,90.0,80.7,1,si,0.0,mujer,F
STU-01828,Estadistica,9,7.4,14.3,100.0,102,2,7,1.0,92.8,89.1,1,no,0.0,hombre,B
STU-01829,Matematicas,7,6.6,8.5,87.6,75,3,8,4.0,88.8,84.0,1,si,0.0,mujer,F
STU-01830,Estadistica,6,8.7,10.5,100.0,55,2,6,2.8,91.6,95.3,1,si,0.0,mujer,E
STU-01831,Ciencia de Datos,4,7.3,3.4,68.0,75,0,5,3.8,57.0,61.4,0,no,0.0,no_binario,D
STU-01832,Estadistica,1,7.7,4.7,83.7,127,0,6,3.4,84.9,75.2,1,si,12.2,mujer,F
STU-01833,Economia,5,4.7,3.4,73.3,63,3,8,3.2,70.8,45.5,0,no,20.0,no_binario,D
STU-01834,Ciencia de Datos,5,5.7,7.2,80.8,80,1,5,1.4,87.7,76.7,1,no,0.0,hombre,B
STU-01835,Economia,4,6.7,6.0,97.0,132,1,3,2.3,96.3,79.8,1,no,18.5,hombre,D
STU-01836,Matematicas,7,8.3,11.1,84.3,30,3,6,4.1,90.1,92.6,1,si,0.0,hombre,C
STU-01837,Estadistica,4,6.9,5.3,67.3,0,0,6,2.2,94.8,87.2,1,si,0.0,hombre,D
STU-01838,Estadistica,3,7.0,3.1,91.4,61,4,5,3.1,85.2,76.8,1,no,27.6,hombre,D
STU-01839,Matematicas,8,7.6,8.5,95.7,65,0,5,0.8,95.0,95.1,1,no,8.6,hombre,C
STU-01840,Matematicas,6,6.5,12.5,100.0,79,1,5,1.7,77.6,86.6,1,no,0.0,mujer,B
STU-01841,Actuaria,3,6.6,1.1,61.9,57,1,6,0.9,84.6,56.2,0,si,9.5,mujer,D
STU-01842,Economia,7,7.6,7.5,66.2,46,0,7,7.0,72.4,68.1,0,si,0.0,mujer,E
STU-01843,Actuaria,3,6.3,5.8,68.7,16,0,6,2.7,81.7,72.1,1,si,0.0,prefiere_no_decir,F
STU-01844,Economia,6,8.0,2.7,63.6,68,4,8,2.0,62.5,50.9,0,si,11.9,hombre,A
STU-01845,Ciencia de Datos,5,7.6,9.0,99.6,57,2,6,1.4,90.7,84.1,1,no,11.6,hombre,B
STU-01846,Economia,6,6.5,2.7,66.0,67,1,8,1.0,66.9,51.5,0,no,17.5,hombre,B
STU-01847,Actuaria,8,7.9,7.7,61.6,20,1,7,4.2,75.3,62.9,0,no,10.8,mujer,A
STU-01848,Estadistica,8,7.0,11.8,83.4,37,1,7,1.7,79.7,97.8,1,si,0.0,hombre,E
STU-01849,Ciencia de Datos,5,6.4,6.2,90.7,122,0,6,5.8,87.5,76.2,1,no,0.0,hombre,A
STU-01850,Ciencia de Datos,5,7.4,4.4,54.2,40,3,8,2.1,87.0,57.2,0,no,24.2,mujer,E
STU-01851,Ciencia de Datos,2,6.1,9.6,69.3,21,1,8,6.0,85.3,72.4,1,no,0.0,mujer,E
STU-01852,Estadistica,7,8.0,10.8,78.5,31,1,5,2.4,85.1,75.4,1,si,0.0,mujer,C
STU-01853,Economia,5,8.3,5.8,75.7,69,0,5,6.2,70.3,65.1,0,si,15.4,mujer,D
STU-01854,Ciencia de Datos,1,6.7,4.7,75.8,18,0,5,1.1,77.2,73.0,1,si,24.7,hombre,F
STU-01855,Economia,5,6.8,9.5,83.4,63,2,5,1.0,83.9,74.7,1,no,0.0,hombre,D
STU-01856,Ciencia de Datos,3,6.8,9.1,75.5,47,0,5,7.0,77.5,68.1,0,no,0.0,hombre,A
STU-01857,Economia,1,7.6,4.9,77.3,28,0,3,3.1,69.8,76.3,1,no,0.0,hombre,E
STU-01858,Ciencia de Datos,6,8.8,8.4,85.7,36,2,5,1.2,80.9,82.9,1,no,13.7,hombre,F
STU-01859,Estadistica,8,7.1,8.2,79.3,49,1,5,2.9,79.9,83.5,1,no,0.0,hombre,D
STU-01860,Economia,2,6.8,3.9,76.7,42,1,7,1.1,76.8,65.7,0,si,27.6,mujer,C
STU-01861,Estadistica,9,5.7,5.8,60.3,31,5,10,1.8,89.8,65.7,0,si,36.4,hombre,A
STU-01862,Matematicas,8,6.8,9.8,86.8,46,2,7,4.2,86.7,82.8,1,si,0.0,mujer,E
STU-01863,Matematicas,7,8.0,8.1,72.7,79,2,7,0.5,74.0,79.2,1,no,12.7,mujer,D
STU-01864,Economia,5,8.0,7.7,68.9,10,1,6,3.1,61.3,50.3,0,no,0.7,prefiere_no_decir,C
STU-01865,Estadistica,5,7.9,10.4,95.8,64,0,5,0.1,75.5,100.0,1,si,0.0,no_binario,C
STU-01866,Economia,6,6.4,5.7,69.8,30,1,5,4.4,79.9,82.9,1,si,0.0,mujer,C
STU-01867,Estadistica,1,6.7,2.3,83.7,53,1,5,0.7,78.2,72.3,1,no,0.0,hombre,C
STU-01868,Actuaria,6,8.3,5.9,89.1,38,2,5,1.7,88.6,82.8,1,no,0.0,hombre,B
STU-01869,Economia,3,5.7,4.4,63.6,11,3,8,3.3,76.0,57.9,0,no,0.0,mujer,C
STU-01870,Ciencia de Datos,1,6.2,7.7,75.3,14,7,7,1.0,74.1,73.2,1,no,21.2,hombre,C
STU-01871,Ciencia de Datos,2,7.3,5.0,73.2,118,2,4,4.1,87.0,77.6,1,si,0.0,hombre,F
STU-01872,Actuaria,6,6.2,12.7,92.1,63,2,7,0.5,90.5,97.8,1,no,8.4,mujer,F
STU-01873,Economia,7,6.6,11.3,88.7,29,2,7,3.5,89.8,94.5,1,si,0.0,mujer,C
STU-01874,Actuaria,6,6.9,7.4,64.0,0,2,8,2.1,82.2,66.0,0,no,23.1,hombre,F
STU-01875,Estadistica,1,7.7,4.1,75.4,32,0,4,1.0,79.7,69.9,0,si,0.0,hombre,A
STU-01876,Actuaria,8,6.8,5.8,63.2,39,7,9,2.8,89.9,69.6,0,no,0.0,mujer,F
STU-01877,Estadistica,5,8.8,5.3,68.0,4,1,6,0.9,76.3,66.1,0,no,0.0,hombre,E
STU-01878,Ciencia de Datos,8,8.5,8.4,75.2,21,2,8,5.6,93.2,80.4,1,no,10.3,hombre,F
STU-01879,Ciencia de Datos,1,7.1,0.5,74.4,47,1,5,3.9,60.5,50.9,0,no,14.3,mujer,C
STU-01880,Actuaria,6,6.9,8.6,63.1,118,2,7,1.1,75.5,80.2,1,si,0.0,hombre,F
STU-01881,Matematicas,7,7.0,5.1,78.7,55,1,4,2.6,74.6,73.7,1,si,8.5,hombre,F
STU-01882,Estadistica,3,7.5,11.0,92.5,97,4,6,4.9,88.3,80.6,1,no,0.0,mujer,A
STU-01883,Economia,3,5.6,2.2,64.9,74,5,6,0.7,72.5,51.6,0,no,17.3,mujer,F
STU-01884,Estadistica,7,6.4,7.5,63.2,0,4,7,1.8,81.6,65.5,0,si,14.6,hombre,D
STU-01885,Economia,3,6.3,6.5,94.0,153,2,4,3.0,91.6,73.5,1,no,0.0,hombre,B
STU-01886,Economia,2,5.4,4.0,73.7,65,4,7,1.5,85.9,64.2,0,si,23.5,hombre,E
STU-01887,Ciencia de Datos,4,7.5,2.5,75.3,75,0,4,2.4,74.9,67.6,0,no,0.0,mujer,E
STU-01888,Actuaria,6,8.6,2.1,92.9,61,1,4,1.0,74.9,62.5,0,no,0.0,mujer,F
STU-01889,Ciencia de Datos,1,6.5,1.7,73.0,45,3,8,4.2,77.4,65.2,0,si,26.7,hombre,E
STU-01890,Actuaria,6,7.1,5.3,73.6,45,1,5,5.7,80.7,89.7,1,si,0.0,hombre,F
STU-01891,Estadistica,8,6.5,6.0,88.3,66,2,6,0.9,96.3,82.3,1,no,16.9,hombre,D
STU-01892,Estadistica,3,7.3,3.7,82.9,52,1,6,3.2,87.4,79.0,1,si,11.1,mujer,E
STU-01893,Actuaria,3,8.1,3.6,86.8,132,1,4,0.2,81.7,68.3,0,no,12.6,hombre,B
STU-01894,Economia,2,8.4,4.6,70.0,47,2,6,3.8,77.8,67.7,0,no,0.0,mujer,D
STU-01895,Actuaria,8,5.1,6.0,90.3,67,3,7,1.0,100.0,77.9,1,si,33.1,hombre,E
STU-01896,Estadistica,5,7.2,8.0,73.7,38,2,5,1.3,82.6,82.2,1,no,0.0,hombre,C
STU-01897,Estadistica,1,7.2,4.8,95.5,75,2,2,1.4,80.4,84.7,1,no,0.0,mujer,F
STU-01898,Estadistica,1,7.3,5.2,92.1,102,0,6,0.7,62.6,66.1,0,si,13.6,hombre,F
STU-01899,Actuaria,5,8.0,6.5,81.7,10,1,6,8.9,85.3,74.2,1,si,0.0,mujer,A
STU-01900,Ciencia de Datos,9,5.2,8.2,73.8,21,2,9,1.8,97.0,77.3,1,no,11.1,mujer,E
STU-01901,Actuaria,9,8.7,9.0,76.6,9,3,10,2.8,92.6,69.1,0,no,17.4,hombre,E
STU-01902,Matematicas,3,7.8,6.8,84.9,40,0,4,1.3,87.1,94.7,1,no,0.0,hombre,E
STU-01903,Estadistica,1,5.9,1.7,70.9,59,1,5,4.9,69.0,54.6,0,no,25.5,mujer,B
STU-01904,Estadistica,1,7.0,7.5,93.3,29,0,4,0.2,84.8,87.3,1,no,0.0,mujer,C
STU-01905,Estadistica,1,6.5,5.7,71.4,36,3,6,3.2,66.1,60.1,0,no,31.5,mujer,D
STU-01906,Estadistica,1,8.7,3.9,85.0,85,0,3,2.5,80.3,81.7,1,no,0.0,mujer,B
STU-01907,Matematicas,9,7.7,9.2,71.1,62,3,6,0.5,79.5,79.8,1,si,0.0,mujer,A
STU-01908,Actuaria,2,6.1,4.3,85.9,82,1,5,4.4,83.4,70.0,1,si,0.0,hombre,B
STU-01909,Actuaria,5,8.1,8.9,79.4,31,2,7,4.1,80.2,80.9,1,no,14.7,mujer,E
STU-01910,Economia,6,5.2,3.4,59.7,56,2,8,0.9,89.5,46.3,0,no,20.4,hombre,E
STU-01911,Ciencia de Datos,9,6.3,11.5,83.2,43,1,7,1.8,94.5,84.2,1,no,0.0,hombre,E
STU-01912,Estadistica,2,5.8,7.0,92.1,52,3,6,4.6,94.1,74.7,1,no,0.0,mujer,F
STU-01913,Estadistica,8,7.7,8.2,87.5,61,0,5,0.7,99.8,90.0,1,si,0.0,hombre,B
STU-01914,Matematicas,6,8.4,8.4,93.6,220,3,4,0.8,87.6,74.4,1,si,0.0,no_binario,F
STU-01915,Estadistica,8,6.5,10.9,99.2,51,4,6,1.0,100.0,85.9,1,no,0.0,mujer,A
STU-01916,Matematicas,6,5.2,7.1,71.6,66,0,6,0.1,78.0,71.7,1,no,0.0,mujer,A
STU-01917,Economia,5,7.0,10.5,89.4,45,1,6,6.1,70.2,73.7,1,no,0.0,hombre,C
STU-01918,Matematicas,2,6.8,3.9,81.2,83,0,7,1.4,66.6,56.1,0,no,26.1,hombre,C
STU-01919,Actuaria,5,6.2,8.4,63.1,0,2,6,2.4,91.7,83.7,1,no,15.8,mujer,D
STU-01920,Ciencia de Datos,1,7.8,7.6,85.7,103,1,5,4.1,70.0,81.0,1,no,0.0,hombre,A
STU-01921,Economia,5,7.1,6.3,70.4,23,2,5,2.3,86.9,79.9,1,no,18.6,mujer,F
STU-01922,Matematicas,7,6.2,8.9,95.7,33,1,7,1.6,87.8,86.3,1,no,0.0,mujer,E
STU-01923,Economia,7,6.4,8.6,71.0,39,3,8,1.3,66.5,60.9,0,si,0.0,hombre,A
STU-01924,Economia,1,7.4,9.8,97.2,11,1,4,2.2,95.6,100.0,1,no,0.0,no_binario,E
STU-01925,Ciencia de Datos,4,7.6,11.9,94.1,87,0,5,0.8,82.5,81.9,1,si,0.0,mujer,B
STU-01926,Actuaria,5,6.9,2.7,75.7,71,0,4,0.1,76.5,56.9,0,no,17.0,hombre,A
STU-01927,Matematicas,1,6.8,1.4,74.9,40,4,5,0.6,74.7,54.0,0,no,2.9,hombre,A
STU-01928,Estadistica,3,5.8,4.2,94.2,112,1,7,2.3,98.9,78.1,1,si,0.0,mujer,C
STU-01929,Estadistica,4,8.1,4.8,72.4,112,0,6,1.2,79.6,70.7,1,no,16.6,hombre,D
STU-01930,Economia,9,6.4,10.9,87.8,87,0,8,2.6,85.0,81.6,1,si,0.0,mujer,E
STU-01931,Matematicas,7,7.1,4.5,82.1,47,0,7,4.0,80.7,65.5,0,si,0.0,hombre,C
STU-01932,Actuaria,4,7.3,6.2,87.6,57,4,5,0.6,78.4,78.0,1,no,0.0,hombre,B
STU-01933,Estadistica,4,6.8,8.5,72.6,33,2,8,3.9,76.0,69.7,0,si,18.3,mujer,F
STU-01934,Economia,5,6.4,7.3,81.9,22,1,7,1.0,82.9,74.3,1,si,15.1,hombre,C
STU-01935,Estadistica,7,8.0,10.3,69.2,53,1,6,1.3,61.7,63.2,0,si,0.0,mujer,A
STU-01936,Ciencia de Datos,9,7.0,9.4,100.0,137,3,5,3.4,89.0,94.7,1,si,0.0,mujer,C
STU-01937,Economia,9,8.0,5.0,73.6,2,0,6,0.9,73.9,67.0,0,no,30.4,mujer,B
STU-01938,Actuaria,5,6.9,6.5,86.9,54,1,4,1.3,82.3,77.8,1,si,0.0,hombre,C
STU-01939,Estadistica,6,6.3,6.7,74.9,72,1,5,9.0,88.5,67.6,0,no,0.0,mujer,E
STU-01940,Ciencia de Datos,7,5.9,11.9,86.3,51,0,4,0.5,84.4,91.6,1,si,0.0,mujer,C
STU-01941,Estadistica,1,7.0,3.7,71.9,33,2,5,4.4,81.6,71.6,1,no,0.0,mujer,E
STU-01942,Estadistica,7,6.1,4.0,80.4,63,0,4,0.3,89.8,81.1,1,no,16.2,hombre,D
STU-01943,Economia,6,6.8,4.7,91.9,74,2,4,2.1,73.8,70.9,1,si,0.0,mujer,E
STU-01944,Ciencia de Datos,5,6.4,10.8,95.3,58,1,5,0.2,98.9,95.6,1,no,7.9,hombre,F
STU-01945,Estadistica,4,5.6,4.0,78.5,40,0,5,3.5,68.1,59.6,0,no,0.0,hombre,C
STU-01946,Matematicas,7,6.8,5.1,97.7,92,3,6,4.7,89.6,76.2,1,no,0.0,mujer,B
STU-01947,Actuaria,6,9.8,9.8,77.1,84,1,6,5.1,94.8,74.9,1,no,0.0,mujer,A
STU-01948,Ciencia de Datos,3,8.5,1.2,81.9,125,0,3,7.7,69.0,61.8,0,no,0.0,mujer,F
STU-01949,Estadistica,1,7.3,3.9,87.7,92,2,3,2.2,81.0,73.3,1,no,0.0,mujer,F
STU-01950,Ciencia de Datos,2,7.6,5.5,65.0,22,0,6,0.7,89.7,76.2,1,no,0.0,hombre,D
STU-01951,Matematicas,5,7.6,6.9,93.3,22,1,5,1.2,87.4,90.3,1,no,0.0,mujer,C
STU-01952,Economia,4,8.3,3.8,86.6,117,1,6,4.3,89.1,58.4,0,si,20.9,mujer,A
STU-01953,Actuaria,3,5.7,4.9,86.0,117,1,7,2.9,98.5,79.0,1,si,27.0,hombre,F
STU-01954,Actuaria,1,7.0,2.0,75.0,35,3,7,5.4,83.2,59.9,0,no,29.5,hombre,E
STU-01955,Actuaria,3,4.7,7.9,63.8,27,0,7,3.4,86.0,59.8,0,si,0.0,mujer,D
STU-01956,Matematicas,5,6.3,9.8,77.9,23,0,7,2.2,82.0,81.0,1,si,23.0,hombre,F
STU-01957,Economia,2,6.0,6.1,65.4,17,3,8,3.1,79.9,56.6,0,si,0.0,mujer,D
STU-01958,Actuaria,9,7.0,13.3,84.3,45,1,7,2.3,100.0,100.0,1,no,0.0,mujer,B
STU-01959,Estadistica,6,5.2,6.9,89.1,28,3,4,4.1,61.8,68.4,0,si,0.0,hombre,C
STU-01960,Ciencia de Datos,2,7.3,4.1,88.1,60,2,3,4.8,73.9,73.4,1,si,0.0,hombre,E
STU-01961,Actuaria,6,7.7,7.6,64.9,20,1,6,5.4,81.2,70.7,1,si,8.3,prefiere_no_decir,E
STU-01962,Estadistica,4,7.5,5.8,63.9,6,2,6,0.4,70.4,62.3,0,si,0.0,hombre,D
STU-01963,Matematicas,1,5.3,8.1,79.0,5,2,7,2.3,77.6,69.4,0,no,0.0,hombre,A
STU-01964,Estadistica,9,6.9,10.9,100.0,90,2,6,3.9,91.6,99.8,1,si,0.0,mujer,E
STU-01965,Actuaria,5,4.8,2.0,71.9,142,0,6,0.8,95.9,55.1,0,no,21.0,hombre,A
STU-01966,Matematicas,6,6.3,7.2,90.8,47,3,8,6.2,82.8,74.1,1,no,0.0,mujer,B
STU-01967,Matematicas,4,7.7,7.5,83.9,83,3,4,2.5,82.5,81.5,1,no,0.0,mujer,F
STU-01968,Estadistica,4,8.7,6.1,81.5,81,1,6,3.4,76.1,74.0,1,si,10.9,mujer,E
STU-01969,Estadistica,7,7.7,6.3,90.3,61,0,5,2.0,90.5,85.0,1,si,14.3,mujer,C
STU-01970,Actuaria,1,7.7,5.2,90.8,42,0,3,1.0,82.5,74.7,1,no,0.0,mujer,E
STU-01971,Estadistica,2,8.2,4.3,77.5,54,0,5,3.5,84.3,69.5,0,no,0.0,mujer,C
STU-01972,Economia,8,5.5,2.9,63.7,54,4,8,2.0,71.6,43.0,0,no,24.5,mujer,E
STU-01973,Matematicas,3,6.9,3.9,79.0,47,0,5,1.6,71.5,70.1,1,si,0.0,hombre,C
STU-01974,Ciencia de Datos,4,5.2,3.5,50.1,0,3,9,1.1,77.6,46.8,0,no,24.6,hombre,E
STU-01975,Economia,9,7.2,9.0,79.1,73,1,5,0.1,84.7,75.1,1,no,0.0,hombre,C
STU-01976,Actuaria,2,5.8,7.4,67.9,28,0,5,0.8,83.9,66.4,0,no,10.2,mujer,A
STU-01977,Actuaria,1,6.8,5.4,66.2,26,2,7,4.2,100.0,75.3,1,no,0.0,hombre,D
STU-01978,Estadistica,4,6.0,7.1,84.5,64,1,8,3.9,89.3,66.4,0,no,19.6,hombre,D
STU-01979,Estadistica,5,9.3,10.2,97.0,37,0,4,3.1,92.1,83.5,1,si,0.0,mujer,F
STU-01980,Matematicas,3,7.1,1.3,55.4,55,0,4,1.9,58.5,42.8,0,no,13.4,hombre,C
STU-01981,Estadistica,9,6.5,9.0,87.1,61,3,4,2.1,86.7,82.0,1,no,0.0,hombre,B
STU-01982,Ciencia de Datos,5,7.7,4.5,75.3,71,1,5,8.5,78.7,58.1,0,no,0.0,mujer,A
STU-01983,Ciencia de Datos,4,7.5,5.9,88.5,37,0,4,1.7,82.9,74.9,1,no,0.0,hombre,A
STU-01984,Actuaria,8,5.7,7.9,80.6,30,2,6,0.3,75.8,71.3,1,no,22.6,hombre,C
STU-01985,Ciencia de Datos,9,8.1,9.7,81.3,104,1,4,4.0,100.0,82.8,1,no,30.4,prefiere_no_decir,B
STU-01986,Economia,7,7.2,10.5,87.5,28,0,3,0.7,92.3,97.6,1,si,0.0,mujer,F
STU-01987,Estadistica,6,8.8,10.7,74.8,1,0,6,0.5,96.9,91.3,1,si,0.0,hombre,C
STU-01988,Estadistica,4,7.6,7.1,49.5,9,2,8,6.8,80.5,69.7,0,si,19.2,mujer,E
STU-01989,Economia,2,6.3,6.7,100.0,130,1,2,2.4,77.0,77.8,1,no,0.0,hombre,E
STU-01990,Estadistica,9,7.2,10.1,94.7,87,1,5,1.8,100.0,82.7,1,si,0.0,mujer,D
STU-01991,Matematicas,5,6.1,6.8,76.5,26,0,6,2.1,90.2,66.4,0,no,23.4,mujer,E
STU-01992,Estadistica,2,6.9,3.9,62.5,48,1,7,3.4,82.0,60.8,0,si,18.0,hombre,E
STU-01993,Matematicas,4,7.7,9.0,100.0,89,2,5,2.8,88.2,93.7,1,si,0.0,hombre,F
STU-01994,Estadistica,9,6.0,9.5,76.8,60,1,8,2.2,83.4,77.5,1,si,0.0,mujer,D
STU-01995,Estadistica,3,7.2,1.3,80.2,56,0,6,2.8,79.3,70.0,1,no,3.4,hombre,A
STU-01996,Matematicas,1,8.0,7.0,79.5,1,0,6,0.4,82.7,74.5,1,no,0.0,mujer,F
STU-01997,Actuaria,3,7.8,8.6,95.5,83,0,5,0.6,82.8,90.9,1,no,0.0,mujer,B
STU-01998,Economia,2,7.8,0.5,88.6,98,3,4,2.2,68.9,72.9,1,no,28.1,mujer,C
STU-01999,Actuaria,2,5.7,0.5,47.5,40,7,8,1.4,76.5,40.2,0,no,25.3,mujer,C
STU-02000,Actuaria,5,6.2,5.0,51.1,65,3,6,0.1,71.8,51.5,0,no,18.0,hombre,C
STU-02001,Estadistica,3,6.6,7.1,79.9,68,1,5,8.6,80.4,62.3,0,si,0.0,mujer,A
STU-02002,Matematicas,6,6.9,10.8,72.3,18,1,5,1.7,78.2,82.8,1,no,0.0,prefiere_no_decir,B
STU-02003,Ciencia de Datos,3,8.2,6.1,77.7,47,4,4,1.3,80.2,72.6,1,no,0.0,hombre,F
STU-02004,Economia,5,6.3,7.4,81.6,89,1,6,1.3,100.0,77.6,1,no,0.0,prefiere_no_decir,A
STU-02005,Ciencia de Datos,9,4.9,9.4,90.5,51,2,7,3.4,87.4,71.2,1,si,15.6,hombre,B
STU-02006,Economia,7,7.2,7.7,71.3,57,2,9,1.6,78.6,63.8,0,no,23.3,hombre,C
STU-02007,Estadistica,4,6.8,8.3,80.3,54,1,6,4.7,78.8,69.6,0,no,0.0,mujer,B
STU-02008,Matematicas,3,7.4,4.2,67.6,143,3,7,0.7,87.4,69.3,0,si,10.5,hombre,C
STU-02009,Economia,6,6.7,7.4,86.9,0,1,5,3.4,100.0,90.1,1,no,0.0,mujer,C
STU-02010,Economia,7,6.7,8.4,87.7,14,3,7,0.8,76.5,69.3,0,no,17.2,hombre,C
STU-02011,Matematicas,7,7.4,7.1,82.0,67,0,7,2.8,92.3,74.4,1,no,0.0,hombre,E
STU-02012,Ciencia de Datos,9,8.0,11.5,90.6,149,1,4,1.5,95.5,100.0,1,si,0.0,hombre,F
STU-02013,Estadistica,5,6.1,7.3,69.5,37,5,9,3.5,75.7,60.5,0,no,20.3,hombre,D
STU-02014,Estadistica,4,6.4,3.9,71.1,104,2,6,4.1,79.8,88.1,1,si,0.0,hombre,D
STU-02015,Estadistica,9,7.2,11.4,70.9,9,1,7,0.9,96.8,83.4,1,no,11.2,hombre,A
STU-02016,Estadistica,8,6.9,8.4,100.0,127,1,7,3.5,77.4,78.5,1,no,0.0,hombre,A
STU-02017,Ciencia de Datos,4,7.6,8.9,85.3,78,2,4,2.8,94.7,100.0,1,si,0.0,hombre,F
STU-02018,Actuaria,4,8.3,9.0,89.0,54,4,5,1.3,72.1,79.5,1,no,3.4,mujer,E
STU-02019,Estadistica,7,6.0,6.8,80.1,27,3,6,1.4,84.7,66.8,0,no,24.0,hombre,C
STU-02020,Ciencia de Datos,9,6.1,7.1,72.2,45,2,7,1.5,70.6,68.1,0,si,27.6,mujer,F
STU-02021,Matematicas,7,7.6,8.7,89.4,73,4,6,4.8,80.0,76.5,1,no,0.0,mujer,E
STU-02022,Actuaria,6,5.1,8.4,99.9,72,2,7,1.1,89.9,76.7,1,si,23.2,mujer,F
STU-02023,Estadistica,6,6.0,6.4,79.8,49,2,6,3.3,87.4,83.1,1,si,15.8,mujer,C
STU-02024,Matematicas,9,8.4,9.9,91.2,70,3,6,2.1,89.9,87.6,1,no,0.0,mujer,D
STU-02025,Economia,5,8.9,8.1,86.1,17,1,4,1.4,80.5,82.1,1,no,0.0,hombre,C
STU-02026,Estadistica,3,8.1,2.2,53.2,26,0,6,0.9,82.9,50.8,0,no,21.2,mujer,E
STU-02027,Estadistica,6,7.0,4.8,67.4,28,3,6,2.0,83.2,76.0,1,no,17.4,mujer,F
STU-02028,Matematicas,2,7.7,5.2,85.6,61,0,4,1.2,71.0,72.6,1,no,0.0,mujer,E
STU-02029,Estadistica,6,7.1,9.2,89.5,86,1,7,3.7,85.2,89.3,1,no,0.0,hombre,F
STU-02030,Economia,3,8.3,3.6,73.5,46,1,6,7.4,81.5,69.9,0,no,0.0,hombre,A
STU-02031,Actuaria,8,6.8,7.8,84.7,48,1,4,6.0,76.8,80.6,1,si,0.0,mujer,F
STU-02032,Ciencia de Datos,9,6.4,8.1,72.9,31,1,7,2.2,83.5,76.1,1,no,21.5,hombre,B
STU-02033,Matematicas,1,7.9,4.1,64.5,21,1,5,1.8,94.6,70.8,1,si,0.0,hombre,E
STU-02034,Actuaria,5,5.2,2.9,80.0,53,3,8,3.2,93.2,52.7,0,si,19.1,hombre,D
STU-02035,Economia,2,7.0,7.9,93.9,48,3,4,2.1,85.6,94.2,1,si,0.0,hombre,F
STU-02036,Ciencia de Datos,1,8.5,5.6,81.4,36,3,4,1.7,84.4,72.3,1,no,0.0,mujer,F
STU-02037,Economia,8,6.5,9.2,70.3,97,3,7,6.3,90.8,71.3,1,no,12.8,hombre,A
STU-02038,Estadistica,7,5.6,2.4,73.1,124,2,7,1.4,85.7,54.8,0,no,37.7,hombre,B
STU-02039,Ciencia de Datos,7,8.9,9.5,85.0,35,1,5,3.2,82.0,91.2,1,no,0.0,mujer,B
STU-02040,Actuaria,6,6.8,4.0,68.3,18,2,6,1.2,80.8,74.4,1,si,0.0,hombre,E
STU-02041,Estadistica,1,7.4,6.3,89.1,40,3,4,1.8,89.6,79.4,1,no,0.0,hombre,D
STU-02042,Actuaria,8,8.1,7.0,74.4,35,0,7,2.0,77.0,68.8,0,no,0.0,mujer,C
STU-02043,Estadistica,2,9.2,5.9,93.5,85,0,4,2.3,91.6,70.1,1,no,0.0,hombre,D
STU-02044,Ciencia de Datos,3,6.2,3.1,73.7,108,0,7,4.1,92.3,80.7,1,si,30.8,hombre,B
STU-02045,Economia,7,7.3,8.4,94.7,149,0,5,1.9,89.3,78.7,1,si,14.8,hombre,F
STU-02046,Matematicas,1,8.6,7.0,87.7,104,1,5,1.9,86.2,61.8,0,no,0.0,mujer,D
STU-02047,Actuaria,1,7.6,5.8,82.5,78,1,4,3.3,85.1,85.4,1,no,0.0,mujer,B
STU-02048,Actuaria,2,5.2,7.1,62.7,51,3,9,2.2,96.9,65.1,0,no,14.3,mujer,F
STU-02049,Estadistica,7,6.6,12.4,84.7,93,2,5,2.3,90.3,95.6,1,no,0.0,mujer,D
STU-02050,Ciencia de Datos,4,7.4,11.2,80.9,58,2,6,2.2,83.6,86.9,1,si,9.5,mujer,E
STU-02051,Actuaria,4,6.2,4.5,63.3,37,3,8,5.1,76.9,60.0,0,no,20.6,hombre,D
STU-02052,Estadistica,8,6.4,7.3,78.5,21,3,7,5.0,94.8,81.5,1,no,0.0,mujer,A
STU-02053,Estadistica,7,6.6,9.2,89.9,112,1,6,1.5,96.6,82.4,1,no,0.0,hombre,A
STU-02054,Estadistica,4,8.1,1.7,63.4,45,1,4,2.0,77.0,68.0,0,no,0.0,prefiere_no_decir,C
STU-02055,Estadistica,3,6.8,9.5,82.9,60,3,6,0.6,79.6,79.9,1,no,22.1,hombre,F
STU-02056,Estadistica,9,5.5,9.4,71.4,32,2,8,0.1,97.2,70.9,1,si,14.1,mujer,D
STU-02057,Estadistica,5,8.0,8.4,79.3,30,1,7,2.6,76.7,76.1,1,no,0.0,mujer,E
STU-02058,Economia,2,6.4,3.3,85.1,62,0,4,2.2,67.0,58.8,0,no,0.0,mujer,B
STU-02059,Matematicas,3,7.5,8.6,82.5,29,2,4,1.2,84.8,78.2,1,si,0.0,mujer,F
STU-02060,Actuaria,5,8.5,7.9,84.9,145,0,6,2.8,91.7,84.4,1,no,0.0,mujer,C
STU-02061,Estadistica,9,7.9,9.3,86.6,94,2,5,1.5,83.1,81.2,1,no,0.0,hombre,A
STU-02062,Estadistica,5,7.5,4.9,73.8,2,3,8,2.3,71.8,60.5,0,si,0.0,hombre,C
STU-02063,Matematicas,6,6.6,2.7,68.1,77,0,5,2.5,84.9,70.1,1,si,24.7,mujer,A
STU-02064,Actuaria,9,7.6,8.5,68.0,40,5,9,4.2,85.2,65.8,0,si,23.9,mujer,D
STU-02065,Actuaria,7,5.3,5.4,74.7,21,1,7,3.1,94.0,81.4,1,si,4.8,prefiere_no_decir,F
STU-02066,Estadistica,3,7.4,6.9,83.4,70,1,3,2.1,76.6,77.1,1,no,0.0,mujer,D
STU-02067,Actuaria,5,6.8,8.2,68.5,0,4,8,1.4,88.6,74.4,1,no,0.0,hombre,D
STU-02068,Estadistica,9,6.6,11.8,65.9,86,2,9,0.7,86.3,87.8,1,si,0.0,mujer,F
STU-02069,Estadistica,4,7.3,7.0,75.3,45,2,6,1.3,85.2,57.0,0,no,20.7,mujer,A
STU-02070,Estadistica,2,8.1,9.3,82.4,94,0,5,2.4,86.6,84.6,1,no,0.0,mujer,D
STU-02071,Estadistica,2,6.0,7.8,68.5,8,1,5,2.1,79.3,68.5,0,no,0.0,mujer,D
STU-02072,Estadistica,4,6.6,8.5,80.7,43,3,8,6.5,73.9,68.8,0,si,0.0,prefiere_no_decir,F
STU-02073,Estadistica,6,6.5,9.3,82.0,70,0,7,9.0,73.8,85.9,1,no,4.1,mujer,C
STU-02074,Estadistica,3,5.9,5.4,83.4,105,2,8,2.5,77.0,49.1,0,no,12.2,hombre,A
STU-02075,Actuaria,3,9.8,5.7,72.2,81,0,4,0.9,86.7,64.4,0,si,0.0,mujer,E
STU-02076,Economia,2,6.9,4.4,78.6,32,1,6,2.0,97.0,64.7,0,no,0.0,hombre,A
STU-02077,Estadistica,5,7.4,5.9,83.9,107,1,3,2.6,72.9,76.1,1,si,0.0,hombre,C
STU-02078,Matematicas,9,6.5,9.4,91.9,40,0,6,2.0,72.2,72.9,1,si,0.0,mujer,C
STU-02079,Economia,7,5.6,6.1,86.6,26,2,8,1.1,84.4,81.0,1,si,0.0,hombre,E
STU-02080,Estadistica,3,8.2,4.8,85.2,73,1,4,3.7,76.1,76.4,1,si,0.0,hombre,F
STU-02081,Matematicas,1,6.7,0.6,54.8,21,3,8,3.3,79.0,39.1,0,no,28.5,no_binario,B
STU-02082,Ciencia de Datos,4,7.2,7.9,76.3,107,1,7,0.1,82.2,74.5,1,no,12.2,prefiere_no_decir,E
STU-02083,Estadistica,4,7.6,4.2,81.4,32,0,7,3.9,74.7,70.6,1,si,0.0,mujer,B
STU-02084,Estadistica,6,6.4,7.3,72.7,19,2,6,1.7,78.0,69.3,0,no,0.0,mujer,B
STU-02085,Economia,8,7.1,2.3,82.6,98,0,5,7.8,66.3,59.2,0,si,0.0,hombre,D
STU-02086,Actuaria,6,7.2,7.6,70.9,31,2,7,2.4,84.8,81.2,1,si,0.0,hombre,C
STU-02087,Ciencia de Datos,3,6.3,1.7,55.8,31,4,7,1.0,77.8,55.2,0,si,13.9,hombre,C
STU-02088,Ciencia de Datos,5,7.9,8.2,58.2,0,1,6,1.1,93.1,84.8,1,si,0.0,hombre,D
STU-02089,Estadistica,7,6.0,3.6,85.7,105,1,6,0.6,81.0,90.0,1,si,0.0,mujer,F
STU-02090,Estadistica,2,8.1,4.1,63.6,22,3,7,2.1,76.2,62.7,0,no,30.8,hombre,A
STU-02091,Ciencia de Datos,4,7.6,9.3,80.9,76,3,6,3.8,68.6,62.6,0,no,17.4,mujer,B
STU-02092,Actuaria,2,7.4,9.5,79.9,40,2,6,1.0,82.0,78.5,1,no,10.7,mujer,C
STU-02093,Estadistica,7,6.1,9.3,83.3,29,3,6,7.0,90.6,87.3,1,si,0.0,mujer,B
STU-02094,Actuaria,9,6.0,10.9,76.9,56,0,7,1.0,93.1,84.9,1,si,0.0,hombre,D
STU-02095,Estadistica,3,4.1,6.7,86.9,48,1,6,2.1,77.6,51.6,0,no,0.0,hombre,C
STU-02096,Ciencia de Datos,2,7.4,3.1,78.7,109,1,5,2.9,69.6,74.1,1,no,14.2,mujer,F
STU-02097,Estadistica,6,8.2,8.8,82.1,69,0,4,3.7,88.9,91.4,1,si,0.0,hombre,B
STU-02098,Matematicas,4,6.0,4.7,60.0,30,2,6,1.8,74.7,55.5,0,no,0.0,hombre,A
STU-02099,Matematicas,7,6.4,12.5,86.0,35,2,4,0.2,68.4,81.1,1,no,0.0,hombre,C
STU-02100,Economia,9,8.0,6.8,77.8,72,2,5,2.6,93.6,83.9,1,si,0.0,prefiere_no_decir,B
STU-02101,Economia,4,6.2,5.1,67.7,20,0,6,3.0,76.9,65.3,0,no,0.0,hombre,A
STU-02102,Ciencia de Datos,2,6.4,5.6,88.1,68,1,7,2.4,90.2,74.2,1,no,21.0,hombre,C
STU-02103,Matematicas,8,7.8,4.6,65.5,34,2,8,1.5,72.7,61.3,0,no,22.9,hombre,B
STU-02104,Matematicas,6,6.5,8.4,85.1,56,4,7,0.6,78.3,74.7,1,si,22.3,mujer,E
STU-02105,Matematicas,8,7.0,8.8,80.4,49,2,7,2.6,90.3,82.4,1,no,21.5,mujer,C
STU-02106,Actuaria,8,7.7,4.4,80.8,87,5,6,5.8,78.5,73.6,1,si,0.0,mujer,C
STU-02107,Matematicas,6,7.0,6.6,88.0,126,0,5,1.0,97.4,91.2,1,si,0.0,hombre,C
STU-02108,Actuaria,4,5.0,5.0,60.8,20,3,9,0.8,84.6,54.2,0,no,16.0,no_binario,F
STU-02109,Estadistica,5,7.6,10.3,93.7,31,1,7,4.3,95.6,94.8,1,no,0.0,hombre,A
STU-02110,Ciencia de Datos,2,7.6,0.5,92.1,110,1,5,4.0,91.0,75.0,1,no,13.2,mujer,B
STU-02111,Ciencia de Datos,8,5.2,7.9,66.2,46,1,8,0.9,87.3,69.3,0,no,15.7,mujer,E
STU-02112,Ciencia de Datos,7,7.6,8.7,76.1,52,1,7,3.3,92.7,84.7,1,si,0.0,hombre,D
STU-02113,Estadistica,6,6.5,6.6,74.0,58,2,7,2.0,77.6,61.4,0,no,20.3,mujer,F
STU-02114,Estadistica,1,8.5,7.3,97.8,37,0,3,2.5,82.5,78.8,1,si,0.0,mujer,F
STU-02115,Actuaria,3,5.8,0.5,79.6,57,2,8,5.0,78.4,36.7,0,no,21.0,mujer,C
STU-02116,Estadistica,6,10.0,10.1,92.5,89,0,3,2.9,80.6,73.7,1,no,0.0,hombre,A
STU-02117,Matematicas,3,5.7,4.7,77.1,121,1,8,1.1,78.9,35.4,0,si,27.7,hombre,B
STU-02118,Ciencia de Datos,4,7.1,4.3,81.3,44,4,8,0.8,79.6,63.3,0,no,27.4,mujer,E
STU-02119,Estadistica,1,7.8,8.8,100.0,93,0,4,2.9,85.4,74.6,1,si,0.0,hombre,A
STU-02120,Economia,9,7.6,6.5,91.8,135,1,3,1.1,91.4,93.8,1,si,0.0,mujer,C
STU-02121,Estadistica,3,9.0,9.1,78.8,88,0,4,4.1,89.8,87.6,1,no,0.0,hombre,A
STU-02122,Estadistica,8,6.2,7.3,85.0,131,3,7,1.3,81.6,76.4,1,si,30.5,hombre,E
STU-02123,Ciencia de Datos,3,7.3,4.7,80.4,52,0,5,7.8,76.4,68.3,0,no,0.0,hombre,F
STU-02124,Actuaria,7,7.0,12.0,98.8,135,2,7,2.2,83.1,100.0,1,si,0.0,mujer,A
STU-02125,Estadistica,2,7.1,5.6,91.5,63,7,6,1.3,97.4,72.6,1,si,23.5,prefiere_no_decir,A
STU-02126,Actuaria,6,7.0,7.4,53.6,31,3,7,1.2,67.2,57.2,0,no,0.0,hombre,B
STU-02127,Actuaria,3,7.1,4.5,82.6,49,0,5,3.0,74.6,67.6,0,si,0.0,mujer,C
STU-02128,Actuaria,3,6.3,6.8,71.9,0,2,5,0.6,77.4,69.7,0,si,16.8,hombre,C
STU-02129,Matematicas,7,9.7,7.4,88.4,103,0,3,1.1,93.8,62.8,0,no,0.0,hombre,F
STU-02130,Estadistica,7,7.8,9.2,81.8,77,1,7,3.5,85.8,84.1,1,si,0.0,hombre,D
STU-02131,Actuaria,1,8.3,4.0,92.2,66,2,5,1.2,96.1,83.0,1,no,0.0,hombre,F
STU-02132,Ciencia de Datos,4,6.7,7.5,86.1,126,2,6,0.7,92.1,97.5,1,si,13.6,hombre,E
STU-02133,Actuaria,6,7.5,5.6,66.9,15,5,8,3.3,92.4,70.7,1,si,18.4,mujer,B
STU-02134,Economia,4,6.4,2.4,64.3,12,2,8,5.5,71.8,52.3,0,no,23.1,mujer,C
STU-02135,Economia,7,5.3,6.5,74.6,57,2,6,0.9,69.7,52.6,0,si,12.7,mujer,C
STU-02136,Estadistica,8,6.6,7.8,85.2,83,5,5,0.5,100.0,80.3,1,si,30.3,mujer,E
STU-02137,Actuaria,4,6.1,7.9,90.3,102,1,5,5.9,74.0,84.2,1,no,0.0,hombre,F
STU-02138,Actuaria,7,7.6,7.5,87.5,65,2,7,3.8,97.3,78.6,1,no,20.2,mujer,F
STU-02139,Matematicas,1,7.2,2.4,89.2,86,0,4,2.3,69.4,73.2,1,no,14.9,hombre,F
STU-02140,Estadistica,2,7.6,4.3,79.4,33,1,4,2.6,78.6,64.1,0,no,16.7,hombre,D
STU-02141,Estadistica,7,6.2,9.8,80.8,4,0,5,1.0,80.0,67.3,0,no,0.0,hombre,C
STU-02142,Ciencia de Datos,2,7.6,7.0,90.7,70,0,5,2.1,89.0,83.2,1,si,19.2,hombre,C
STU-02143,Actuaria,3,7.2,9.1,79.7,23,3,9,5.3,82.3,59.4,0,si,0.0,mujer,D
STU-02144,Economia,6,6.1,7.3,80.9,62,1,6,2.7,81.1,69.8,0,si,0.0,hombre,D
STU-02145,Economia,6,6.1,7.7,75.6,82,1,8,1.6,77.4,73.7,1,no,0.0,hombre,E
STU-02146,Estadistica,6,8.1,6.9,68.3,23,0,4,2.8,72.3,73.8,1,no,0.0,mujer,C
STU-02147,Matematicas,5,6.9,6.9,65.8,28,1,4,0.9,95.6,73.8,1,no,18.1,mujer,B
STU-02148,Estadistica,4,6.8,5.4,91.6,7,0,6,3.2,93.9,85.2,1,no,0.0,hombre,A
STU-02149,Estadistica,6,6.9,2.7,79.8,143,2,6,0.9,80.9,75.6,1,no,0.0,prefiere_no_decir,F
STU-02150,Economia,8,6.6,9.9,92.1,47,1,4,0.3,96.6,78.2,1,no,0.0,mujer,B
STU-02151,Matematicas,5,9.8,8.9,82.8,87,2,5,1.3,93.4,81.3,1,no,0.0,mujer,D
STU-02152,Estadistica,1,8.7,8.2,100.0,211,0,2,3.0,93.4,88.9,1,no,0.0,hombre,E
STU-02153,Economia,6,7.9,4.1,81.2,149,2,6,7.4,84.9,67.3,0,no,0.0,no_binario,A
STU-02154,Matematicas,5,5.7,4.5,71.2,34,1,6,3.7,66.7,63.4,0,no,0.0,hombre,B
STU-02155,Matematicas,6,7.0,10.9,100.0,151,0,4,1.0,93.0,100.0,1,si,0.0,mujer,E
STU-02156,Ciencia de Datos,7,8.2,4.6,75.4,122,0,7,1.9,86.8,72.1,1,si,16.8,mujer,A
STU-02157,Estadistica,3,7.4,4.5,72.4,92,2,4,1.3,75.4,81.1,1,si,0.0,hombre,D
STU-02158,Actuaria,7,6.6,11.5,100.0,155,0,5,2.8,86.7,94.2,1,si,0.0,no_binario,F
STU-02159,Matematicas,8,4.9,7.6,80.2,13,0,6,3.0,89.8,68.4,0,no,14.8,mujer,C
STU-02160,Ciencia de Datos,2,8.9,9.7,78.1,45,1,6,4.1,88.8,78.4,1,no,5.0,mujer,D
STU-02161,Economia,2,8.2,9.0,100.0,80,0,4,2.0,85.4,76.2,1,no,0.0,mujer,A
STU-02162,Matematicas,4,8.0,11.0,89.6,91,0,4,1.8,92.1,90.9,1,no,10.0,mujer,E
STU-02163,Ciencia de Datos,1,8.4,5.3,73.3,80,0,4,4.1,87.1,77.4,1,no,0.0,hombre,D
STU-02164,Estadistica,1,7.8,10.6,75.0,53,0,7,2.2,82.2,74.0,1,no,14.6,prefiere_no_decir,C
STU-02165,Economia,6,7.7,6.7,100.0,141,1,2,1.8,88.3,90.0,1,no,0.0,mujer,C
STU-02166,Actuaria,6,7.1,8.5,85.0,53,0,6,2.9,69.5,70.3,1,si,17.3,hombre,F
STU-02167,Estadistica,6,6.8,2.8,78.5,25,1,8,3.7,68.0,59.9,0,si,22.3,hombre,E
STU-02168,Economia,2,5.2,4.5,70.3,50,0,7,2.6,82.9,68.8,0,no,27.9,mujer,E
STU-02169,Estadistica,3,6.9,5.7,73.1,37,2,4,2.4,87.4,75.1,1,no,0.0,mujer,A
STU-02170,Matematicas,9,7.0,10.4,95.8,66,2,6,1.2,100.0,93.6,1,no,0.0,mujer,A
STU-02171,Matematicas,4,6.5,8.8,99.2,51,3,5,2.0,100.0,89.7,1,no,0.0,mujer,F
STU-02172,Economia,4,6.7,6.2,68.8,39,1,9,0.8,73.2,48.6,0,si,0.0,mujer,A
STU-02173,Ciencia de Datos,5,6.4,7.2,68.5,64,2,5,3.9,84.8,81.1,1,si,0.0,mujer,B
STU-02174,Ciencia de Datos,9,6.9,12.6,94.7,61,0,5,1.9,92.7,95.8,1,no,0.0,mujer,F
STU-02175,Economia,4,6.9,1.6,75.4,84,1,4,3.8,72.1,61.6,0,si,7.6,mujer,A
STU-02176,Matematicas,9,5.9,6.6,86.9,67,2,8,5.0,90.0,65.1,0,no,16.9,hombre,E
STU-02177,Estadistica,1,7.1,4.5,67.5,55,3,7,5.4,74.8,74.1,1,no,0.0,mujer,C
STU-02178,Estadistica,3,7.6,7.1,74.1,3,2,5,4.8,72.0,67.8,0,no,0.0,mujer,F
STU-02179,Economia,2,8.1,9.1,95.4,97,0,4,0.5,100.0,92.4,1,no,0.0,hombre,D
STU-02180,Economia,8,6.7,5.0,70.4,74,3,6,0.8,86.8,69.5,0,no,23.4,hombre,E
STU-02181,Estadistica,1,6.9,8.3,77.1,14,2,5,1.7,89.1,80.5,1,si,14.8,hombre,B
STU-02182,Estadistica,4,7.9,4.4,70.5,18,2,5,1.5,79.5,68.8,0,no,17.6,no_binario,F
STU-02183,Actuaria,1,7.8,4.0,66.7,28,0,3,1.8,80.5,66.7,0,si,0.0,hombre,E
STU-02184,Estadistica,1,7.1,5.0,97.9,220,0,2,3.2,80.4,71.6,1,si,0.0,mujer,F
STU-02185,Economia,1,6.7,3.7,61.4,18,3,5,3.0,58.0,45.8,0,no,16.6,hombre,F
STU-02186,Estadistica,4,5.6,2.7,63.9,53,4,9,2.1,74.1,48.9,0,no,35.7,hombre,A
STU-02187,Economia,9,8.2,6.4,83.5,62,1,7,6.4,82.6,79.6,1,no,0.0,hombre,D
STU-02188,Estadistica,9,7.6,9.9,96.4,184,1,4,1.3,74.1,81.0,1,no,20.9,mujer,D
STU-02189,Matematicas,4,7.9,6.0,86.6,50,1,4,1.7,76.7,93.0,1,si,0.0,mujer,F
STU-02190,Matematicas,2,8.0,5.9,62.1,50,0,4,4.8,77.3,69.4,0,no,0.0,mujer,E
STU-02191,Matematicas,9,7.9,4.9,82.5,114,1,9,4.6,84.3,58.2,0,no,25.5,no_binario,B
STU-02192,Estadistica,3,6.1,5.4,63.7,55,2,9,7.6,86.1,48.7,0,no,0.0,mujer,A
STU-02193,Estadistica,2,7.5,4.0,68.5,56,1,7,3.8,77.8,72.6,1,no,22.7,mujer,D
STU-02194,Ciencia de Datos,7,8.1,6.5,70.6,17,0,6,2.4,74.4,64.6,0,no,0.0,hombre,B
STU-02195,Actuaria,5,7.4,6.9,96.9,136,1,6,3.9,91.2,77.0,1,no,20.0,hombre,B
STU-02196,Estadistica,5,7.0,8.0,75.6,61,1,6,1.4,99.7,96.5,1,si,22.6,hombre,F
STU-02197,Actuaria,2,5.9,5.5,57.1,26,1,8,5.4,59.3,49.6,0,no,0.0,mujer,F
STU-02198,Economia,3,9.3,8.8,92.8,74,1,5,1.5,88.0,88.4,1,no,0.0,hombre,A
STU-02199,Actuaria,7,6.3,3.8,83.4,105,3,5,3.5,80.6,63.5,0,no,20.8,mujer,F
STU-02200,Estadistica,2,6.4,6.0,77.0,73,2,5,3.8,81.2,79.4,1,no,0.0,mujer,D
STU-02201,Estadistica,3,6.5,6.9,65.3,24,4,5,4.5,84.2,81.6,1,si,0.0,hombre,D
STU-02202,Actuaria,1,6.8,0.5,81.3,39,2,3,2.1,72.1,61.6,0,no,0.0,mujer,B
STU-02203,Ciencia de Datos,9,5.8,5.4,64.8,20,1,7,2.6,78.1,64.3,0,no,18.3,mujer,A
STU-02204,Economia,8,6.9,9.5,80.3,33,1,7,0.9,85.7,74.9,1,no,0.0,no_binario,B
STU-02205,Actuaria,4,8.2,8.4,92.8,57,0,4,1.0,84.9,82.1,1,no,0.0,mujer,C
STU-02206,Ciencia de Datos,5,6.3,7.3,86.9,80,1,5,0.1,85.6,79.4,1,no,3.1,mujer,C
STU-02207,Matematicas,3,9.0,7.2,87.0,38,1,4,1.4,83.2,73.2,1,si,0.0,hombre,E
STU-02208,Actuaria,7,7.1,6.1,82.7,15,2,7,3.5,73.4,68.3,0,no,0.0,hombre,D
STU-02209,Matematicas,8,6.4,9.0,67.3,29,1,7,5.3,79.6,75.5,1,no,19.6,mujer,A
STU-02210,Actuaria,2,6.8,6.3,74.7,47,0,6,1.0,85.8,66.5,0,no,10.3,mujer,B
STU-02211,Economia,6,6.4,7.6,76.7,78,1,5,0.6,90.8,74.9,1,no,0.0,mujer,E
STU-02212,Economia,7,5.8,8.0,79.4,41,4,8,2.1,91.6,72.5,1,no,0.0,mujer,F
STU-02213,Economia,8,6.4,8.1,73.7,46,4,8,4.4,75.7,78.7,1,no,0.0,hombre,E
STU-02214,Estadistica,5,8.0,10.5,100.0,98,0,5,5.8,88.2,100.0,1,no,0.0,hombre,E
STU-02215,Matematicas,1,7.1,7.5,84.4,54,0,4,2.3,71.7,70.9,1,no,0.0,hombre,E
STU-02216,Actuaria,8,9.0,11.1,97.0,131,3,5,2.9,80.8,82.0,1,no,0.0,hombre,D
STU-02217,Matematicas,4,8.5,5.5,77.9,38,2,4,1.5,76.0,69.4,0,si,0.0,hombre,C
STU-02218,Actuaria,7,4.7,7.5,75.2,23,2,7,2.8,81.8,49.9,0,no,18.2,mujer,B
STU-02219,Estadistica,6,8.2,8.5,78.5,19,1,6,3.3,99.6,97.8,1,no,0.0,mujer,D
STU-02220,Estadistica,4,6.9,5.6,63.9,63,3,7,3.3,90.0,82.4,1,si,24.6,mujer,C
STU-02221,Estadistica,1,8.4,8.6,76.0,66,1,7,4.3,80.5,66.8,0,no,0.0,mujer,A
STU-02222,Ciencia de Datos,4,7.3,8.3,89.0,26,1,3,0.7,76.7,77.2,1,no,0.0,mujer,E
STU-02223,Economia,8,6.9,3.4,77.2,42,3,5,3.9,69.6,61.5,0,no,0.0,no_binario,B
STU-02224,Estadistica,9,7.4,6.0,74.5,28,2,7,7.7,78.0,70.7,1,si,0.0,hombre,F
STU-02225,Economia,3,5.7,5.5,80.3,0,0,6,4.0,78.8,63.8,0,si,0.0,mujer,A
STU-02226,Estadistica,9,7.3,11.0,88.9,4,1,5,2.0,74.2,91.5,1,no,0.0,mujer,D
STU-02227,Estadistica,3,7.9,11.0,100.0,81,1,4,1.6,71.1,83.0,1,no,0.0,mujer,C
STU-02228,Economia,5,5.6,7.2,72.4,81,1,6,3.7,67.6,56.7,0,no,18.7,mujer,A
STU-02229,Estadistica,6,7.0,13.2,100.0,100,1,7,3.9,71.3,80.5,1,si,0.0,mujer,C
STU-02230,Matematicas,7,8.4,5.8,76.8,39,0,6,0.4,96.0,76.4,1,no,0.0,mujer,B
STU-02231,Economia,5,8.6,7.3,76.3,26,1,6,1.9,80.6,68.4,0,si,0.0,mujer,C
STU-02232,Estadistica,5,6.8,7.7,75.0,64,1,6,4.5,86.2,68.1,0,no,20.5,mujer,E
STU-02233,Ciencia de Datos,2,8.0,6.4,97.3,74,2,6,3.6,65.7,72.4,1,no,0.0,hombre,E
STU-02234,Estadistica,8,7.4,10.0,99.4,71,1,7,7.8,78.1,87.9,1,no,0.0,mujer,E
STU-02235,Estadistica,4,6.6,6.8,80.3,97,0,6,0.8,76.7,61.7,0,no,0.0,hombre,B
STU-02236,Estadistica,1,8.4,10.3,88.8,61,0,4,1.0,94.3,96.7,1,no,0.0,mujer,B
STU-02237,Actuaria,9,7.4,8.9,69.0,4,3,9,2.4,83.8,67.1,0,si,17.3,prefiere_no_decir,E
STU-02238,Ciencia de Datos,3,7.7,8.6,100.0,137,2,4,0.1,94.6,90.0,1,no,0.0,mujer,F
STU-02239,Economia,3,8.8,5.7,90.0,142,0,4,0.2,89.3,74.7,1,no,0.0,hombre,F
STU-02240,Ciencia de Datos,4,6.7,2.7,73.5,70,1,6,0.1,78.6,58.9,0,si,21.3,hombre,D
STU-02241,Economia,2,7.6,5.3,82.4,31,0,6,2.5,79.4,75.6,1,si,0.0,hombre,E
STU-02242,Actuaria,7,5.3,6.3,59.4,17,2,9,3.5,95.5,51.1,0,si,23.1,hombre,A
STU-02243,Actuaria,5,7.2,0.6,55.4,12,2,7,5.3,78.4,58.2,0,no,9.5,mujer,F
STU-02244,Estadistica,7,6.6,8.4,99.4,115,0,5,1.5,86.9,96.1,1,no,0.0,hombre,F
STU-02245,Estadistica,6,6.4,10.5,88.3,73,1,7,1.6,82.8,99.7,1,si,0.0,no_binario,E
STU-02246,Actuaria,3,5.2,4.7,64.7,10,5,7,2.4,99.7,71.2,1,no,21.7,hombre,C
STU-02247,Economia,2,7.9,3.8,96.5,83,0,3,1.1,69.2,68.1,0,no,0.0,hombre,B
STU-02248,Ciencia de Datos,2,6.6,6.1,75.8,23,1,6,2.5,90.9,85.4,1,si,0.0,hombre,A
STU-02249,Ciencia de Datos,4,6.9,7.6,86.3,58,3,6,0.7,80.3,83.8,1,si,0.0,mujer,F
STU-02250,Matematicas,7,6.2,7.3,63.1,8,1,6,1.2,77.3,66.9,0,no,16.0,mujer,F
STU-02251,Estadistica,7,6.0,7.3,78.1,8,1,9,3.0,69.9,54.6,0,no,0.0,mujer,D
STU-02252,Estadistica,7,6.2,4.9,83.4,0,2,6,4.3,71.5,65.7,0,si,7.5,mujer,C
STU-02253,Ciencia de Datos,5,7.5,9.1,76.8,31,1,5,3.8,96.7,89.7,1,si,0.0,hombre,D
STU-02254,Economia,4,5.6,2.4,62.2,34,1,8,2.1,71.4,48.8,0,si,21.1,hombre,A
STU-02255,Ciencia de Datos,9,9.1,11.7,98.0,53,3,7,2.2,79.3,88.8,1,si,0.0,hombre,E
STU-02256,Ciencia de Datos,1,7.5,5.6,66.2,67,2,6,5.9,80.4,79.2,1,si,20.2,mujer,A
STU-02257,Actuaria,1,9.2,10.6,92.9,26,4,4,1.2,75.2,77.0,1,no,0.0,hombre,D
STU-02258,Matematicas,5,8.4,5.7,82.1,24,0,5,4.7,90.5,90.0,1,no,0.0,hombre,E
STU-02259,Economia,7,7.4,6.5,82.6,90,1,5,1.9,94.6,75.2,1,no,11.7,hombre,B
STU-02260,Actuaria,7,5.5,3.7,65.3,25,0,7,2.8,64.5,47.8,0,si,13.0,hombre,B
STU-02261,Estadistica,2,7.5,0.5,61.6,28,2,7,2.0,71.4,46.7,0,no,30.4,mujer,A
STU-02262,Ciencia de Datos,4,8.2,6.3,84.1,50,1,5,4.1,98.3,85.3,1,si,22.8,hombre,D
STU-02263,Matematicas,1,7.4,0.5,66.9,31,2,4,2.9,81.9,59.3,0,no,0.0,mujer,B
STU-02264,Matematicas,9,7.7,12.1,69.3,47,1,8,2.2,81.0,89.2,1,si,0.0,mujer,C
STU-02265,Estadistica,7,7.5,6.4,80.6,75,1,8,2.3,87.6,70.0,1,no,20.0,hombre,E
STU-02266,Matematicas,5,5.6,6.1,70.5,88,3,8,2.4,70.5,61.5,0,no,28.1,mujer,C
STU-02267,Actuaria,7,8.1,4.8,69.5,46,1,6,2.9,89.4,66.6,0,no,0.0,hombre,D
STU-02268,Actuaria,9,7.3,11.3,96.2,52,0,7,1.5,79.4,89.2,1,no,0.0,hombre,C
STU-02269,Actuaria,4,6.3,6.9,80.6,42,0,5,1.3,68.4,80.1,1,no,0.0,no_binario,D
STU-02270,Actuaria,5,8.2,5.7,78.0,146,2,3,1.5,80.3,79.2,1,si,8.8,hombre,B
STU-02271,Estadistica,7,6.9,11.9,85.9,23,1,9,3.8,100.0,94.7,1,si,0.0,mujer,E
STU-02272,Estadistica,2,6.5,2.6,76.8,91,3,6,5.3,82.4,51.5,0,si,21.6,mujer,A
STU-02273,Economia,7,6.1,5.1,63.5,16,2,7,1.4,81.0,65.8,0,no,0.0,mujer,A
STU-02274,Estadistica,9,7.7,11.3,91.3,59,0,4,1.0,92.0,96.0,1,si,0.0,mujer,C
STU-02275,Ciencia de Datos,9,7.9,9.7,93.4,39,5,7,2.4,87.7,91.3,1,si,0.0,mujer,E
STU-02276,Matematicas,8,7.4,8.5,80.5,32,3,7,5.9,93.4,90.7,1,si,0.0,hombre,C
STU-02277,Actuaria,5,7.1,1.8,78.9,48,0,4,2.1,68.8,63.0,0,si,0.0,mujer,A
STU-02278,Actuaria,9,7.3,9.4,69.8,0,1,7,1.2,88.8,85.7,1,no,0.0,hombre,E
STU-02279,Actuaria,7,6.1,6.8,95.3,177,5,5,5.5,82.8,79.5,1,si,0.0,hombre,A
STU-02280,Actuaria,2,9.5,8.5,91.3,35,0,4,1.7,91.3,74.9,1,no,0.0,hombre,A
STU-02281,Ciencia de Datos,2,8.0,2.4,72.4,53,1,4,1.6,67.1,59.4,0,no,0.0,hombre,A
STU-02282,Ciencia de Datos,9,7.8,5.9,72.2,46,5,6,0.5,89.8,76.3,1,no,0.0,hombre,B
STU-02283,Ciencia de Datos,1,7.3,1.4,74.0,73,1,6,4.2,79.2,57.1,0,si,25.1,mujer,C
STU-02284,Estadistica,8,6.4,4.6,76.5,91,0,5,1.3,74.0,70.0,1,si,0.0,mujer,A
STU-02285,Estadistica,3,6.1,5.8,87.5,71,1,4,1.0,77.0,74.8,1,si,0.0,mujer,C
STU-02286,Economia,8,7.3,11.8,91.9,52,1,3,1.0,69.0,78.0,1,si,0.0,hombre,F
STU-02287,Estadistica,5,5.1,3.4,85.4,38,0,6,0.1,79.9,39.1,0,si,0.0,mujer,B
STU-02288,Actuaria,1,6.8,5.1,70.1,77,0,4,3.9,87.6,81.0,1,no,0.0,mujer,D
STU-02289,Estadistica,4,7.4,6.9,75.5,57,2,6,0.3,86.8,71.7,1,no,0.0,hombre,C
STU-02290,Matematicas,2,9.1,7.8,100.0,103,0,3,0.7,80.9,81.4,1,no,0.0,hombre,D
STU-02291,Ciencia de Datos,8,6.2,8.3,71.2,58,3,6,2.5,90.2,79.9,1,si,0.0,hombre,B
STU-02292,Estadistica,3,6.6,7.1,85.1,57,1,6,4.5,84.8,70.7,1,si,13.5,mujer,D
STU-02293,Estadistica,8,7.4,6.2,83.3,46,0,6,0.5,94.6,85.0,1,no,0.0,hombre,D
STU-02294,Economia,4,7.5,4.7,84.1,90,1,6,0.1,84.5,71.8,1,no,0.0,mujer,A
STU-02295,Ciencia de Datos,7,7.4,10.3,87.2,46,3,5,1.3,83.2,85.2,1,si,0.0,mujer,F
STU-02296,Estadistica,1,6.8,6.4,89.8,56,1,7,4.4,80.8,69.5,0,no,0.0,mujer,B
STU-02297,Matematicas,1,6.8,5.2,64.3,23,1,4,3.9,80.3,77.4,1,no,9.6,mujer,E
STU-02298,Economia,6,9.9,7.5,85.1,83,0,3,1.3,94.9,72.3,1,si,14.2,hombre,F
STU-02299,Estadistica,1,6.5,4.2,71.9,38,0,5,2.0,63.8,60.7,0,no,0.0,hombre,B
STU-02300,Actuaria,8,6.0,6.1,77.4,0,0,9,1.8,89.9,72.8,1,no,0.0,no_binario,E
STU-02301,Economia,3,5.2,3.6,72.9,67,3,6,1.8,62.2,55.0,0,no,25.4,mujer,A
STU-02302,Estadistica,5,7.5,10.0,78.6,35,1,6,0.1,83.2,90.2,1,no,0.0,mujer,B
STU-02303,Economia,1,8.0,9.7,93.4,60,1,4,1.1,71.6,71.7,1,si,0.0,hombre,E
STU-02304,Economia,6,5.6,5.5,74.2,4,0,6,4.0,81.9,49.2,0,no,23.6,mujer,F
STU-02305,Matematicas,8,8.0,8.6,99.1,133,0,5,1.6,87.9,94.7,1,si,0.0,mujer,E
STU-02306,Ciencia de Datos,6,7.5,10.0,87.3,99,1,3,2.1,87.7,94.1,1,no,0.0,hombre,D
STU-02307,Matematicas,9,6.7,9.1,85.9,83,1,5,1.1,85.3,84.9,1,no,0.0,hombre,A
STU-02308,Matematicas,1,7.0,4.3,74.1,74,2,6,0.9,81.3,63.5,0,no,12.1,hombre,B
STU-02309,Estadistica,5,7.9,7.4,70.2,31,1,6,5.5,94.8,74.9,1,no,0.0,hombre,D
STU-02310,Matematicas,2,7.6,6.4,100.0,102,2,6,1.3,74.1,77.0,1,no,0.0,prefiere_no_decir,E
STU-02311,Matematicas,8,5.5,3.9,83.1,81,1,6,1.7,90.9,61.3,0,no,26.0,mujer,D
STU-02312,Economia,9,5.0,6.3,58.6,54,3,8,0.5,100.0,72.7,1,si,22.7,hombre,C
STU-02313,Actuaria,3,8.3,3.5,81.1,40,1,5,0.5,95.5,68.5,0,no,21.5,mujer,D
STU-02314,Matematicas,1,7.1,4.5,75.0,10,1,5,3.0,74.8,65.0,0,si,15.1,hombre,B
STU-02315,Ciencia de Datos,9,7.3,11.9,100.0,30,0,6,5.1,98.1,87.0,1,si,0.0,mujer,D
STU-02316,Actuaria,4,6.6,8.2,100.0,181,2,6,1.2,72.1,73.7,1,si,0.0,mujer,B
STU-02317,Actuaria,9,5.8,10.8,85.3,41,0,8,9.0,86.1,90.8,1,no,0.0,prefiere_no_decir,E
STU-02318,Economia,8,7.6,4.4,68.9,45,1,6,4.8,71.5,58.9,0,si,0.0,mujer,C
STU-02319,Economia,9,6.9,7.3,75.1,23,2,7,1.9,73.7,72.4,1,no,0.0,mujer,A
STU-02320,Estadistica,9,8.2,7.4,75.3,33,5,8,1.6,80.7,83.9,1,si,0.0,mujer,C
STU-02321,Actuaria,1,8.0,2.5,75.5,33,1,6,2.9,74.7,56.1,0,no,0.0,prefiere_no_decir,F
STU-02322,Estadistica,5,7.1,9.7,86.7,60,0,7,0.3,75.9,85.4,1,no,0.0,mujer,F
STU-02323,Ciencia de Datos,3,7.2,3.3,80.4,107,2,5,2.2,81.9,70.6,1,si,21.4,mujer,B
STU-02324,Economia,8,6.6,8.7,91.8,73,2,4,0.4,81.2,89.1,1,no,0.0,hombre,B
STU-02325,Estadistica,3,6.9,7.3,86.9,100,1,5,2.7,82.1,79.4,1,si,15.8,mujer,D
STU-02326,Actuaria,9,7.6,8.3,89.2,77,4,6,1.8,83.8,78.9,1,si,14.8,hombre,D
STU-02327,Estadistica,2,6.3,6.9,66.9,0,0,5,1.7,100.0,67.4,0,no,0.0,hombre,D
STU-02328,Economia,4,6.3,3.6,81.0,83,1,4,2.5,68.1,64.8,0,no,0.0,hombre,D
STU-02329,Economia,3,6.5,9.9,92.4,54,0,7,8.1,92.7,85.8,1,no,0.0,hombre,C
STU-02330,Ciencia de Datos,9,3.9,7.5,58.3,22,1,7,1.1,88.7,58.1,0,si,19.0,hombre,C
STU-02331,Matematicas,5,7.6,12.8,89.7,117,3,5,1.5,100.0,98.6,1,no,0.0,no_binario,D
STU-02332,Matematicas,8,7.4,5.7,80.7,48,0,5,1.8,73.1,73.9,1,no,0.0,mujer,F
STU-02333,Estadistica,9,6.7,14.0,87.8,72,3,6,0.6,92.0,95.3,1,no,0.0,prefiere_no_decir,B
STU-02334,Estadistica,8,6.1,9.3,80.0,2,0,8,1.9,88.3,68.7,0,no,17.8,mujer,D
STU-02335,Actuaria,3,7.1,6.1,86.5,53,1,5,3.3,81.0,75.9,1,si,0.0,hombre,D
STU-02336,Matematicas,6,7.3,9.1,69.1,21,0,5,1.9,82.5,81.9,1,no,0.0,hombre,C
STU-02337,Ciencia de Datos,6,6.6,7.8,90.1,75,3,7,3.6,70.5,65.9,0,no,0.0,mujer,F
STU-02338,Actuaria,4,8.6,6.7,83.7,49,0,5,1.4,88.1,71.7,1,no,0.0,hombre,D
STU-02339,Estadistica,7,6.7,8.5,62.5,31,0,8,2.9,89.0,72.0,1,no,18.6,mujer,D
STU-02340,Ciencia de Datos,4,8.1,6.4,70.7,10,2,6,2.1,71.2,54.9,0,no,0.0,mujer,A
STU-02341,Estadistica,7,7.6,6.0,75.9,53,0,8,1.9,78.1,60.3,0,si,28.1,mujer,E
STU-02342,Economia,1,7.9,4.8,80.1,123,2,5,7.4,92.0,77.9,1,no,20.6,mujer,D
STU-02343,Ciencia de Datos,5,7.2,10.5,81.2,45,2,6,0.7,95.2,89.0,1,si,0.0,prefiere_no_decir,B
STU-02344,Actuaria,7,9.1,5.8,75.0,69,0,5,4.4,86.6,75.3,1,no,0.0,mujer,E
STU-02345,Ciencia de Datos,3,7.0,2.8,85.8,140,1,6,1.8,88.5,70.5,1,si,25.2,mujer,D
STU-02346,Ciencia de Datos,3,9.0,6.2,74.0,27,1,6,0.6,65.2,54.4,0,si,0.0,hombre,F
STU-02347,Economia,3,6.1,8.5,69.9,53,1,6,2.5,85.8,69.7,0,no,14.5,no_binario,F
STU-02348,Ciencia de Datos,7,8.1,11.2,78.3,1,2,6,3.8,83.8,88.7,1,si,0.0,no_binario,D
STU-02349,Economia,3,8.1,6.8,90.9,26,2,5,1.5,94.7,81.2,1,no,4.6,mujer,C
STU-02350,Ciencia de Datos,3,6.8,5.1,77.4,45,1,4,1.6,75.6,65.7,0,no,29.6,mujer,B
STU-02351,Matematicas,8,9.5,8.5,77.4,77,2,6,1.6,91.6,80.1,1,no,24.9,mujer,C
STU-02352,Economia,6,6.1,6.7,82.7,29,2,8,2.0,73.4,69.4,0,si,0.0,hombre,B
STU-02353,Matematicas,5,7.4,3.6,67.4,25,2,6,1.7,74.7,56.1,0,no,24.5,hombre,D
STU-02354,Ciencia de Datos,1,6.7,4.2,94.0,139,2,6,3.8,90.7,79.9,1,no,6.4,hombre,C
STU-02355,Actuaria,8,8.1,9.3,97.1,138,0,4,1.9,87.4,90.1,1,no,16.9,hombre,F
STU-02356,Estadistica,3,7.8,10.2,85.4,60,0,5,0.1,76.0,78.9,1,no,10.0,hombre,C
STU-02357,Matematicas,1,7.1,2.4,68.7,60,5,7,2.9,63.6,60.6,0,si,23.0,hombre,E
STU-02358,Matematicas,7,5.1,5.8,59.8,65,2,6,1.6,93.7,57.8,0,no,30.1,hombre,C
STU-02359,Matematicas,3,6.9,1.5,74.8,47,1,5,0.4,92.1,68.7,0,no,26.3,mujer,E
STU-02360,Estadistica,3,7.2,9.8,86.9,90,1,5,1.8,87.8,89.1,1,si,0.0,hombre,A
STU-02361,Estadistica,5,5.6,7.7,91.8,43,1,8,3.9,81.0,76.4,1,no,13.3,mujer,B
STU-02362,Ciencia de Datos,7,5.9,9.4,74.9,36,6,9,3.9,75.5,68.1,0,si,34.6,hombre,C
STU-02363,Estadistica,2,6.2,4.3,75.7,47,4,7,3.9,84.9,70.8,1,no,24.6,mujer,B
STU-02364,Ciencia de Datos,1,6.5,10.3,83.5,4,2,5,1.9,84.2,71.3,1,no,0.0,mujer,F
STU-02365,Actuaria,7,6.8,8.8,91.0,24,1,4,3.2,86.4,91.7,1,no,0.0,mujer,E
STU-02366,Matematicas,5,7.4,9.0,84.2,6,0,6,2.8,88.5,80.3,1,no,0.0,prefiere_no_decir,A
STU-02367,Actuaria,6,8.5,9.2,77.5,0,1,6,2.7,79.1,84.2,1,si,0.0,hombre,F
STU-02368,Ciencia de Datos,3,7.4,6.6,78.5,39,2,6,0.1,87.3,80.7,1,si,20.6,mujer,F
STU-02369,Ciencia de Datos,1,8.6,10.0,86.6,22,0,2,1.7,94.2,86.3,1,si,0.0,mujer,C
STU-02370,Actuaria,9,5.9,4.1,47.9,18,4,9,3.9,91.8,45.4,0,no,15.0,hombre,A
STU-02371,Actuaria,1,7.0,9.6,80.9,49,2,6,0.2,84.1,81.5,1,no,0.0,hombre,A
STU-02372,Matematicas,3,4.8,5.0,66.0,18,3,7,5.4,87.6,54.5,0,no,0.0,hombre,D
STU-02373,Actuaria,8,5.9,12.1,63.8,34,1,8,6.4,75.2,74.2,1,no,0.0,mujer,E
STU-02374,Estadistica,6,5.5,6.1,73.3,89,3,6,1.0,88.7,67.5,0,si,8.6,hombre,D
STU-02375,Matematicas,1,7.9,6.4,71.3,70,0,5,1.4,83.5,65.2,0,si,19.8,prefiere_no_decir,D
STU-02376,Matematicas,1,7.8,4.6,64.8,82,1,5,2.0,93.4,79.5,1,no,0.0,hombre,E
STU-02377,Ciencia de Datos,5,8.1,7.5,57.0,55,1,7,2.5,83.9,71.6,1,no,0.0,hombre,B
STU-02378,Economia,2,8.1,0.5,78.3,86,2,6,6.2,76.0,48.6,0,no,0.0,mujer,A
STU-02379,Matematicas,6,6.6,7.1,78.3,45,0,2,3.6,91.9,88.2,1,no,1.9,mujer,C
STU-02380,Estadistica,9,7.6,10.6,100.0,75,2,7,3.5,94.2,96.9,1,si,0.0,mujer,D
STU-02381,Economia,8,6.6,5.2,70.1,35,4,7,0.8,75.7,60.4,0,si,30.7,hombre,D
STU-02382,Estadistica,3,6.4,4.9,76.9,54,5,7,2.2,79.7,75.4,1,no,22.2,no_binario,C
STU-02383,Actuaria,5,9.2,4.4,72.7,71,1,6,9.0,74.1,56.1,0,si,0.0,mujer,B
STU-02384,Estadistica,7,7.7,8.0,74.5,80,5,8,1.4,95.3,73.7,1,si,11.8,mujer,A
STU-02385,Matematicas,4,8.0,3.6,72.6,25,2,6,1.5,63.4,54.3,0,no,0.0,mujer,A
STU-02386,Estadistica,8,8.1,11.8,92.9,109,3,6,2.4,100.0,89.6,1,no,0.0,hombre,D
STU-02387,Economia,9,7.6,6.7,90.4,78,1,7,2.2,100.0,77.1,1,no,15.5,hombre,B
STU-02388,Estadistica,7,6.6,9.2,66.7,22,2,6,5.6,86.6,89.1,1,no,0.0,hombre,C
STU-02389,Estadistica,4,7.8,5.0,76.1,85,2,5,3.5,82.8,76.9,1,no,0.0,mujer,F
STU-02390,Actuaria,3,8.5,6.1,81.9,50,1,3,5.0,76.5,80.2,1,si,0.0,mujer,A
STU-02391,Ciencia de Datos,8,7.4,3.0,73.5,53,0,7,1.3,100.0,82.5,1,no,24.9,hombre,E
STU-02392,Ciencia de Datos,8,6.5,8.5,86.4,77,2,6,1.3,87.5,79.4,1,si,27.8,mujer,C
STU-02393,Ciencia de Datos,8,6.3,8.1,77.8,52,0,5,0.7,82.3,72.4,1,no,0.0,mujer,B
STU-02394,Economia,3,7.7,2.5,82.9,57,2,4,3.4,80.4,60.0,0,no,0.0,mujer,E
STU-02395,Actuaria,9,7.0,9.1,82.1,45,1,4,2.1,72.3,80.0,1,no,0.0,hombre,E
STU-02396,Matematicas,7,8.6,9.9,99.5,189,0,4,0.1,87.6,87.4,1,no,0.0,mujer,E
STU-02397,Estadistica,3,7.8,6.2,71.4,20,0,5,2.2,84.5,72.6,1,si,0.0,hombre,D
STU-02398,Actuaria,4,8.1,3.9,61.7,74,4,6,1.6,77.2,58.3,0,no,17.5,mujer,A
STU-02399,Ciencia de Datos,8,8.0,9.3,92.0,69,2,5,2.3,90.7,100.0,1,si,0.0,mujer,F
STU-02400,Ciencia de Datos,3,7.5,7.3,56.6,6,1,7,3.0,97.4,82.1,1,no,0.0,hombre,C
STU-02401,Ciencia de Datos,6,5.9,7.9,88.7,36,0,4,3.4,91.6,87.2,1,no,0.0,mujer,D
STU-02402,Ciencia de Datos,5,6.9,6.4,75.5,14,2,6,1.7,75.1,76.0,1,si,22.2,hombre,F
STU-02403,Matematicas,8,7.3,6.7,69.1,20,1,6,1.4,82.3,69.7,0,no,0.0,hombre,D
STU-02404,Matematicas,7,7.6,4.9,65.0,75,2,7,2.8,95.2,76.4,1,no,23.9,hombre,C
STU-02405,Economia,6,7.4,4.2,59.9,41,3,8,1.0,85.0,71.9,1,si,21.6,mujer,F
STU-02406,Ciencia de Datos,3,7.1,7.5,80.7,33,2,5,0.9,64.6,71.0,1,no,0.0,hombre,C
STU-02407,Ciencia de Datos,5,7.8,10.3,76.0,88,1,6,3.9,89.8,80.6,1,no,0.0,mujer,B
STU-02408,Estadistica,5,7.2,2.9,79.5,41,1,6,0.4,91.4,66.8,0,no,12.8,hombre,A
STU-02409,Actuaria,8,5.4,8.2,77.9,0,0,9,9.0,79.0,56.6,0,no,0.0,hombre,F
STU-02410,Ciencia de Datos,7,7.9,7.6,100.0,203,2,6,6.5,100.0,100.0,1,si,0.0,mujer,C
STU-02411,Economia,4,6.3,10.5,83.2,25,2,8,2.5,71.9,76.3,1,no,0.0,hombre,C
STU-02412,Estadistica,8,7.4,12.4,93.3,7,0,6,0.8,100.0,98.5,1,si,0.0,no_binario,B
STU-02413,Ciencia de Datos,1,6.1,0.7,58.8,26,2,7,2.5,67.2,43.2,0,no,21.7,hombre,D
STU-02414,Estadistica,9,7.6,10.4,89.7,108,0,5,1.9,98.3,100.0,1,si,0.0,no_binario,D
STU-02415,Estadistica,5,7.4,7.6,81.0,66,0,5,2.3,74.9,80.4,1,no,0.0,hombre,E
STU-02416,Matematicas,6,7.1,11.2,100.0,64,0,6,1.3,87.8,98.1,1,no,0.0,hombre,C
STU-02417,Ciencia de Datos,6,8.3,7.9,93.1,73,3,6,2.1,84.7,81.9,1,si,0.0,mujer,C
STU-02418,Actuaria,2,6.8,5.8,66.8,21,3,7,2.8,77.9,65.7,0,si,18.1,mujer,B
STU-02419,Estadistica,5,6.6,12.3,95.8,96,0,5,0.6,87.3,90.6,1,si,0.0,hombre,A
STU-02420,Estadistica,1,7.6,5.7,64.7,10,3,4,2.2,68.8,54.7,0,no,0.0,mujer,E
STU-02421,Estadistica,3,7.7,10.5,73.7,21,3,6,3.6,86.2,83.8,1,no,0.0,no_binario,A
STU-02422,Estadistica,7,7.5,2.0,77.7,86,2,5,0.9,62.9,67.4,0,no,0.0,hombre,E
STU-02423,Economia,2,6.2,2.9,72.7,107,2,6,5.9,77.7,64.2,0,no,0.0,mujer,B
STU-02424,Estadistica,2,7.1,4.2,83.6,32,3,6,4.5,71.8,72.5,1,si,11.7,hombre,D
STU-02425,Actuaria,5,7.6,7.7,94.1,79,0,5,5.7,80.3,81.3,1,no,0.0,mujer,A
STU-02426,Actuaria,4,5.6,6.8,78.1,87,0,8,2.4,82.9,61.9,0,no,23.4,mujer,A
STU-02427,Ciencia de Datos,9,7.2,10.8,90.0,64,1,7,6.5,83.6,75.8,1,no,0.0,mujer,A
STU-02428,Ciencia de Datos,5,7.8,8.9,100.0,73,0,5,1.7,87.5,88.1,1,si,0.0,hombre,F
STU-02429,Estadistica,2,9.5,7.6,88.3,53,1,5,0.7,81.0,64.6,0,no,0.0,hombre,F
STU-02430,Matematicas,1,8.0,6.2,80.3,29,1,6,1.5,90.8,81.3,1,si,0.0,mujer,E
STU-02431,Actuaria,1,5.8,4.0,76.2,18,4,4,1.6,64.4,60.1,0,no,0.0,mujer,C
STU-02432,Matematicas,9,7.9,8.3,66.5,92,1,7,5.2,79.2,64.6,0,no,0.0,no_binario,D
STU-02433,Matematicas,3,7.8,9.3,89.6,49,2,6,1.6,73.5,76.1,1,si,0.0,mujer,A
STU-02434,Estadistica,7,9.6,8.0,80.8,3,2,5,0.2,92.3,80.6,1,si,0.0,mujer,D
STU-02435,Estadistica,9,6.0,6.5,72.4,58,0,8,2.3,79.0,67.7,0,no,16.0,mujer,A
STU-02436,Matematicas,6,5.4,10.1,71.8,62,0,5,2.5,71.5,60.8,0,no,0.0,mujer,C
STU-02437,Ciencia de Datos,7,8.8,8.7,100.0,171,1,5,2.4,77.2,79.5,1,si,0.0,prefiere_no_decir,A
STU-02438,Ciencia de Datos,9,6.6,10.0,92.6,98,1,5,5.2,89.3,94.6,1,si,0.0,hombre,B
STU-02439,Estadistica,1,7.2,6.7,81.6,85,1,3,2.5,90.6,80.8,1,no,0.0,mujer,F
STU-02440,Matematicas,4,8.0,9.0,79.0,29,2,7,6.8,85.3,76.2,1,no,0.0,mujer,F
STU-02441,Estadistica,4,7.3,6.6,80.7,86,2,7,1.5,87.4,80.0,1,no,14.0,hombre,C
STU-02442,Matematicas,7,7.6,7.7,86.8,92,1,6,3.0,89.4,73.5,1,si,0.0,mujer,A
STU-02443,Actuaria,8,6.8,7.3,68.4,11,1,8,3.0,69.9,62.0,0,no,0.0,hombre,B
STU-02444,Economia,2,5.8,4.9,100.0,112,1,2,1.6,65.6,65.6,0,no,0.0,prefiere_no_decir,E
STU-02445,Ciencia de Datos,8,5.8,10.1,85.7,43,2,7,4.7,98.9,86.6,1,si,24.4,mujer,E
STU-02446,Economia,2,7.4,4.2,70.8,53,0,6,1.1,90.4,72.0,1,no,11.6,hombre,F
STU-02447,Ciencia de Datos,2,7.3,7.1,88.3,102,1,3,0.9,90.4,88.7,1,si,0.0,hombre,B
STU-02448,Estadistica,8,7.0,8.3,77.0,47,2,8,5.8,80.5,69.7,0,no,13.6,hombre,D
STU-02449,Economia,6,6.9,5.0,69.6,41,2,9,1.6,79.3,61.8,0,si,23.4,mujer,A
STU-02450,Estadistica,1,6.2,0.5,59.4,35,2,7,1.5,79.9,47.9,0,no,30.9,hombre,A
STU-02451,Ciencia de Datos,6,6.7,9.4,99.1,35,0,7,4.3,87.0,87.0,1,si,0.0,prefiere_no_decir,C
STU-02452,Actuaria,3,6.6,4.9,81.1,35,3,7,1.7,77.1,71.1,1,no,0.0,hombre,A
STU-02453,Estadistica,8,6.3,7.0,77.0,79,5,7,0.7,82.8,71.2,1,si,23.0,hombre,A
STU-02454,Actuaria,2,6.0,5.9,76.1,40,2,5,1.5,75.7,67.0,0,no,8.9,mujer,A
STU-02455,Estadistica,6,7.9,11.5,76.0,17,1,5,0.7,88.0,85.2,1,si,0.0,mujer,B
STU-02456,Ciencia de Datos,6,7.7,6.0,81.9,97,1,5,1.0,76.3,74.6,1,no,15.8,hombre,A
STU-02457,Economia,5,5.8,3.6,64.6,59,4,8,1.2,81.4,53.8,0,no,20.1,hombre,D
STU-02458,Estadistica,2,7.2,3.9,73.6,28,3,8,6.8,67.9,63.4,0,si,13.3,mujer,E
STU-02459,Ciencia de Datos,4,7.5,8.1,82.2,28,4,7,1.9,74.3,79.0,1,no,9.8,prefiere_no_decir,E
STU-02460,Ciencia de Datos,4,8.3,10.4,82.3,35,1,5,1.1,75.1,70.8,1,no,0.0,mujer,B
STU-02461,Actuaria,4,3.8,1.4,72.1,74,1,5,3.0,67.8,35.0,0,no,29.1,hombre,A
STU-02462,Economia,1,7.9,3.6,87.9,34,0,4,4.9,66.2,58.2,0,no,0.0,hombre,A
STU-02463,Matematicas,7,6.8,8.7,79.4,42,4,9,4.6,75.5,69.9,0,no,7.4,hombre,E
STU-02464,Economia,8,7.1,8.1,78.4,52,2,6,2.7,80.5,72.1,1,no,0.0,mujer,E
STU-02465,Matematicas,3,5.9,6.9,69.1,100,1,9,1.6,93.2,63.5,0,no,28.1,mujer,D
STU-02466,Actuaria,8,8.2,8.0,73.2,73,1,6,2.0,85.1,81.6,1,no,0.0,mujer,C
STU-02467,Estadistica,9,6.2,8.3,76.5,48,3,7,1.9,85.2,74.2,1,si,16.1,mujer,E
STU-02468,Estadistica,5,7.0,5.1,95.8,148,1,4,0.6,83.4,84.7,1,si,12.4,hombre,A
STU-02469,Estadistica,2,6.8,12.9,87.7,59,3,6,1.5,91.9,100.0,1,si,0.0,hombre,C
STU-02470,Matematicas,3,7.3,6.6,74.2,100,1,6,2.1,79.7,60.6,0,no,18.5,prefiere_no_decir,A
STU-02471,Estadistica,4,7.7,2.8,81.0,110,0,6,4.0,86.1,59.7,0,no,6.8,mujer,B
STU-02472,Matematicas,2,6.8,5.5,64.3,50,1,5,1.7,76.2,61.6,0,no,0.0,mujer,F
STU-02473,Ciencia de Datos,3,7.9,7.4,87.4,42,0,4,1.1,93.1,88.8,1,no,12.8,mujer,E
STU-02474,Estadistica,3,6.9,9.4,62.5,59,2,6,2.0,89.5,70.4,1,si,14.4,mujer,D
STU-02475,Matematicas,8,5.9,4.2,71.0,72,1,6,8.3,90.3,70.0,1,si,12.0,hombre,B
STU-02476,Matematicas,4,5.8,7.0,82.6,31,2,8,1.7,84.9,62.8,0,si,18.6,mujer,D
STU-02477,Economia,2,9.1,8.5,92.2,16,3,6,1.3,94.2,70.4,1,si,0.0,mujer,F
STU-02478,Estadistica,6,6.2,9.1,87.3,102,1,5,0.1,87.6,87.1,1,no,0.0,mujer,C
STU-02479,Economia,2,8.6,9.1,75.0,38,0,5,4.7,74.9,76.0,1,no,0.0,mujer,D
STU-02480,Estadistica,2,8.2,6.8,73.8,42,0,7,7.4,77.6,70.1,1,no,0.0,hombre,C
STU-02481,Estadistica,2,5.9,5.4,100.0,138,2,3,0.8,84.1,73.9,1,si,0.0,mujer,B
STU-02482,Economia,3,5.5,4.9,66.2,19,0,7,7.1,72.9,58.3,0,no,18.7,mujer,D
STU-02483,Estadistica,3,8.4,10.0,76.3,10,0,8,3.2,77.4,74.1,1,si,0.0,prefiere_no_decir,D
STU-02484,Actuaria,5,6.1,6.0,88.3,54,1,5,1.4,69.2,72.1,1,no,22.5,mujer,D
STU-02485,Actuaria,8,5.4,8.1,77.0,13,1,7,3.7,87.1,74.5,1,si,21.2,mujer,D
STU-02486,Matematicas,1,8.2,4.4,83.3,48,1,5,2.3,88.1,80.7,1,no,9.1,mujer,B
STU-02487,Actuaria,1,6.4,6.8,91.2,76,5,5,6.6,77.1,73.5,1,no,19.6,mujer,E
STU-02488,Matematicas,8,7.1,11.8,69.6,49,2,7,2.2,96.0,81.9,1,no,22.8,hombre,E
STU-02489,Estadistica,4,6.7,7.7,83.1,97,5,5,3.5,80.5,77.4,1,no,0.0,mujer,A
STU-02490,Actuaria,4,5.8,1.0,78.5,81,1,7,7.7,92.5,55.3,0,si,23.2,mujer,A
STU-02491,Estadistica,8,6.0,7.1,80.7,45,1,6,4.9,82.4,77.0,1,no,0.0,mujer,C
STU-02492,Estadistica,1,7.1,9.7,81.0,69,1,2,0.9,80.7,90.3,1,no,0.0,mujer,E
STU-02493,Actuaria,2,7.8,6.4,70.7,80,0,3,1.5,86.7,85.0,1,no,0.0,mujer,B
STU-02494,Actuaria,9,8.4,11.3,100.0,98,0,6,4.2,74.1,81.7,1,no,0.0,mujer,B
STU-02495,Estadistica,9,6.2,8.4,69.9,25,4,9,0.8,95.5,73.4,1,no,24.3,mujer,C
STU-02496,Estadistica,9,6.2,9.3,72.6,3,2,9,2.1,91.9,68.5,0,no,26.4,hombre,A
STU-02497,Estadistica,2,7.4,1.3,68.4,37,6,7,1.2,65.2,49.6,0,no,15.1,mujer,A
STU-02498,Matematicas,7,7.4,6.8,66.3,20,3,6,0.6,83.6,73.5,1,si,0.0,hombre,C
STU-02499,Estadistica,4,7.6,5.9,85.9,67,1,5,0.6,80.5,59.9,0,si,21.2,hombre,B
STU-02500,Actuaria,5,6.9,6.8,88.5,174,3,7,2.2,87.8,89.0,1,no,0.0,hombre,C
STU-02501,Actuaria,8,8.7,8.5,68.9,54,1,6,2.8,72.3,65.4,0,no,0.0,mujer,B
STU-02502,Estadistica,1,6.9,7.2,82.9,65,1,5,5.5,81.5,68.9,0,no,0.0,mujer,A
STU-02503,Estadistica,9,5.9,11.5,72.1,11,5,8,6.2,98.3,80.0,1,no,15.7,mujer,A
STU-02504,Actuaria,5,7.7,7.6,86.1,72,1,6,2.4,71.1,61.4,0,no,0.0,hombre,A
STU-02505,Estadistica,6,7.9,10.0,70.5,13,1,5,4.7,87.8,90.2,1,si,0.0,mujer,E
STU-02506,Actuaria,5,5.6,1.3,68.7,77,3,6,5.9,59.4,38.6,0,si,14.5,hombre,E
STU-02507,Matematicas,2,7.6,5.3,71.1,13,0,5,1.2,82.6,75.4,1,no,13.6,hombre,E
STU-02508,Estadistica,6,7.2,7.6,82.5,12,0,8,3.3,84.3,65.3,0,si,0.0,mujer,E
STU-02509,Ciencia de Datos,5,5.3,10.5,80.7,32,1,6,0.4,74.0,80.4,1,no,0.0,hombre,E
STU-02510,Estadistica,2,7.5,6.6,56.0,35,1,5,1.2,100.0,77.5,1,no,6.6,hombre,E
STU-02511,Estadistica,5,6.5,6.7,94.6,178,2,5,2.1,81.1,69.7,0,no,14.5,mujer,F
STU-02512,Actuaria,7,6.5,7.0,79.8,81,0,6,3.3,88.0,85.2,1,no,0.0,hombre,F
STU-02513,Actuaria,8,7.1,5.9,87.4,158,1,6,5.8,81.3,69.6,0,si,20.0,hombre,C
STU-02514,Ciencia de Datos,7,8.5,8.7,90.2,83,1,3,1.9,92.5,88.6,1,no,0.0,hombre,D
STU-02515,Ciencia de Datos,4,6.6,7.5,62.5,13,1,7,1.3,79.2,66.3,0,no,0.0,mujer,F
STU-02516,Estadistica,2,6.6,6.1,68.1,22,3,7,5.7,81.8,58.6,0,si,0.0,mujer,B
STU-02517,Ciencia de Datos,2,6.6,5.4,81.3,45,1,7,5.7,82.3,72.3,1,no,0.0,hombre,C
STU-02518,Economia,2,4.8,2.9,71.3,66,0,5,3.1,83.6,50.4,0,no,0.0,mujer,A
STU-02519,Estadistica,2,6.7,3.9,77.1,82,3,4,2.1,70.6,64.0,0,no,0.0,mujer,A
STU-02520,Economia,1,5.4,5.7,73.5,29,3,6,0.1,81.2,62.1,0,si,12.8,hombre,B
STU-02521,Ciencia de Datos,4,7.5,8.8,77.4,11,2,6,0.5,83.7,76.7,1,no,0.0,hombre,A
STU-02522,Economia,7,4.9,10.2,80.9,88,1,10,4.7,93.5,57.8,0,no,37.7,mujer,C
STU-02523,Actuaria,3,5.9,2.6,64.3,27,1,5,0.8,83.0,63.4,0,no,18.5,hombre,D
STU-02524,Actuaria,3,8.2,4.8,72.8,44,0,5,2.8,81.0,64.6,0,no,15.9,mujer,C
STU-02525,Estadistica,8,9.4,6.5,84.7,144,0,4,3.0,95.6,80.4,1,no,12.2,hombre,E
STU-02526,Estadistica,7,5.5,5.3,79.7,69,3,7,6.1,86.7,73.0,1,no,23.6,hombre,F
STU-02527,Ciencia de Datos,1,6.5,8.1,84.8,74,3,5,2.5,71.7,59.8,0,no,9.4,mujer,D
STU-02528,Actuaria,6,6.6,2.3,98.3,220,0,4,6.5,78.6,78.9,1,si,0.0,mujer,C
STU-02529,Economia,5,6.6,3.2,98.5,160,0,6,1.8,89.9,81.9,1,si,0.0,hombre,F
STU-02530,Estadistica,1,6.6,6.7,67.2,41,2,6,3.5,78.0,58.1,0,no,0.0,hombre,C
STU-02531,Estadistica,3,6.8,7.4,91.0,119,0,2,1.4,100.0,98.9,1,si,0.0,mujer,B
STU-02532,Matematicas,5,8.6,3.4,66.0,30,2,7,5.5,64.9,49.9,0,no,0.0,mujer,E
STU-02533,Estadistica,3,8.7,5.1,76.3,40,0,4,1.6,76.8,76.1,1,no,0.0,hombre,D
STU-02534,Matematicas,4,7.4,6.4,65.7,33,0,7,3.9,94.9,74.1,1,si,0.0,mujer,E
STU-02535,Estadistica,9,5.8,9.7,79.7,129,1,5,3.9,100.0,91.6,1,si,0.0,hombre,F
STU-02536,Economia,9,6.7,9.3,59.3,6,1,10,9.0,90.3,68.1,0,si,17.3,mujer,D
STU-02537,Estadistica,1,7.2,4.6,92.6,0,0,5,3.4,77.3,67.2,0,no,0.0,hombre,D
STU-02538,Estadistica,7,8.2,7.8,79.7,36,0,5,5.2,97.5,89.3,1,no,0.0,hombre,F
STU-02539,Matematicas,8,6.6,8.6,90.0,53,1,7,4.1,89.9,79.6,1,no,0.0,hombre,A
STU-02540,Matematicas,2,5.9,6.0,84.0,49,2,7,1.4,84.7,78.9,1,no,14.9,mujer,A
STU-02541,Actuaria,2,6.7,4.6,83.3,64,1,5,3.3,86.2,81.4,1,no,0.0,mujer,A
STU-02542,Actuaria,3,6.9,12.3,88.2,14,3,7,1.2,91.4,84.6,1,si,0.0,hombre,F
STU-02543,Estadistica,1,6.7,5.7,47.9,0,2,8,3.4,95.8,60.7,0,no,25.8,hombre,C
STU-02544,Estadistica,2,7.5,7.2,89.5,77,1,6,6.0,86.1,84.6,1,no,0.0,hombre,C
STU-02545,Matematicas,3,4.7,5.3,69.1,26,3,5,9.0,75.0,61.2,0,no,0.0,mujer,E
STU-02546,Actuaria,4,8.5,8.5,62.9,56,2,8,3.1,90.1,74.6,1,no,11.0,hombre,C
STU-02547,Estadistica,5,7.8,7.9,86.4,58,1,2,1.8,73.0,78.4,1,no,0.0,mujer,C
STU-02548,Matematicas,1,5.8,3.1,65.1,78,0,8,1.3,80.7,53.6,0,si,12.4,hombre,D
STU-02549,Matematicas,3,6.7,0.5,73.9,46,0,3,3.2,91.7,77.1,1,no,0.0,mujer,E
STU-02550,Estadistica,4,10.1,6.4,91.5,87,1,6,0.9,76.9,55.6,0,no,0.0,hombre,E
STU-02551,Economia,3,7.1,3.6,64.2,54,2,5,3.9,71.0,57.2,0,no,0.0,mujer,D
STU-02552,Economia,2,6.4,3.0,77.0,7,1,2,2.8,89.3,67.9,0,si,0.0,hombre,E
STU-02553,Economia,2,6.1,4.4,68.9,31,0,5,0.8,78.8,63.9,0,no,0.0,mujer,B
STU-02554,Matematicas,2,6.6,5.1,78.4,54,1,7,1.1,81.8,63.8,0,no,25.4,mujer,B
STU-02555,Matematicas,4,8.8,6.7,91.1,37,0,5,1.5,81.0,75.4,1,si,0.0,hombre,B
STU-02556,Estadistica,6,7.0,8.4,90.6,21,3,6,3.2,95.5,100.0,1,no,14.6,mujer,C
STU-02557,Matematicas,9,6.0,3.8,64.1,38,2,9,4.8,83.1,63.3,0,si,22.0,hombre,E
STU-02558,Estadistica,1,6.9,5.3,95.5,103,2,7,5.5,75.0,68.0,0,no,0.0,prefiere_no_decir,B
STU-02559,Actuaria,9,6.6,10.7,100.0,44,3,5,2.5,92.2,100.0,1,si,0.0,mujer,E
STU-02560,Estadistica,9,6.0,7.4,95.1,155,0,4,0.4,89.6,92.7,1,no,12.7,hombre,D
STU-02561,Estadistica,7,6.1,11.8,85.3,95,1,5,4.0,98.2,97.7,1,no,0.0,hombre,D
STU-02562,Economia,6,6.9,2.2,57.7,83,2,6,1.9,69.9,60.3,0,si,10.4,hombre,A
STU-02563,Estadistica,2,7.5,3.3,53.2,1,2,6,4.4,96.5,72.1,1,no,0.0,hombre,E
STU-02564,Actuaria,4,5.7,3.9,76.0,103,2,8,1.9,65.7,42.2,0,no,22.1,mujer,E
STU-02565,Matematicas,4,6.6,6.9,73.9,48,2,6,3.9,85.2,68.8,0,no,16.5,mujer,A
STU-02566,Matematicas,4,7.6,7.6,67.4,12,1,6,1.6,79.9,76.6,1,no,0.0,hombre,C
STU-02567,Actuaria,8,7.1,8.8,98.8,116,2,6,3.1,94.0,91.8,1,si,16.4,hombre,C
STU-02568,Economia,7,8.5,7.9,79.1,86,0,3,3.1,77.4,72.3,1,no,0.0,mujer,B
STU-02569,Ciencia de Datos,2,8.5,7.1,95.9,89,1,1,2.1,81.3,86.4,1,no,0.0,hombre,A
STU-02570,Matematicas,3,7.0,6.7,69.6,56,2,7,1.4,87.3,70.8,1,no,18.2,mujer,B
STU-02571,Ciencia de Datos,1,8.4,8.1,99.2,117,2,4,1.1,84.3,84.9,1,si,0.0,hombre,D
STU-02572,Economia,4,7.5,7.7,74.0,1,0,5,0.6,89.7,79.7,1,no,0.0,hombre,E
STU-02573,Estadistica,5,8.3,2.0,68.2,32,1,7,1.7,81.1,74.1,1,no,12.2,mujer,E
STU-02574,Estadistica,8,7.1,8.5,91.4,15,1,5,2.9,83.9,71.3,1,no,0.0,hombre,B
STU-02575,Economia,3,6.7,5.3,90.7,62,0,5,3.3,73.4,59.3,0,no,0.0,hombre,A
STU-02576,Economia,2,6.9,7.0,76.4,68,3,4,2.3,92.6,85.0,1,no,0.0,hombre,D
STU-02577,Estadistica,4,7.9,6.2,92.7,81,3,5,3.7,92.3,82.6,1,si,18.3,hombre,A
STU-02578,Estadistica,3,8.4,2.3,66.1,39,2,7,3.6,60.6,60.2,0,no,0.0,mujer,A
STU-02579,Estadistica,5,7.9,6.2,86.6,136,2,4,2.2,82.0,74.1,1,no,0.0,hombre,B
STU-02580,Actuaria,3,6.3,7.1,77.0,53,0,6,5.3,88.3,79.3,1,no,6.9,mujer,F
STU-02581,Ciencia de Datos,5,7.5,8.6,77.3,9,1,6,0.6,83.1,77.7,1,no,0.0,hombre,E
STU-02582,Estadistica,7,5.0,8.9,77.2,44,3,6,0.8,100.0,69.9,0,no,8.9,mujer,A
STU-02583,Estadistica,8,7.4,11.0,88.6,103,0,8,1.0,96.2,76.6,1,si,0.0,mujer,C
STU-02584,Economia,5,5.7,5.8,54.1,12,1,9,6.6,86.6,58.5,0,no,17.1,hombre,A
STU-02585,Actuaria,5,6.5,4.0,65.6,45,2,6,0.7,56.9,53.5,0,no,8.7,mujer,D
STU-02586,Estadistica,7,7.1,6.4,77.8,143,3,4,4.5,84.0,86.8,1,no,26.0,mujer,F
STU-02587,Actuaria,8,7.8,7.7,78.7,33,2,6,3.0,96.0,82.3,1,si,14.0,hombre,B
STU-02588,Actuaria,2,7.2,7.0,77.9,68,2,4,1.4,69.7,70.3,1,no,13.8,hombre,C
STU-02589,Actuaria,8,7.1,4.8,71.0,0,2,7,1.9,77.0,68.7,0,si,0.0,mujer,E
STU-02590,Actuaria,2,8.4,3.9,77.4,84,1,4,2.0,79.6,70.3,1,si,0.0,hombre,D
STU-02591,Matematicas,7,8.3,8.1,87.9,105,1,5,2.9,75.0,66.8,0,si,17.0,hombre,C
STU-02592,Actuaria,3,7.8,5.5,80.6,48,3,6,9.0,71.0,60.3,0,si,0.0,prefiere_no_decir,D
STU-02593,Economia,7,7.6,0.5,69.3,24,0,7,6.2,88.4,63.5,0,si,17.7,mujer,D
STU-02594,Estadistica,1,6.4,4.6,94.7,27,1,7,1.2,78.3,65.4,0,no,13.2,mujer,B
STU-02595,Economia,5,7.3,2.6,71.7,58,4,8,1.0,93.4,55.1,0,no,0.0,hombre,C
STU-02596,Estadistica,3,5.7,11.2,78.8,59,0,6,1.7,81.8,84.6,1,no,0.0,hombre,C
STU-02597,Estadistica,9,5.8,11.5,100.0,55,2,6,3.3,75.2,80.3,1,si,0.0,hombre,D
STU-02598,Estadistica,3,6.2,2.5,74.0,37,6,8,2.5,73.3,56.5,0,no,21.5,hombre,F
STU-02599,Actuaria,9,7.7,16.4,92.0,32,0,5,2.8,100.0,100.0,1,no,0.0,mujer,E
STU-02600,Economia,7,7.8,6.7,77.3,46,1,3,1.4,68.3,78.7,1,si,0.0,hombre,F
STU-02601,Ciencia de Datos,5,8.2,5.1,79.3,83,3,8,2.0,93.3,69.1,0,no,0.0,hombre,D
STU-02602,Estadistica,4,6.7,6.7,81.9,26,1,5,3.3,78.3,71.0,1,no,12.1,mujer,F
STU-02603,Matematicas,4,7.0,6.6,73.3,69,1,6,1.3,80.3,69.1,0,no,0.0,hombre,A
STU-02604,Economia,8,7.1,5.7,85.8,66,1,5,1.3,80.3,72.3,1,no,5.7,mujer,E
STU-02605,Actuaria,3,8.2,5.3,89.9,197,1,2,5.1,66.0,68.2,0,no,0.0,hombre,B
STU-02606,Ciencia de Datos,9,7.4,11.6,91.6,49,2,6,3.9,74.2,89.4,1,si,0.0,hombre,F
STU-02607,Economia,6,8.0,11.1,90.7,124,1,5,2.2,85.4,92.8,1,no,0.0,hombre,D
STU-02608,Economia,8,5.0,6.9,91.0,37,3,6,1.8,69.4,58.6,0,no,0.0,mujer,D
STU-02609,Actuaria,3,8.3,8.8,90.9,88,1,4,2.9,87.0,91.6,1,no,0.0,mujer,F
STU-02610,Actuaria,6,7.0,8.7,97.2,84,2,5,2.7,84.5,88.3,1,no,0.0,mujer,F
STU-02611,Ciencia de Datos,5,8.6,10.5,62.5,0,0,6,2.5,89.4,78.2,1,no,1.6,mujer,C
STU-02612,Economia,1,5.3,0.5,70.3,13,3,9,4.0,69.3,42.8,0,si,16.7,mujer,C
STU-02613,Matematicas,7,6.5,7.4,63.8,41,0,7,1.0,85.7,64.7,0,si,20.7,hombre,E
STU-02614,Estadistica,3,7.2,6.0,99.3,138,2,5,0.5,90.1,83.3,1,si,29.0,hombre,D
STU-02615,Estadistica,6,6.5,5.3,82.9,132,1,6,1.7,69.9,71.2,1,si,21.8,hombre,C
STU-02616,Economia,6,7.9,6.5,91.8,99,2,6,9.0,85.5,81.2,1,no,0.0,hombre,C
STU-02617,Ciencia de Datos,4,6.7,7.2,72.1,61,0,5,1.1,66.4,69.7,0,no,23.2,mujer,B
STU-02618,Economia,3,8.4,7.7,74.3,46,0,4,3.6,100.0,87.3,1,si,0.0,mujer,E
STU-02619,Actuaria,9,8.8,8.8,90.4,107,1,6,1.3,84.5,78.4,1,no,19.0,mujer,B
STU-02620,Ciencia de Datos,7,6.8,9.2,67.9,8,1,8,0.9,90.8,85.7,1,no,0.0,mujer,D
STU-02621,Estadistica,8,5.7,4.8,86.7,40,1,7,3.2,91.5,76.4,1,no,27.2,mujer,C
STU-02622,Estadistica,1,7.3,2.1,80.4,26,2,3,0.8,72.7,63.0,0,no,16.5,mujer,A
STU-02623,Estadistica,2,5.7,2.5,81.5,85,3,7,4.3,93.7,72.2,1,si,21.9,mujer,E
STU-02624,Estadistica,7,6.9,9.4,81.2,96,3,7,1.9,93.7,83.9,1,no,0.0,hombre,D
STU-02625,Estadistica,6,6.4,4.7,66.2,0,0,7,5.7,68.0,58.9,0,no,0.0,mujer,E
STU-02626,Ciencia de Datos,7,8.0,7.3,81.9,44,4,4,9.0,97.7,100.0,1,no,0.0,hombre,E
STU-02627,Economia,8,6.7,8.6,99.3,99,4,6,1.2,98.9,81.4,1,no,0.0,mujer,E
STU-02628,Actuaria,1,6.4,5.7,75.9,47,2,6,4.0,62.2,64.2,0,si,12.6,mujer,F
STU-02629,Ciencia de Datos,1,7.7,2.3,85.5,80,0,3,0.9,72.6,59.6,0,no,0.0,hombre,D
STU-02630,Estadistica,4,6.2,5.7,66.8,35,2,7,2.7,75.7,65.8,0,no,25.6,mujer,B
STU-02631,Estadistica,1,8.4,1.0,58.8,18,6,8,8.7,91.7,56.6,0,no,28.4,hombre,A
STU-02632,Estadistica,5,6.5,6.3,84.8,145,1,6,9.0,98.3,91.8,1,no,0.0,no_binario,B
STU-02633,Estadistica,9,7.7,6.2,72.0,72,2,8,1.3,100.0,76.0,1,si,9.0,mujer,E
STU-02634,Estadistica,8,6.5,7.7,78.2,61,0,5,1.0,92.5,78.7,1,no,0.0,mujer,F
STU-02635,Estadistica,6,7.3,11.5,91.7,98,0,7,1.2,85.9,82.0,1,si,0.0,mujer,A
STU-02636,Matematicas,5,7.2,7.6,80.5,76,3,7,2.2,86.7,84.9,1,si,13.4,hombre,C
STU-02637,Economia,7,8.9,6.3,77.1,60,2,5,4.3,89.2,69.8,0,no,0.0,hombre,A
STU-02638,Economia,6,6.7,5.9,83.5,75,2,7,3.5,89.7,69.2,0,si,17.3,prefiere_no_decir,C
STU-02639,Economia,2,5.6,2.3,68.7,35,1,6,3.0,82.5,56.3,0,si,0.0,hombre,C
STU-02640,Estadistica,7,6.4,8.5,86.1,7,0,4,3.0,85.3,85.0,1,si,0.0,hombre,D
STU-02641,Estadistica,6,6.3,6.9,85.5,143,2,5,2.5,82.9,78.4,1,no,18.6,mujer,F
STU-02642,Matematicas,7,7.1,0.5,83.1,60,1,5,0.7,83.4,66.1,0,no,0.0,hombre,E
STU-02643,Actuaria,1,7.5,3.4,70.0,71,2,5,0.3,91.3,69.2,0,no,17.1,mujer,F
STU-02644,Estadistica,1,6.4,2.5,83.4,101,3,4,0.9,84.5,77.9,1,no,25.0,mujer,A
STU-02645,Estadistica,2,6.8,4.7,70.2,59,0,6,3.4,76.0,56.9,0,no,5.8,mujer,B
STU-02646,Actuaria,1,7.3,6.6,83.6,68,1,5,3.0,91.0,68.7,0,si,19.8,prefiere_no_decir,B
STU-02647,Economia,7,5.8,8.1,88.8,50,0,6,0.1,91.4,88.6,1,no,0.0,hombre,D
STU-02648,Actuaria,6,6.0,7.0,76.1,0,1,6,0.6,79.6,66.3,0,si,0.0,hombre,E
STU-02649,Economia,6,7.3,7.2,87.3,25,2,4,2.5,86.5,75.1,1,no,0.0,hombre,A
STU-02650,Estadistica,5,6.1,11.6,98.9,25,2,7,3.4,84.1,97.5,1,si,0.0,mujer,E
STU-02651,Matematicas,8,7.4,6.0,58.0,22,1,8,1.4,83.8,62.5,0,no,11.6,mujer,C
STU-02652,Ciencia de Datos,6,9.0,9.3,89.3,20,1,6,5.2,83.2,80.7,1,no,0.0,hombre,A
STU-02653,Actuaria,3,7.4,6.0,78.9,35,0,7,3.7,80.4,64.8,0,no,0.0,hombre,A
STU-02654,Matematicas,1,7.2,3.4,70.3,44,1,5,0.7,89.1,77.8,1,no,14.7,hombre,C
STU-02655,Actuaria,7,6.4,10.3,90.0,57,2,7,4.6,92.8,88.8,1,no,9.9,hombre,E
STU-02656,Estadistica,8,7.3,9.2,77.8,100,2,7,0.4,90.5,91.7,1,si,0.0,hombre,F
STU-02657,Estadistica,4,6.9,5.2,81.7,103,0,5,0.9,80.3,83.7,1,si,21.1,hombre,F
STU-02658,Estadistica,7,7.8,9.6,93.4,24,2,6,4.1,100.0,89.7,1,no,0.0,mujer,A
STU-02659,Estadistica,7,7.8,8.9,100.0,66,2,5,1.6,99.7,85.3,1,no,0.0,mujer,D
STU-02660,Ciencia de Datos,8,6.6,5.6,73.9,72,0,8,2.5,89.9,72.4,1,no,29.3,mujer,E
STU-02661,Ciencia de Datos,2,5.5,4.1,66.9,38,1,5,1.2,89.3,55.2,0,si,22.0,mujer,E
STU-02662,Estadistica,5,7.5,7.7,100.0,12,0,5,0.8,89.2,88.6,1,no,0.0,mujer,F
STU-02663,Estadistica,8,5.9,3.5,88.6,133,1,7,3.8,78.7,49.4,0,no,18.9,hombre,C
STU-02664,Economia,2,7.2,2.5,66.9,81,5,7,1.0,85.8,73.4,1,no,18.3,hombre,E
STU-02665,Actuaria,9,6.2,3.9,62.4,58,3,10,0.1,79.8,47.4,0,no,21.7,hombre,B
STU-02666,Actuaria,9,7.4,8.0,66.0,57,2,9,2.1,84.9,74.0,1,no,0.0,mujer,A
STU-02667,Economia,2,7.6,3.6,78.0,36,1,5,6.5,68.1,58.1,0,si,12.1,mujer,D
STU-02668,Matematicas,8,6.9,8.5,90.3,85,1,6,2.4,100.0,87.7,1,si,0.0,prefiere_no_decir,C
STU-02669,Matematicas,1,6.9,6.4,74.4,42,3,5,0.9,72.6,65.9,0,no,32.9,hombre,C
STU-02670,Estadistica,4,5.2,7.7,82.8,103,1,5,2.9,84.2,78.7,1,no,0.0,mujer,F
STU-02671,Matematicas,8,5.9,8.4,62.5,72,2,8,0.1,81.1,67.2,0,no,0.0,mujer,B
STU-02672,Matematicas,8,7.1,8.0,77.3,49,1,6,0.6,93.1,86.2,1,no,0.0,hombre,F
STU-02673,Estadistica,4,6.1,1.7,72.8,14,2,7,4.3,64.0,48.1,0,no,23.1,mujer,C
STU-02674,Ciencia de Datos,7,7.5,8.6,81.9,63,0,6,3.5,85.6,79.4,1,si,0.0,mujer,B
STU-02675,Ciencia de Datos,6,7.1,11.7,90.9,41,2,6,3.1,93.3,98.8,1,si,8.4,mujer,F
STU-02676,Ciencia de Datos,6,5.4,7.4,71.1,72,2,8,1.1,83.1,53.9,0,si,16.1,mujer,D
STU-02677,Actuaria,4,7.7,9.7,98.0,33,2,5,1.0,82.4,75.8,1,no,0.0,hombre,D
STU-02678,Economia,2,6.8,1.8,61.7,9,1,5,0.8,88.9,65.9,0,si,17.6,mujer,F
STU-02679,Ciencia de Datos,3,7.7,8.6,73.5,51,2,4,2.0,87.6,87.4,1,no,7.5,mujer,B
STU-02680,Economia,2,6.2,5.1,80.2,77,0,6,4.0,76.6,62.7,0,no,0.0,hombre,E
STU-02681,Economia,7,8.0,5.8,81.8,76,2,6,0.8,79.2,66.7,0,no,19.0,mujer,C
STU-02682,Ciencia de Datos,3,7.2,5.3,98.9,30,0,3,0.1,71.9,73.3,1,no,19.7,prefiere_no_decir,C
STU-02683,Matematicas,3,5.6,4.9,72.7,92,1,6,4.4,94.6,73.8,1,no,4.1,mujer,E
STU-02684,Estadistica,7,6.6,9.5,96.0,28,1,6,0.7,95.7,88.6,1,si,0.0,hombre,F
STU-02685,Matematicas,7,6.7,7.7,67.8,23,3,5,2.5,85.8,75.9,1,no,0.0,mujer,C
STU-02686,Matematicas,8,7.3,7.5,75.1,59,2,8,0.9,81.0,63.2,0,no,31.8,mujer,F
STU-02687,Economia,2,6.0,2.3,77.8,12,1,6,0.5,84.6,60.2,0,no,16.3,hombre,B
STU-02688,Matematicas,1,6.4,1.6,74.9,14,1,4,3.1,76.7,61.3,0,no,0.0,mujer,D
STU-02689,Economia,4,7.2,7.2,87.4,50,0,5,0.9,83.0,73.2,1,no,0.0,mujer,A
STU-02690,Matematicas,2,6.9,4.6,86.2,159,0,3,0.3,74.7,85.7,1,si,0.0,hombre,E
STU-02691,Estadistica,8,6.8,6.8,73.9,50,1,7,0.4,88.7,63.4,0,si,14.1,mujer,D
STU-02692,Ciencia de Datos,5,7.2,11.8,94.2,39,0,5,0.4,87.2,97.4,1,no,0.0,prefiere_no_decir,A
STU-02693,Estadistica,2,6.3,3.4,52.0,30,3,9,1.9,79.3,46.2,0,no,29.6,mujer,A
STU-02694,Actuaria,4,7.9,9.3,84.0,63,0,7,0.8,80.9,81.4,1,si,0.0,mujer,F
STU-02695,Actuaria,1,9.6,5.1,82.3,53,1,3,2.4,91.3,66.2,0,si,0.0,hombre,C
STU-02696,Estadistica,3,6.6,0.5,63.7,38,0,7,2.6,80.9,61.2,0,si,24.5,mujer,E
STU-02697,Estadistica,5,6.3,6.2,78.8,39,0,4,1.3,86.3,83.5,1,no,0.0,hombre,D
STU-02698,Actuaria,3,8.1,5.2,100.0,156,0,5,3.7,95.8,92.2,1,si,0.0,mujer,D
STU-02699,Estadistica,1,5.2,2.5,70.9,10,3,4,2.2,81.1,63.2,0,no,24.7,mujer,C
STU-02700,Actuaria,2,8.9,5.3,74.7,49,3,6,9.0,74.8,68.9,0,no,0.0,hombre,D
STU-02701,Economia,2,5.8,6.0,65.3,37,0,4,1.6,74.8,54.5,0,si,18.3,hombre,F
STU-02702,Economia,5,7.1,5.7,70.4,27,1,7,1.1,86.0,73.4,1,no,18.3,mujer,E
STU-02703,Actuaria,1,6.4,6.2,74.5,22,4,6,2.8,79.9,62.1,0,si,22.0,mujer,A
STU-02704,Ciencia de Datos,3,5.2,5.6,66.5,46,1,8,0.2,75.5,54.6,0,no,27.4,mujer,F
STU-02705,Actuaria,4,7.0,9.7,72.1,48,0,6,3.4,87.5,84.3,1,no,0.0,hombre,C
STU-02706,Economia,9,7.6,7.8,76.7,16,1,8,0.4,84.7,72.9,1,no,0.0,mujer,B
STU-02707,Estadistica,6,7.8,9.9,85.6,156,1,7,1.6,78.4,88.9,1,si,12.4,mujer,D
STU-02708,Actuaria,8,7.8,5.3,85.6,91,3,8,1.4,76.8,70.9,1,no,18.1,hombre,A
STU-02709,Estadistica,1,7.2,7.6,62.8,31,4,8,1.7,90.3,67.6,0,no,0.0,mujer,C
STU-02710,Estadistica,5,6.3,4.3,68.8,38,1,5,4.7,86.3,65.8,0,no,20.6,hombre,B
STU-02711,Estadistica,6,8.1,8.6,84.9,45,1,4,3.4,86.4,86.2,1,no,0.0,hombre,B
STU-02712,Actuaria,3,8.4,7.0,71.9,28,0,5,4.8,85.2,75.4,1,no,0.0,no_binario,D
STU-02713,Ciencia de Datos,1,8.4,1.0,71.4,68,0,5,6.6,61.5,50.0,0,si,14.6,hombre,C
STU-02714,Ciencia de Datos,2,5.4,8.7,78.3,36,1,5,1.4,91.7,80.7,1,si,17.0,hombre,C
STU-02715,Economia,4,6.5,4.3,72.7,56,2,6,3.6,96.6,80.6,1,no,12.7,hombre,F
STU-02716,Economia,8,7.2,9.0,100.0,75,3,6,2.3,78.7,83.0,1,si,0.0,hombre,D
STU-02717,Ciencia de Datos,6,5.7,8.9,77.1,59,1,6,3.7,87.9,75.3,1,no,15.9,hombre,E
STU-02718,Ciencia de Datos,9,8.6,8.4,95.6,123,0,3,1.2,88.3,90.0,1,no,0.0,mujer,A
STU-02719,Ciencia de Datos,6,6.7,6.6,79.0,40,2,8,2.3,84.4,67.8,0,si,23.8,mujer,A
STU-02720,Estadistica,3,7.8,4.8,78.0,40,2,4,1.8,76.8,80.6,1,no,8.7,hombre,C
STU-02721,Estadistica,1,7.9,7.0,77.4,61,0,4,5.2,88.6,90.5,1,no,0.0,mujer,E
STU-02722,Ciencia de Datos,6,6.8,6.9,100.0,137,3,4,2.3,81.3,89.9,1,no,0.0,mujer,D
STU-02723,Matematicas,6,7.3,5.6,64.6,48,1,7,2.6,81.8,64.1,0,si,0.0,hombre,E
STU-02724,Economia,8,6.8,6.6,77.4,55,3,6,4.6,75.0,72.3,1,no,6.1,hombre,D
STU-02725,Matematicas,6,8.0,10.1,82.7,10,1,6,0.7,72.9,58.9,0,si,0.0,mujer,C
STU-02726,Economia,8,5.1,1.5,59.5,27,4,8,1.3,73.3,47.2,0,no,29.4,hombre,F
STU-02727,Actuaria,9,6.8,8.7,98.9,135,0,6,1.6,92.4,97.3,1,si,19.0,mujer,F
STU-02728,Estadistica,9,6.8,6.7,82.6,29,2,7,3.4,89.3,75.8,1,no,8.7,mujer,B
STU-02729,Matematicas,5,6.5,2.2,66.7,30,2,7,4.9,77.7,57.7,0,no,25.5,hombre,A
STU-02730,Economia,5,6.9,9.3,87.0,26,1,6,0.6,78.6,74.0,1,no,0.0,mujer,C
STU-02731,Actuaria,9,8.7,9.0,89.5,100,3,7,1.4,75.4,72.6,1,si,0.0,mujer,B
STU-02732,Estadistica,4,7.8,3.1,76.5,91,1,6,3.9,65.9,66.2,0,si,0.0,hombre,C
STU-02733,Matematicas,4,6.8,4.5,85.3,128,2,7,1.2,81.8,64.7,0,no,23.2,hombre,B
STU-02734,Ciencia de Datos,6,8.5,8.3,78.6,91,2,6,0.5,74.1,59.8,0,si,0.0,mujer,C
STU-02735,Ciencia de Datos,3,7.4,5.1,67.9,38,0,5,1.7,76.1,69.0,0,no,21.2,mujer,A
STU-02736,Ciencia de Datos,5,8.2,11.5,85.3,25,0,7,1.7,89.8,93.1,1,no,0.0,mujer,E
STU-02737,Estadistica,4,7.1,9.1,100.0,48,1,5,0.7,85.0,80.8,1,si,0.0,mujer,F
STU-02738,Actuaria,2,8.3,8.1,77.7,30,0,2,3.5,67.8,64.0,0,si,0.0,mujer,D
STU-02739,Actuaria,5,7.9,7.3,79.0,77,2,7,1.7,87.3,84.2,1,si,0.0,mujer,D
STU-02740,Economia,7,6.3,5.6,73.4,16,5,8,3.7,69.6,60.5,0,no,0.0,hombre,B
STU-02741,Actuaria,5,5.9,5.3,71.1,17,2,6,0.1,86.1,60.7,0,no,21.7,hombre,D
STU-02742,Actuaria,8,6.2,11.1,75.5,26,2,7,0.9,91.2,96.0,1,no,0.0,mujer,B
STU-02743,Matematicas,8,5.1,10.9,86.6,60,2,5,1.6,93.1,84.6,1,no,0.0,no_binario,A
STU-02744,Estadistica,9,6.1,10.4,73.1,49,1,7,0.9,80.6,85.2,1,si,0.0,hombre,C
STU-02745,Matematicas,2,7.7,6.2,87.0,97,1,6,3.9,87.0,85.1,1,no,0.0,mujer,B
STU-02746,Ciencia de Datos,2,7.5,7.0,80.5,63,4,5,1.7,73.6,72.3,1,no,0.0,mujer,D
STU-02747,Ciencia de Datos,9,5.5,11.6,82.6,49,2,9,2.4,98.6,72.0,1,no,14.1,hombre,B
STU-02748,Actuaria,1,9.0,5.8,96.2,27,2,3,4.4,88.0,81.3,1,no,0.0,mujer,C
STU-02749,Ciencia de Datos,4,7.2,9.9,80.0,43,4,6,0.3,73.0,85.9,1,no,0.0,hombre,F
STU-02750,Ciencia de Datos,9,8.2,11.2,88.2,65,1,5,1.9,98.1,100.0,1,si,0.0,mujer,D
STU-02751,Actuaria,3,5.5,6.4,56.4,30,2,6,0.4,91.8,63.8,0,si,34.4,hombre,F
STU-02752,Economia,9,3.9,8.2,67.1,47,3,7,2.3,85.8,52.1,0,no,19.3,prefiere_no_decir,A
STU-02753,Actuaria,5,6.9,7.9,84.9,88,2,7,2.5,87.3,79.0,1,no,21.8,mujer,C
STU-02754,Estadistica,8,7.7,6.8,68.3,53,1,6,0.6,77.4,67.5,0,si,12.2,mujer,A
STU-02755,Ciencia de Datos,7,7.8,4.4,80.0,158,2,7,3.2,83.7,67.4,0,si,20.8,mujer,B
STU-02756,Economia,3,7.0,4.3,71.9,48,2,6,3.2,91.4,62.4,0,si,25.7,mujer,D
STU-02757,Ciencia de Datos,1,8.8,7.8,82.9,63,1,7,2.4,84.4,70.0,1,si,0.0,mujer,F
STU-02758,Actuaria,2,7.5,7.5,89.6,75,1,3,0.1,70.4,71.7,1,si,0.0,hombre,B
STU-02759,Actuaria,4,5.8,7.7,74.2,40,5,9,1.0,86.4,62.2,0,no,21.9,mujer,E
STU-02760,Matematicas,1,7.1,2.5,76.7,31,0,5,4.5,79.5,66.0,0,si,12.7,mujer,A
STU-02761,Ciencia de Datos,1,7.4,7.4,90.8,62,2,5,2.4,86.0,86.1,1,no,0.0,mujer,F
STU-02762,Economia,9,6.0,5.5,80.3,67,1,8,3.4,77.8,64.8,0,si,23.7,mujer,B
STU-02763,Ciencia de Datos,8,7.6,4.5,65.6,18,0,4,0.2,71.8,67.1,0,no,0.0,mujer,E
STU-02764,Economia,4,7.8,6.5,68.9,16,2,3,2.9,88.4,77.5,1,no,0.0,mujer,F
STU-02765,Economia,6,7.2,3.9,60.2,0,1,5,2.9,81.1,65.0,0,si,0.0,hombre,D
STU-02766,Ciencia de Datos,7,5.4,10.8,84.3,55,1,7,2.9,92.6,94.2,1,si,9.2,hombre,A
STU-02767,Ciencia de Datos,5,7.8,13.0,82.4,71,0,6,4.4,90.6,91.5,1,si,0.0,hombre,A
STU-02768,Actuaria,1,6.6,3.9,93.5,135,0,2,3.2,94.0,69.7,0,no,0.0,mujer,A
STU-02769,Estadistica,9,7.7,10.6,87.1,88,3,7,2.9,86.4,89.9,1,si,19.9,mujer,B
STU-02770,Ciencia de Datos,9,4.7,4.9,74.0,36,2,9,5.3,79.1,42.4,0,no,19.8,mujer,F
STU-02771,Estadistica,1,6.8,7.2,68.9,15,1,3,3.3,66.6,59.2,0,si,10.6,mujer,C
STU-02772,Estadistica,2,8.3,3.4,55.7,37,3,4,1.2,89.2,56.8,0,no,24.0,mujer,B
STU-02773,Matematicas,4,6.1,5.9,61.7,26,4,8,0.3,76.1,45.3,0,si,22.2,hombre,A
STU-02774,Estadistica,7,6.8,1.9,66.9,63,0,6,4.5,70.4,58.1,0,si,16.8,mujer,C
STU-02775,Estadistica,3,6.7,5.7,85.1,42,0,5,2.9,87.5,75.3,1,no,0.0,prefiere_no_decir,A
STU-02776,Actuaria,2,6.3,6.0,65.8,47,0,7,5.1,71.9,54.4,0,si,21.0,mujer,F
STU-02777,Actuaria,8,8.1,11.7,92.8,67,0,4,4.5,99.7,100.0,1,no,0.0,mujer,E
STU-02778,Estadistica,1,7.2,2.2,59.0,9,1,4,1.1,60.7,59.7,0,si,9.8,hombre,F
STU-02779,Actuaria,4,6.9,9.2,100.0,182,0,1,1.0,73.4,81.5,1,no,0.0,mujer,E
STU-02780,Economia,8,5.2,4.6,86.0,101,3,7,1.4,70.9,55.0,0,si,20.5,hombre,C
STU-02781,Estadistica,7,7.5,10.4,71.0,23,0,9,2.2,69.2,75.5,1,no,0.0,mujer,D
STU-02782,Estadistica,6,8.6,8.2,84.2,51,2,8,3.6,72.6,75.1,1,si,0.0,mujer,F
STU-02783,Ciencia de Datos,6,7.2,8.2,86.8,41,3,7,2.0,81.6,87.4,1,no,20.1,hombre,E
STU-02784,Estadistica,5,7.0,5.7,85.2,101,1,4,0.4,82.5,63.9,0,no,6.9,mujer,C
STU-02785,Estadistica,6,8.9,13.0,92.3,20,1,4,3.3,88.0,96.9,1,no,0.0,mujer,C
STU-02786,Estadistica,5,6.3,5.8,98.9,78,3,5,0.1,92.3,88.5,1,si,0.0,mujer,F
STU-02787,Actuaria,5,8.9,3.2,100.0,167,0,3,0.1,70.6,80.5,1,no,0.0,hombre,B
STU-02788,Ciencia de Datos,4,7.5,6.5,73.9,69,1,7,1.2,93.0,68.5,0,si,20.7,hombre,B
STU-02789,Economia,7,8.0,7.8,64.4,22,7,7,5.7,78.8,73.0,1,no,0.0,mujer,D
STU-02790,Estadistica,6,7.3,7.6,75.9,16,2,5,4.2,92.9,92.5,1,si,0.0,prefiere_no_decir,D
STU-02791,Actuaria,6,5.8,2.1,68.3,46,4,10,4.3,92.1,52.5,0,si,30.5,hombre,B
STU-02792,Ciencia de Datos,4,6.2,4.4,78.4,67,3,3,2.6,88.6,82.8,1,no,0.0,mujer,F
STU-02793,Ciencia de Datos,2,7.9,5.6,75.0,35,3,7,4.1,83.6,71.1,1,si,20.4,hombre,D
STU-02794,Actuaria,3,7.0,11.0,83.3,46,2,6,3.0,83.2,81.2,1,no,8.8,mujer,D
STU-02795,Actuaria,2,5.9,1.4,80.0,117,1,6,3.9,79.5,65.1,0,no,13.1,mujer,E
STU-02796,Ciencia de Datos,9,6.6,10.7,88.2,91,2,5,3.7,78.8,81.5,1,no,18.1,mujer,B
STU-02797,Matematicas,7,4.9,5.1,76.6,29,3,7,4.1,94.8,71.6,1,no,18.3,mujer,F
STU-02798,Economia,8,6.4,6.1,79.3,84,2,6,2.3,79.0,72.2,1,no,16.5,mujer,C
STU-02799,Ciencia de Datos,4,6.4,3.8,73.7,65,0,7,6.6,75.2,64.6,0,no,36.0,mujer,C
STU-02800,Matematicas,3,7.6,7.0,83.5,31,0,7,3.8,99.9,70.4,1,no,16.5,mujer,B
STU-02801,Estadistica,4,7.5,8.4,84.0,66,1,6,3.8,77.0,74.5,1,no,10.6,hombre,F
STU-02802,Matematicas,7,6.8,3.4,83.3,144,1,7,1.2,91.8,63.9,0,si,22.7,mujer,C
STU-02803,Economia,8,7.3,7.1,82.3,39,0,6,2.1,86.4,82.4,1,no,0.0,mujer,B
STU-02804,Estadistica,5,7.4,2.7,60.2,6,0,7,0.2,83.2,69.0,0,no,0.0,mujer,C
STU-02805,Economia,5,6.7,2.4,72.3,140,1,6,1.7,73.1,49.1,0,si,33.0,mujer,A
STU-02806,Economia,3,6.7,2.2,64.5,38,3,5,4.6,77.2,59.8,0,no,15.0,hombre,B
STU-02807,Ciencia de Datos,9,6.6,12.3,95.2,21,2,5,2.6,90.8,100.0,1,no,13.2,mujer,F
STU-02808,Estadistica,8,6.9,9.2,82.0,55,3,7,1.7,95.7,88.1,1,no,10.4,mujer,E
STU-02809,Actuaria,1,7.1,4.0,98.3,86,1,4,7.2,71.4,79.4,1,si,0.0,mujer,C
STU-02810,Ciencia de Datos,3,6.5,3.1,84.4,64,3,6,2.9,60.8,53.0,0,si,15.7,hombre,D
STU-02811,Economia,4,7.5,5.9,66.4,15,1,6,1.5,90.6,69.5,0,no,0.0,hombre,D
STU-02812,Matematicas,8,7.4,11.9,100.0,153,0,4,0.3,88.9,97.4,1,no,0.0,no_binario,B
STU-02813,Estadistica,9,6.8,8.2,92.0,85,1,5,4.5,97.4,87.6,1,si,0.0,mujer,D
STU-02814,Economia,2,6.6,8.4,93.9,111,2,6,0.8,91.8,85.9,1,no,0.0,mujer,A
STU-02815,Estadistica,6,7.8,5.0,73.1,70,2,7,2.7,73.4,71.9,1,si,0.0,hombre,D
STU-02816,Estadistica,2,7.0,7.3,100.0,159,0,4,0.4,84.5,73.1,1,no,0.0,hombre,D
STU-02817,Estadistica,6,6.4,8.6,95.6,169,1,4,1.5,74.5,76.7,1,no,0.0,hombre,E
STU-02818,Matematicas,5,7.2,5.8,64.6,21,3,7,0.3,89.1,74.9,1,si,0.0,hombre,C
STU-02819,Economia,6,5.4,5.1,62.5,9,2,8,7.4,70.3,63.8,0,no,11.5,mujer,C
STU-02820,Estadistica,3,4.9,7.1,76.5,58,2,7,2.7,84.0,76.3,1,no,0.0,mujer,B
STU-02821,Actuaria,1,6.9,3.7,75.1,74,1,4,0.3,73.1,71.5,1,si,0.0,hombre,E
STU-02822,Actuaria,9,7.6,9.7,71.3,42,4,8,6.5,100.0,82.5,1,no,19.0,mujer,A
STU-02823,Estadistica,8,6.0,9.8,91.4,30,2,7,0.9,90.5,86.3,1,si,0.0,hombre,F
STU-02824,Estadistica,3,7.2,4.7,88.9,40,3,6,4.9,58.4,54.0,0,no,21.3,mujer,B
STU-02825,Actuaria,2,7.7,7.7,78.5,98,0,5,4.8,79.7,76.1,1,no,4.7,mujer,D
STU-02826,Matematicas,8,6.7,6.4,86.9,89,2,6,0.8,76.9,68.9,0,si,20.3,hombre,D
STU-02827,Ciencia de Datos,7,4.6,5.1,63.2,63,1,5,0.9,93.1,71.0,1,no,16.9,mujer,D
STU-02828,Ciencia de Datos,6,4.9,5.8,67.9,19,3,10,2.3,81.0,35.8,0,no,38.0,hombre,A
STU-02829,Estadistica,2,8.1,4.1,64.9,0,1,6,1.4,79.6,68.2,0,no,0.0,hombre,B
STU-02830,Estadistica,6,7.4,7.0,86.4,78,1,6,4.3,85.6,81.0,1,no,0.0,mujer,A
STU-02831,Economia,6,8.5,5.3,69.6,35,1,7,2.6,78.0,68.5,0,no,0.0,mujer,E
STU-02832,Economia,8,7.8,3.1,73.4,114,1,5,0.3,79.3,61.7,0,no,0.0,mujer,F
STU-02833,Estadistica,9,6.8,16.7,74.9,0,2,8,1.1,88.5,94.8,1,si,0.0,hombre,A
STU-02834,Matematicas,2,8.1,4.2,68.3,47,1,6,2.4,77.0,58.6,0,no,0.0,hombre,D
STU-02835,Economia,6,7.0,8.2,81.0,20,2,6,2.4,84.1,71.1,1,si,0.0,mujer,A
STU-02836,Ciencia de Datos,4,5.9,9.4,89.3,73,3,3,1.4,87.5,95.2,1,no,0.0,hombre,F
STU-02837,Estadistica,5,9.1,8.9,82.0,59,0,6,0.7,87.0,77.0,1,si,0.0,hombre,D
STU-02838,Matematicas,4,6.6,5.3,78.8,87,2,5,3.9,69.7,64.7,0,si,0.0,hombre,B
STU-02839,Ciencia de Datos,9,6.2,7.6,87.1,73,4,10,2.1,74.2,50.5,0,si,31.9,hombre,B
STU-02840,Estadistica,3,6.3,1.4,67.9,78,2,8,3.0,74.4,54.4,0,si,5.5,mujer,F
STU-02841,Economia,8,7.1,12.0,92.4,74,2,7,1.3,92.4,91.9,1,no,17.1,hombre,E
STU-02842,Economia,1,5.9,0.5,65.6,64,0,5,2.4,58.3,35.0,0,no,19.4,mujer,A
STU-02843,Estadistica,4,5.1,7.7,72.7,41,1,6,2.8,79.2,73.5,1,no,29.9,hombre,B
STU-02844,Estadistica,4,6.4,6.2,88.9,144,1,3,1.6,78.3,75.7,1,no,0.0,mujer,F
STU-02845,Economia,9,8.3,8.2,90.5,59,0,3,1.2,79.7,90.5,1,no,0.0,hombre,F
STU-02846,Estadistica,3,7.6,8.0,68.7,56,1,6,2.7,99.0,86.1,1,no,0.0,hombre,A
STU-02847,Actuaria,7,5.7,6.7,74.5,43,4,7,3.9,100.0,68.5,0,no,9.4,hombre,A
STU-02848,Economia,6,7.5,2.0,90.1,91,0,5,3.8,80.2,63.5,0,si,11.8,hombre,C
STU-02849,Actuaria,8,7.6,8.5,78.3,102,1,7,5.7,72.4,67.8,0,no,10.2,mujer,A
STU-02850,Economia,2,6.7,8.2,69.5,109,2,5,4.7,92.0,84.6,1,si,12.8,mujer,F
STU-02851,Ciencia de Datos,6,6.9,10.7,89.1,17,0,6,0.6,74.3,90.4,1,si,0.0,hombre,E
STU-02852,Matematicas,5,8.7,5.0,76.9,69,0,3,0.2,83.9,76.8,1,no,0.0,mujer,C
STU-02853,Estadistica,5,6.0,5.3,62.3,14,0,7,2.2,73.9,71.8,1,no,17.9,hombre,C
STU-02854,Estadistica,5,8.0,2.8,74.8,60,0,7,1.2,78.9,54.4,0,no,38.0,mujer,E
STU-02855,Estadistica,1,6.0,8.5,79.8,8,2,6,1.1,85.5,83.1,1,si,15.1,mujer,C
STU-02856,Matematicas,8,7.4,9.4,74.3,44,3,8,5.1,85.6,72.5,1,no,15.9,mujer,C
STU-02857,Matematicas,8,8.5,11.4,100.0,127,0,5,2.2,75.4,80.5,1,no,0.0,hombre,E
STU-02858,Estadistica,4,5.4,5.5,77.2,0,3,8,2.9,89.3,66.5,0,no,25.2,hombre,B
STU-02859,Ciencia de Datos,3,6.4,5.2,80.4,15,3,9,1.0,76.4,73.5,1,no,10.4,mujer,D
STU-02860,Estadistica,6,6.8,8.7,91.5,104,4,9,3.2,74.9,78.8,1,no,22.7,hombre,C
STU-02861,Ciencia de Datos,5,5.5,4.9,62.1,22,3,8,5.1,74.9,57.9,0,no,17.5,mujer,E
STU-02862,Estadistica,9,7.1,7.5,70.2,34,2,7,1.5,90.0,91.2,1,no,0.0,no_binario,C
STU-02863,Matematicas,6,7.8,9.5,90.7,28,2,4,1.6,77.4,88.9,1,si,0.0,prefiere_no_decir,A
STU-02864,Economia,6,8.1,6.0,74.4,19,3,7,2.6,83.2,81.9,1,no,0.0,hombre,C
STU-02865,Estadistica,6,8.3,11.2,92.0,71,0,5,0.7,84.2,84.0,1,si,0.0,hombre,A
STU-02866,Estadistica,4,6.1,5.0,76.9,91,1,7,1.7,100.0,73.1,1,no,24.3,mujer,D
STU-02867,Estadistica,9,7.5,9.1,89.9,38,4,7,2.9,98.1,96.8,1,no,0.0,mujer,A
STU-02868,Ciencia de Datos,7,5.3,7.4,61.8,36,1,7,0.1,83.3,47.7,0,si,19.5,mujer,B
STU-02869,Economia,6,7.7,7.4,95.0,5,2,6,0.2,68.9,70.9,1,no,0.0,mujer,D
STU-02870,Economia,8,7.1,14.2,98.9,59,0,7,1.8,84.4,76.8,1,si,11.0,mujer,B
STU-02871,Actuaria,6,5.8,8.9,89.3,91,2,4,4.5,88.1,87.4,1,no,0.0,hombre,C
STU-02872,Estadistica,9,7.0,13.3,89.3,52,1,6,3.5,91.9,98.7,1,no,0.0,hombre,B
STU-02873,Estadistica,3,6.5,10.4,72.1,14,1,6,3.3,84.6,73.8,1,si,9.4,hombre,C
STU-02874,Actuaria,3,7.2,6.9,69.8,58,3,7,1.8,64.2,61.6,0,si,0.0,hombre,A
STU-02875,Actuaria,3,8.5,5.3,87.1,37,2,6,2.9,78.0,70.6,1,no,0.0,prefiere_no_decir,A
STU-02876,Ciencia de Datos,5,8.1,5.3,100.0,220,1,5,2.5,75.9,75.3,1,no,17.9,mujer,E
STU-02877,Estadistica,3,7.2,5.9,73.0,50,1,4,1.3,87.6,75.8,1,no,10.2,mujer,E
STU-02878,Estadistica,9,7.9,10.1,88.8,126,2,6,0.1,85.0,88.5,1,no,18.7,no_binario,D
STU-02879,Actuaria,6,7.2,5.3,64.8,73,2,9,3.7,65.9,58.3,0,si,15.0,hombre,F
STU-02880,Estadistica,1,6.9,6.5,67.0,30,1,4,3.0,88.9,80.0,1,no,0.0,hombre,A
STU-02881,Economia,6,6.3,5.7,81.4,81,2,5,3.7,93.4,75.3,1,si,19.8,mujer,F
STU-02882,Estadistica,4,7.1,13.1,76.4,26,1,8,1.0,83.0,75.9,1,si,0.0,hombre,B
STU-02883,Economia,3,8.7,1.8,73.2,103,0,7,5.1,93.3,61.6,0,no,17.0,mujer,A
STU-02884,Estadistica,4,5.3,5.2,79.8,39,0,7,3.9,92.4,79.8,1,si,19.7,mujer,B
STU-02885,Estadistica,1,7.9,0.5,70.5,66,0,4,0.3,70.9,53.9,0,no,0.0,hombre,E
STU-02886,Actuaria,2,7.3,3.4,52.5,3,4,8,8.5,74.1,50.4,0,no,21.1,mujer,E
STU-02887,Estadistica,6,7.0,8.2,87.6,51,0,4,1.8,71.1,77.6,1,no,0.0,mujer,F
STU-02888,Matematicas,5,8.6,5.9,78.2,18,1,4,4.6,82.9,63.4,0,si,0.0,hombre,A
STU-02889,Actuaria,3,7.6,7.5,75.9,23,2,5,3.7,86.8,81.6,1,si,0.0,hombre,D
STU-02890,Estadistica,4,6.5,1.4,76.0,45,1,7,3.1,81.8,51.4,0,si,9.7,mujer,E
STU-02891,Actuaria,8,6.8,7.2,75.0,37,7,6,2.5,88.8,65.9,0,si,25.9,mujer,D
STU-02892,Estadistica,1,7.3,5.6,89.0,61,1,4,2.9,96.8,98.4,1,no,0.0,mujer,F
STU-02893,Ciencia de Datos,7,7.9,10.0,72.1,14,1,6,6.6,84.7,87.2,1,si,0.0,mujer,C
STU-02894,Ciencia de Datos,9,6.5,9.6,80.0,66,2,6,1.4,83.7,90.5,1,si,0.0,hombre,C
STU-02895,Economia,2,7.5,6.2,94.3,220,0,6,3.1,88.2,89.7,1,no,9.5,hombre,F
STU-02896,Estadistica,9,6.1,8.0,65.3,38,3,6,0.1,87.3,80.9,1,si,6.1,mujer,B
STU-02897,Estadistica,9,6.8,6.3,62.9,43,1,7,2.3,81.7,71.7,1,no,18.6,mujer,B
STU-02898,Ciencia de Datos,9,6.6,7.5,83.3,18,1,5,3.4,92.7,86.4,1,no,0.0,hombre,E
STU-02899,Economia,7,8.2,4.7,84.0,110,1,5,3.0,91.7,77.4,1,no,0.0,mujer,F
STU-02900,Matematicas,5,7.0,2.9,64.0,60,2,8,2.3,74.4,60.6,0,no,0.0,hombre,B
STU-02901,Matematicas,8,6.6,8.2,85.3,87,1,6,0.6,60.1,74.0,1,no,0.0,hombre,C
STU-02902,Estadistica,3,8.7,9.6,81.9,36,1,4,1.3,86.6,82.5,1,no,0.0,hombre,C
STU-02903,Estadistica,8,7.0,6.2,69.5,96,2,10,0.6,82.7,66.1,0,si,15.3,mujer,A
STU-02904,Estadistica,6,6.9,3.4,75.0,109,4,5,3.0,77.8,74.6,1,no,0.0,mujer,E
STU-02905,Ciencia de Datos,6,8.0,6.3,80.3,39,1,5,2.6,68.7,69.8,0,si,0.0,mujer,A
STU-02906,Actuaria,4,8.7,3.8,100.0,114,0,5,4.3,93.7,75.1,1,si,12.1,mujer,D
STU-02907,Actuaria,3,7.7,5.5,63.4,20,1,7,1.7,69.8,61.7,0,no,10.8,hombre,B
STU-02908,Economia,3,7.4,3.3,77.1,149,1,4,2.8,84.2,70.0,1,no,0.0,hombre,B
STU-02909,Matematicas,3,7.7,6.1,83.0,34,0,4,0.4,81.2,80.3,1,si,0.0,mujer,D
STU-02910,Estadistica,8,7.6,4.5,85.2,22,0,6,1.0,81.0,75.5,1,no,23.3,no_binario,A
STU-02911,Matematicas,2,7.5,6.1,71.5,43,1,4,2.9,87.9,74.2,1,si,0.0,mujer,C
STU-02912,Estadistica,8,9.4,13.0,87.9,13,0,6,4.2,85.0,90.7,1,no,0.0,hombre,A
STU-02913,Estadistica,3,5.7,4.6,68.8,33,3,7,1.3,76.3,60.1,0,no,29.5,hombre,C
STU-02914,Matematicas,2,7.9,6.3,71.7,104,0,6,5.7,89.4,66.9,0,no,20.1,mujer,D
STU-02915,Estadistica,1,6.7,1.7,75.2,69,1,3,0.6,77.5,69.2,0,no,0.0,hombre,D
STU-02916,Estadistica,6,6.7,11.1,71.7,40,1,5,0.9,80.8,61.4,0,no,0.0,hombre,B
STU-02917,Economia,4,8.8,6.1,93.5,87,0,4,1.9,75.5,73.7,1,no,0.0,hombre,F
STU-02918,Ciencia de Datos,3,5.0,4.5,72.8,41,1,7,1.5,59.9,53.1,0,no,23.8,hombre,C
STU-02919,Estadistica,2,7.3,7.2,76.6,49,3,6,3.1,84.3,84.1,1,no,0.0,mujer,E
STU-02920,Actuaria,1,5.5,7.0,82.7,36,2,5,1.6,85.3,78.6,1,no,0.0,hombre,D
STU-02921,Actuaria,1,7.0,4.6,78.5,116,0,4,5.8,77.0,67.3,0,no,0.0,mujer,F
STU-02922,Economia,1,6.5,1.4,75.1,57,3,3,1.5,95.8,80.1,1,no,10.8,mujer,F
STU-02923,Estadistica,6,6.9,12.1,99.4,96,2,5,1.1,82.3,87.6,1,si,0.0,hombre,A
STU-02924,Estadistica,3,7.9,4.1,86.6,77,3,6,4.9,76.8,75.2,1,no,0.0,hombre,C
STU-02925,Estadistica,9,7.0,8.5,78.3,93,2,7,1.9,84.6,74.1,1,no,13.7,hombre,E
STU-02926,Economia,6,6.7,4.0,68.3,11,1,8,1.0,87.8,71.3,1,no,22.0,hombre,D
STU-02927,Ciencia de Datos,2,6.9,0.5,79.7,52,2,7,2.5,75.6,45.4,0,si,14.0,mujer,A
STU-02928,Ciencia de Datos,9,8.0,13.9,98.8,33,1,7,3.2,82.3,96.5,1,no,0.0,hombre,F
STU-02929,Matematicas,8,7.6,9.5,82.4,34,2,8,2.8,98.4,83.2,1,si,0.0,mujer,E
STU-02930,Actuaria,2,6.9,5.4,79.7,44,1,4,2.7,77.6,83.8,1,no,0.0,hombre,B
STU-02931,Matematicas,5,4.8,1.2,60.0,28,2,10,9.0,74.2,35.0,0,no,33.1,mujer,D
STU-02932,Ciencia de Datos,9,6.7,4.5,87.0,41,3,8,6.1,73.3,65.9,0,si,0.0,hombre,F
STU-02933,Actuaria,4,7.9,4.8,85.4,86,4,6,0.6,85.4,70.4,1,si,0.0,mujer,B
STU-02934,Actuaria,3,7.0,4.9,77.3,51,1,6,0.2,72.5,69.1,0,si,0.0,hombre,D
STU-02935,Economia,2,6.5,0.5,57.1,71,0,7,1.6,70.4,46.1,0,no,30.4,mujer,A
STU-02936,Estadistica,3,6.9,9.5,100.0,13,2,4,1.2,75.7,89.1,1,no,0.0,mujer,A
STU-02937,Economia,1,7.5,6.4,94.4,75,1,4,7.7,75.5,71.4,1,no,0.2,hombre,D
STU-02938,Matematicas,5,6.8,8.0,90.0,160,2,7,2.5,90.3,81.0,1,si,15.6,mujer,B
STU-02939,Ciencia de Datos,2,4.7,4.7,82.4,60,2,8,2.0,73.0,55.7,0,no,13.8,hombre,A
STU-02940,Ciencia de Datos,7,7.1,3.9,79.3,34,3,7,1.3,82.7,79.0,1,si,24.0,mujer,B
STU-02941,Matematicas,3,7.1,12.3,90.1,37,3,6,2.8,88.7,96.1,1,no,0.0,mujer,E
STU-02942,Economia,8,7.9,10.4,100.0,60,2,7,2.6,92.4,79.3,1,no,6.9,mujer,A
STU-02943,Economia,1,10.6,5.5,80.8,0,2,6,1.6,66.1,47.4,0,si,0.0,mujer,A
STU-02944,Estadistica,6,6.3,6.8,100.0,122,0,2,0.3,83.4,90.8,1,no,0.0,mujer,A
STU-02945,Estadistica,7,6.4,11.3,81.7,26,3,7,2.8,82.7,84.0,1,no,0.0,mujer,E
STU-02946,Matematicas,2,7.7,7.9,77.7,14,4,6,0.4,84.0,76.1,1,no,0.0,hombre,B
STU-02947,Economia,7,7.2,7.4,78.6,28,1,7,0.8,76.8,71.2,1,no,0.0,mujer,F
STU-02948,Estadistica,2,8.3,7.1,82.3,48,1,7,0.8,87.7,80.1,1,no,0.0,mujer,B
STU-02949,Economia,9,7.6,7.1,85.7,62,2,6,1.0,67.5,70.0,1,no,0.0,mujer,C
STU-02950,Ciencia de Datos,9,7.3,9.9,75.5,71,0,6,0.4,83.7,96.5,1,no,0.0,hombre,F
STU-02951,Matematicas,8,8.4,8.0,72.9,82,1,5,1.5,72.0,80.0,1,si,1.7,prefiere_no_decir,E
STU-02952,Estadistica,1,6.8,6.8,94.5,72,4,8,2.3,76.6,78.8,1,no,17.1,hombre,B
STU-02953,Estadistica,1,7.0,5.0,67.8,21,1,8,4.0,84.3,64.1,0,si,18.8,hombre,E
STU-02954,Economia,6,6.0,8.5,83.0,70,4,7,0.8,85.9,65.4,0,no,16.1,hombre,B
STU-02955,Matematicas,8,7.6,5.4,79.6,14,3,6,2.4,77.5,66.3,0,si,15.8,no_binario,D
STU-02956,Estadistica,1,6.4,5.8,81.3,124,1,5,1.7,86.8,73.9,1,si,7.2,hombre,E
STU-02957,Matematicas,7,7.5,9.5,84.8,98,2,5,0.4,88.8,85.4,1,si,12.4,hombre,F
STU-02958,Estadistica,1,8.3,6.9,85.8,100,0,4,4.6,73.5,75.9,1,no,0.0,hombre,E
STU-02959,Estadistica,5,7.7,6.4,89.3,53,3,8,1.5,79.7,67.7,0,no,18.1,hombre,A
STU-02960,Matematicas,8,8.5,8.0,66.4,0,2,6,3.1,84.5,79.9,1,no,0.0,mujer,F
STU-02961,Estadistica,6,7.7,7.6,72.1,29,1,7,1.8,84.7,70.1,1,no,0.0,mujer,D
STU-02962,Ciencia de Datos,9,7.2,7.5,57.5,13,3,8,4.7,83.7,63.6,0,no,20.6,mujer,F
STU-02963,Economia,1,7.7,6.0,85.9,80,0,4,2.4,74.0,79.2,1,si,0.0,mujer,A
STU-02964,Matematicas,3,4.8,2.6,71.9,27,1,6,1.7,88.8,53.9,0,si,8.5,hombre,C
STU-02965,Estadistica,2,7.9,4.9,85.1,29,2,4,3.3,75.1,84.5,1,si,0.0,mujer,D
STU-02966,Matematicas,4,8.2,9.3,78.2,37,3,6,7.1,86.4,92.3,1,no,0.0,mujer,F
STU-02967,Actuaria,5,8.6,7.5,79.6,84,0,6,3.5,77.8,73.3,1,no,0.0,mujer,A
STU-02968,Ciencia de Datos,9,6.8,5.3,85.1,58,2,6,4.2,80.7,68.5,0,no,22.2,mujer,E
STU-02969,Actuaria,2,7.8,2.5,84.4,59,2,6,1.7,82.8,78.8,1,no,15.1,mujer,D
STU-02970,Estadistica,2,8.3,1.5,77.4,55,1,2,0.2,60.7,62.7,0,no,0.0,no_binario,E
STU-02971,Estadistica,9,6.8,8.2,98.1,72,3,8,0.3,75.6,69.8,0,no,10.9,hombre,E
STU-02972,Estadistica,4,6.6,8.6,85.8,11,0,4,1.6,74.3,75.5,1,no,0.0,mujer,B
STU-02973,Actuaria,6,7.5,5.8,66.0,28,3,7,2.9,85.0,55.7,0,no,0.0,hombre,E
STU-02974,Economia,7,9.0,8.6,85.7,95,1,8,1.7,89.9,68.7,0,no,24.1,hombre,F
STU-02975,Ciencia de Datos,1,8.1,5.6,65.7,90,0,4,4.4,89.2,86.8,1,no,0.0,mujer,C
STU-02976,Economia,2,7.5,5.6,66.7,74,0,5,3.8,63.3,54.9,0,si,9.0,hombre,B
STU-02977,Estadistica,8,5.0,3.7,80.4,26,1,6,2.4,75.0,61.2,0,si,0.0,mujer,B
STU-02978,Economia,9,6.9,9.9,72.8,16,1,4,1.1,76.0,74.1,1,no,0.0,hombre,F
STU-02979,Actuaria,9,4.8,11.8,78.2,22,1,6,0.5,85.7,62.5,0,no,0.0,hombre,C
STU-02980,Estadistica,7,6.9,8.6,95.1,113,2,7,1.8,72.9,72.4,1,si,0.0,mujer,F
STU-02981,Estadistica,7,7.6,9.0,86.9,32,0,6,0.6,71.1,88.2,1,si,0.0,hombre,D
STU-02982,Matematicas,4,6.5,7.4,92.4,131,1,7,9.0,76.7,75.4,1,no,3.0,hombre,B
STU-02983,Ciencia de Datos,7,6.1,9.4,92.5,27,2,5,0.6,82.3,92.5,1,no,0.0,mujer,C
STU-02984,Actuaria,8,8.2,11.6,89.1,59,2,9,3.2,95.6,86.1,1,no,0.0,hombre,F
STU-02985,Estadistica,2,6.1,2.1,64.6,30,4,5,3.4,79.7,62.5,0,no,24.1,hombre,E
STU-02986,Actuaria,5,8.5,6.7,82.6,49,0,4,0.4,92.0,80.5,1,no,0.0,hombre,A
STU-02987,Matematicas,5,7.5,5.5,75.2,63,1,7,0.2,74.7,72.6,1,no,0.0,mujer,C
STU-02988,Matematicas,5,8.0,8.0,97.4,103,0,6,2.0,99.8,89.4,1,si,0.0,mujer,A
STU-02989,Economia,5,7.8,3.1,83.0,70,2,4,5.5,78.5,61.4,0,no,0.0,mujer,F
STU-02990,Economia,9,7.5,9.4,91.6,13,2,5,1.6,87.3,93.9,1,no,0.0,hombre,C
STU-02991,Estadistica,8,8.1,8.7,65.4,48,1,7,3.1,99.0,94.1,1,no,0.0,mujer,F
STU-02992,Estadistica,7,5.1,5.9,81.0,40,5,9,2.1,77.9,54.3,0,no,26.9,mujer,E
STU-02993,Estadistica,5,9.5,8.2,88.0,56,0,7,1.9,81.6,68.7,0,no,0.0,hombre,B
STU-02994,Estadistica,9,6.2,6.9,72.6,24,2,9,4.4,77.1,45.2,0,no,22.0,hombre,C
STU-02995,Matematicas,9,6.3,4.2,95.3,98,1,5,2.2,75.8,67.4,0,si,20.7,hombre,D
STU-02996,Actuaria,5,6.5,5.3,73.1,19,2,5,1.3,91.2,71.4,1,no,29.5,hombre,E
STU-02997,Ciencia de Datos,3,7.9,4.5,92.5,30,0,6,0.9,69.1,62.6,0,no,0.0,hombre,D
STU-02998,Economia,5,7.9,7.6,86.0,25,0,3,0.7,73.9,64.3,0,no,0.0,hombre,C
STU-02999,Estadistica,4,8.1,9.4,71.4,68,3,6,1.9,88.2,80.8,1,no,0.0,mujer,E
STU-03000,Ciencia de Datos,7,6.4,6.6,84.7,3,3,6,2.2,78.6,74.0,1,no,17.2,prefiere_no_decir,E
STU-03001,Economia,2,7.2,3.6,76.3,33,2,6,2.9,81.2,61.1,0,no,0.0,mujer,A
STU-03002,Estadistica,4,8.3,10.4,81.1,90,0,5,0.2,61.7,68.9,0,si,0.0,hombre,D
STU-03003,Matematicas,8,6.1,9.6,79.8,80,2,9,4.6,94.0,70.9,1,si,0.0,mujer,A
STU-03004,Ciencia de Datos,8,6.9,9.1,72.0,81,3,9,1.3,100.0,82.1,1,si,11.3,hombre,C
STU-03005,Estadistica,2,6.7,6.9,72.1,9,2,7,1.7,69.7,58.7,0,no,14.8,mujer,E
STU-03006,Matematicas,2,8.0,5.9,72.0,43,1,6,2.9,91.7,73.8,1,si,22.3,hombre,B
STU-03007,Estadistica,6,8.2,9.1,58.5,17,0,6,0.9,67.4,61.2,0,no,0.0,mujer,E
STU-03008,Estadistica,5,5.8,11.3,91.1,30,2,4,1.2,92.0,93.0,1,no,0.0,mujer,A
STU-03009,Estadistica,4,8.5,8.9,100.0,32,0,3,1.1,92.8,82.6,1,no,0.0,prefiere_no_decir,B
STU-03010,Matematicas,6,7.3,5.2,76.2,80,2,5,1.2,98.1,73.9,1,si,0.0,hombre,F
STU-03011,Economia,8,6.4,6.8,77.7,14,2,6,0.7,80.2,75.4,1,no,18.2,hombre,F
STU-03012,Estadistica,7,7.9,8.2,87.7,21,1,5,2.6,97.5,85.7,1,no,0.0,hombre,D
STU-03013,Economia,7,5.9,3.3,85.0,49,2,8,3.8,96.3,63.1,0,no,0.0,mujer,E
STU-03014,Economia,4,5.8,5.5,73.2,133,0,6,2.5,85.9,71.6,1,no,18.7,mujer,C
STU-03015,Estadistica,7,7.5,6.4,78.2,105,0,6,0.9,57.3,71.0,1,no,0.0,mujer,E
STU-03016,Matematicas,8,8.0,7.8,84.6,75,1,5,2.0,81.4,76.3,1,no,0.0,hombre,D
STU-03017,Ciencia de Datos,4,8.0,9.8,89.8,185,2,3,1.1,80.6,93.1,1,no,0.0,prefiere_no_decir,F
STU-03018,Estadistica,7,6.6,12.1,87.5,45,0,4,0.5,96.5,100.0,1,no,0.0,hombre,C
STU-03019,Economia,9,7.1,0.7,65.3,14,1,9,5.9,76.6,42.5,0,no,0.0,hombre,B
STU-03020,Estadistica,3,7.6,1.2,57.9,23,1,5,1.9,67.3,46.0,0,si,0.0,prefiere_no_decir,A
STU-03021,Ciencia de Datos,7,7.6,8.3,78.2,20,0,6,3.3,75.6,66.0,0,si,0.0,mujer,D
STU-03022,Economia,2,6.9,3.4,76.5,104,2,6,1.4,77.3,58.3,0,no,21.1,mujer,A
STU-03023,Actuaria,6,7.5,8.0,79.3,30,1,6,3.3,77.6,73.5,1,no,0.0,mujer,B
STU-03024,Actuaria,6,4.5,5.3,73.5,24,2,7,4.3,89.6,75.1,1,si,18.2,mujer,F
STU-03025,Actuaria,9,6.3,6.3,78.4,44,1,7,0.8,79.3,64.9,0,si,29.7,mujer,F
STU-03026,Ciencia de Datos,8,5.9,6.9,64.6,21,1,7,1.5,100.0,72.0,1,no,20.1,mujer,B
STU-03027,Estadistica,3,6.3,5.9,79.4,63,3,6,1.3,80.6,61.0,0,no,23.8,hombre,B
STU-03028,Estadistica,1,8.6,4.4,73.0,88,3,7,2.3,67.9,76.5,1,no,0.0,mujer,F
STU-03029,Estadistica,4,6.4,7.6,82.9,55,1,5,0.8,72.1,79.3,1,si,0.0,hombre,D
STU-03030,Estadistica,3,7.1,7.7,74.7,37,1,7,6.5,86.2,73.7,1,si,0.0,hombre,B
STU-03031,Actuaria,4,5.8,10.2,86.2,43,0,5,5.6,92.6,87.6,1,si,0.0,mujer,A
STU-03032,Estadistica,2,8.6,5.3,90.7,63,1,4,1.4,74.3,70.1,1,si,0.0,mujer,D
STU-03033,Economia,5,5.9,8.0,68.8,67,3,6,1.2,76.0,74.5,1,no,14.2,hombre,F
STU-03034,Ciencia de Datos,7,6.6,10.0,86.7,36,1,7,1.7,91.7,83.6,1,no,0.0,hombre,B
STU-03035,Estadistica,1,7.8,5.2,71.9,23,3,4,2.8,81.7,69.1,0,no,25.9,mujer,A
STU-03036,Economia,7,7.1,6.7,88.0,102,2,7,0.8,76.9,72.9,1,no,0.0,hombre,E
STU-03037,Economia,4,6.8,7.3,99.4,65,1,5,0.4,78.1,87.5,1,no,0.0,hombre,D
STU-03038,Ciencia de Datos,9,6.3,11.3,95.8,128,3,7,1.2,71.2,62.6,0,no,18.2,hombre,B
STU-03039,Estadistica,7,7.3,13.6,95.1,57,2,6,1.5,79.8,87.9,1,si,0.0,hombre,F
STU-03040,Actuaria,8,6.6,7.3,69.0,29,2,6,5.9,89.5,74.9,1,si,13.8,mujer,F
STU-03041,Actuaria,4,8.0,7.7,87.8,88,1,7,5.5,74.3,77.8,1,no,0.0,hombre,C
STU-03042,Matematicas,1,6.5,2.4,81.2,38,4,5,2.2,80.5,73.1,1,si,19.3,mujer,B
STU-03043,Estadistica,1,7.6,8.2,83.8,43,0,4,3.2,100.0,88.4,1,si,0.0,mujer,A
STU-03044,Actuaria,3,7.5,4.6,86.5,37,0,5,0.1,88.2,80.2,1,no,0.0,mujer,F
STU-03045,Actuaria,2,6.9,1.9,76.9,32,1,7,3.7,83.4,69.8,0,no,0.0,mujer,E
STU-03046,Ciencia de Datos,5,5.6,9.3,89.8,35,0,6,5.5,93.7,83.4,1,no,0.0,mujer,A
STU-03047,Ciencia de Datos,7,5.8,5.8,66.4,36,0,7,2.5,84.1,54.5,0,si,21.7,hombre,A
STU-03048,Estadistica,6,7.6,10.8,79.5,64,2,4,6.1,94.0,98.5,1,no,0.0,hombre,C
STU-03049,Estadistica,5,5.6,7.7,61.2,42,4,9,1.1,97.6,61.9,0,si,17.7,mujer,F
STU-03050,Actuaria,8,7.1,11.2,93.0,35,4,7,2.1,78.0,86.9,1,si,0.0,hombre,F
STU-03051,Matematicas,4,8.0,3.2,78.9,68,3,4,1.2,85.1,69.1,0,si,0.0,hombre,D
STU-03052,Actuaria,3,5.9,8.0,59.1,34,3,7,3.6,94.1,63.1,0,no,17.3,mujer,A
STU-03053,Estadistica,7,7.0,6.0,61.5,9,4,6,4.3,85.8,65.3,0,si,15.7,prefiere_no_decir,B
STU-03054,Estadistica,8,8.0,6.3,67.4,39,0,6,1.5,94.9,78.9,1,si,0.0,hombre,D
STU-03055,Ciencia de Datos,1,5.6,3.4,63.0,37,2,5,4.8,81.6,53.9,0,si,16.5,hombre,E
STU-03056,Ciencia de Datos,4,5.7,2.6,64.5,0,2,4,1.3,75.0,66.1,0,no,22.7,mujer,F
STU-03057,Matematicas,8,7.8,6.5,84.0,33,2,7,1.0,73.8,75.0,1,si,11.3,mujer,E
STU-03058,Estadistica,9,7.6,6.4,72.8,67,1,6,4.2,83.4,71.6,1,si,0.0,hombre,A
STU-03059,Estadistica,7,7.6,5.0,88.3,182,1,5,6.3,83.8,77.4,1,no,32.3,mujer,E
STU-03060,Ciencia de Datos,4,8.5,4.7,59.2,41,1,7,4.1,88.0,73.9,1,si,0.0,hombre,F
STU-03061,Economia,4,7.0,7.6,95.9,111,3,4,0.8,84.7,77.1,1,si,14.3,mujer,D
STU-03062,Estadistica,6,9.6,5.6,73.4,87,0,7,2.0,65.2,48.4,0,si,0.0,mujer,A
STU-03063,Actuaria,3,7.1,6.0,80.5,53,2,5,4.3,77.8,84.2,1,no,0.0,prefiere_no_decir,E
STU-03064,Actuaria,4,6.4,2.1,66.4,158,2,6,2.0,86.8,65.4,0,no,22.4,mujer,F
STU-03065,Economia,6,7.3,7.7,88.8,81,1,6,9.0,77.4,72.9,1,si,0.0,mujer,A
STU-03066,Actuaria,7,7.2,5.9,71.8,29,2,7,2.4,75.4,62.6,0,no,12.8,mujer,A
STU-03067,Economia,8,6.7,9.4,76.3,40,2,3,1.9,79.8,76.5,1,no,0.0,mujer,B
STU-03068,Estadistica,8,6.7,6.2,82.6,34,1,6,1.4,80.8,84.9,1,si,5.4,mujer,D
STU-03069,Estadistica,2,7.1,0.5,69.3,47,0,5,1.6,85.8,61.5,0,no,18.4,mujer,D
STU-03070,Actuaria,7,7.9,7.6,85.4,50,0,7,2.3,72.8,72.6,1,no,0.0,mujer,A
STU-03071,Matematicas,4,7.7,11.7,87.5,85,0,5,3.1,97.5,95.5,1,no,0.0,mujer,A
STU-03072,Economia,2,9.3,7.1,78.9,74,2,5,2.1,100.0,77.3,1,no,18.1,hombre,C
STU-03073,Estadistica,7,6.0,8.0,61.7,35,2,7,4.6,66.8,48.6,0,no,0.0,mujer,A
STU-03074,Ciencia de Datos,1,7.0,5.0,100.0,181,1,3,2.1,91.3,91.8,1,no,0.0,prefiere_no_decir,C
STU-03075,Matematicas,5,8.6,6.2,81.0,48,0,4,2.3,80.7,73.9,1,no,0.0,mujer,B
STU-03076,Estadistica,6,7.8,6.9,73.6,53,4,7,1.7,52.9,61.9,0,no,0.0,mujer,C
STU-03077,Economia,6,6.0,7.9,82.1,6,3,7,1.6,72.9,66.5,0,no,0.0,mujer,B
STU-03078,Estadistica,9,7.9,7.6,74.2,73,1,6,5.1,85.7,60.0,0,no,29.2,hombre,A
STU-03079,Estadistica,8,8.1,6.1,74.7,44,1,6,1.7,89.1,81.3,1,si,0.0,mujer,C
STU-03080,Actuaria,5,7.8,9.8,77.2,62,2,7,2.8,77.5,84.1,1,no,0.0,mujer,D
STU-03081,Economia,7,6.5,4.3,65.5,36,2,7,1.8,69.0,65.8,0,no,20.4,mujer,D
STU-03082,Ciencia de Datos,4,7.4,3.3,81.6,107,1,4,0.8,66.4,62.8,0,si,0.0,mujer,D
STU-03083,Actuaria,4,6.0,7.8,80.8,78,2,7,0.1,78.5,76.0,1,no,15.7,no_binario,A
STU-03084,Actuaria,8,6.7,5.8,86.0,122,2,6,0.8,91.4,89.0,1,si,0.0,mujer,D
STU-03085,Economia,5,8.7,5.0,74.7,23,0,4,0.1,76.3,68.8,0,si,0.0,mujer,C
STU-03086,Matematicas,1,8.4,1.4,57.3,46,1,6,3.1,74.4,47.9,0,no,23.4,hombre,D
STU-03087,Estadistica,7,5.9,9.9,63.2,25,2,9,1.1,100.0,65.3,0,no,14.4,mujer,B
STU-03088,Ciencia de Datos,9,7.0,9.9,90.0,64,1,7,4.0,84.2,89.9,1,no,0.0,mujer,F
STU-03089,Actuaria,4,8.9,8.5,90.2,53,1,3,1.7,82.8,71.7,1,no,0.0,hombre,F
STU-03090,Estadistica,6,5.4,8.9,100.0,180,1,3,2.4,79.9,73.7,1,no,0.0,mujer,A
STU-03091,Actuaria,2,4.8,6.9,74.4,0,1,8,5.3,96.2,70.6,1,no,18.5,mujer,C
STU-03092,Estadistica,5,6.3,9.2,78.1,24,0,5,4.4,84.2,77.7,1,no,0.0,hombre,E
STU-03093,Estadistica,8,7.8,9.9,81.1,35,3,9,1.6,86.5,71.3,1,no,12.8,no_binario,D
STU-03094,Economia,6,6.3,5.2,60.6,0,6,9,3.3,87.1,59.8,0,si,12.2,mujer,A
STU-03095,Estadistica,1,7.6,4.5,87.5,170,0,5,5.1,91.8,70.6,1,si,0.0,mujer,C
STU-03096,Estadistica,7,9.0,8.0,87.1,22,0,7,5.7,100.0,81.3,1,no,0.0,mujer,E
STU-03097,Matematicas,9,8.7,11.7,100.0,24,1,6,2.5,87.6,80.4,1,no,0.0,hombre,B
STU-03098,Actuaria,3,7.5,9.0,82.7,15,1,6,1.8,70.6,77.4,1,si,0.0,hombre,C
STU-03099,Actuaria,6,10.0,6.8,75.0,41,1,4,5.5,75.1,69.6,0,si,0.0,mujer,D
STU-03100,Matematicas,5,5.8,9.8,89.3,108,3,6,2.4,77.8,68.8,0,si,17.9,hombre,B
STU-03101,Estadistica,7,6.5,9.0,79.1,15,2,7,3.4,88.4,81.0,1,no,15.7,mujer,F
STU-03102,Estadistica,2,5.8,3.9,74.4,104,5,7,2.2,67.3,55.2,0,si,22.6,hombre,C
STU-03103,Estadistica,3,7.3,9.4,75.5,80,3,3,2.4,85.2,78.7,1,si,0.0,mujer,B
STU-03104,Estadistica,5,7.6,7.6,76.7,45,3,7,3.6,76.4,69.4,0,no,0.0,mujer,E
STU-03105,Ciencia de Datos,8,5.6,6.5,85.6,30,4,7,4.5,80.4,58.7,0,no,19.5,hombre,E
STU-03106,Estadistica,1,5.8,3.3,96.5,185,3,6,1.3,89.1,70.0,1,si,27.5,hombre,F
STU-03107,Estadistica,6,9.2,7.5,68.2,44,2,6,0.1,67.9,57.6,0,no,15.8,prefiere_no_decir,E
STU-03108,Ciencia de Datos,9,7.7,7.1,79.8,107,1,6,2.8,74.9,70.3,1,no,0.0,prefiere_no_decir,B
STU-03109,Ciencia de Datos,7,7.2,7.9,72.1,48,1,8,4.7,81.7,64.3,0,no,0.0,hombre,B
STU-03110,Ciencia de Datos,7,7.2,8.3,76.5,66,0,5,1.3,81.8,90.4,1,si,0.0,hombre,E
STU-03111,Estadistica,8,7.3,9.9,70.6,43,1,6,8.4,98.3,100.0,1,no,0.0,mujer,F
STU-03112,Estadistica,4,7.6,4.6,69.7,49,1,7,1.5,85.2,67.5,0,no,24.3,mujer,C
STU-03113,Estadistica,9,6.9,8.6,71.9,30,2,7,2.8,77.1,69.0,0,no,18.2,hombre,F
STU-03114,Estadistica,3,8.0,3.0,61.8,46,2,8,5.9,92.5,62.3,0,no,0.0,mujer,C
STU-03115,Matematicas,1,8.1,0.5,77.2,190,1,5,5.4,56.5,44.3,0,no,23.9,hombre,F
STU-03116,Estadistica,6,7.7,6.9,76.3,31,2,6,4.0,85.7,92.4,1,si,0.0,mujer,F
STU-03117,Ciencia de Datos,8,7.3,7.1,87.5,95,2,6,3.0,82.9,79.7,1,no,11.3,hombre,B
STU-03118,Economia,4,7.3,7.2,98.0,101,0,5,0.5,90.9,86.8,1,no,0.0,hombre,C
STU-03119,Economia,7,7.7,7.7,81.8,12,3,6,1.1,70.5,72.1,1,no,0.0,hombre,B
STU-03120,Actuaria,9,8.4,12.6,81.8,102,1,7,1.0,93.0,87.3,1,no,16.8,mujer,F
STU-03121,Estadistica,5,7.8,7.2,71.5,42,1,4,3.2,67.3,69.6,0,no,0.0,hombre,F
STU-03122,Actuaria,5,6.8,11.4,96.9,89,0,5,1.0,89.2,88.2,1,no,0.0,mujer,D
STU-03123,Ciencia de Datos,2,6.7,4.4,64.6,10,1,4,2.1,61.1,71.9,1,no,0.0,hombre,F
STU-03124,Actuaria,2,7.3,4.6,75.8,44,1,6,1.3,59.0,63.7,0,si,0.0,hombre,E
STU-03125,Actuaria,2,6.3,7.7,79.0,42,4,6,5.7,76.4,70.5,1,no,0.0,mujer,F
STU-03126,Matematicas,2,6.9,7.4,79.8,83,1,5,3.6,85.8,81.8,1,no,0.0,no_binario,F
STU-03127,Actuaria,4,6.9,5.0,72.6,33,1,6,4.5,68.4,59.7,0,si,0.0,hombre,E
STU-03128,Economia,9,8.2,7.5,82.6,33,2,6,1.6,93.1,70.1,1,si,0.0,mujer,A
STU-03129,Matematicas,1,6.3,10.1,85.9,38,1,5,4.1,90.1,84.4,1,si,0.0,no_binario,E
STU-03130,Economia,1,7.7,5.4,75.4,87,1,7,4.7,68.2,57.1,0,no,0.0,mujer,D
STU-03131,Estadistica,3,7.5,4.3,76.4,73,3,6,0.9,78.7,65.2,0,no,25.3,mujer,B
STU-03132,Estadistica,9,7.0,9.8,64.2,19,2,8,6.2,85.0,80.8,1,si,11.6,prefiere_no_decir,F
STU-03133,Estadistica,3,6.4,6.6,83.0,32,4,6,4.5,87.2,74.4,1,no,0.0,hombre,D
STU-03134,Estadistica,7,6.3,9.2,72.4,53,2,7,1.5,91.6,77.9,1,no,9.4,hombre,A
STU-03135,Estadistica,5,5.9,8.1,87.1,34,1,6,4.1,100.0,90.8,1,si,0.0,hombre,D
STU-03136,Matematicas,9,5.2,6.6,77.4,72,3,9,1.8,100.0,65.4,0,no,19.8,hombre,B
STU-03137,Economia,1,5.7,0.5,69.9,20,0,5,1.1,69.5,44.7,0,no,25.1,mujer,C
STU-03138,Estadistica,7,6.3,9.7,78.8,36,0,8,2.8,85.7,71.0,1,no,0.0,hombre,C
STU-03139,Economia,7,8.7,7.0,90.6,71,1,5,4.0,78.1,70.9,1,no,0.0,mujer,E
STU-03140,Economia,5,6.9,5.0,85.5,68,0,4,2.2,71.6,66.8,0,si,11.3,mujer,C
STU-03141,Actuaria,7,6.1,2.3,54.8,13,1,8,1.8,82.2,52.6,0,si,21.9,mujer,B
STU-03142,Estadistica,8,6.8,9.8,88.9,12,0,5,3.8,83.7,83.4,1,no,11.8,mujer,F
STU-03143,Estadistica,4,7.6,7.8,76.6,45,1,5,2.4,75.1,82.3,1,si,2.9,hombre,A
STU-03144,Matematicas,3,8.1,5.1,77.5,95,1,5,4.6,100.0,71.5,1,si,0.0,hombre,B
STU-03145,Ciencia de Datos,6,6.7,8.4,81.6,120,2,8,0.9,83.5,73.2,1,si,26.5,hombre,E
STU-03146,Ciencia de Datos,1,7.7,6.4,82.2,26,2,5,3.1,92.4,73.0,1,no,0.0,hombre,B
STU-03147,Matematicas,4,8.9,8.2,79.4,40,1,6,0.7,79.8,73.8,1,si,0.0,hombre,B
STU-03148,Matematicas,9,7.0,2.9,65.5,68,4,7,1.4,69.7,42.5,0,no,21.6,hombre,B
STU-03149,Economia,5,7.4,5.5,83.6,109,0,4,1.0,76.3,72.4,1,no,0.0,hombre,B
STU-03150,Estadistica,5,6.1,7.7,80.3,38,2,7,4.7,90.9,81.8,1,no,9.9,hombre,B
STU-03151,Estadistica,6,6.3,7.2,93.0,161,3,7,4.9,91.1,86.8,1,no,0.0,mujer,C
STU-03152,Matematicas,7,8.6,12.0,80.0,30,0,8,1.2,100.0,83.2,1,no,17.2,hombre,E
STU-03153,Matematicas,5,8.2,3.6,57.1,16,0,5,1.8,83.8,51.8,0,no,0.0,hombre,D
STU-03154,Economia,5,6.2,12.2,100.0,146,2,5,2.0,97.5,100.0,1,si,0.0,hombre,B
STU-03155,Estadistica,8,8.9,8.5,78.8,54,1,3,3.9,79.3,87.2,1,si,0.0,mujer,A
STU-03156,Estadistica,6,6.5,6.5,64.2,32,2,7,2.9,97.8,81.1,1,no,7.8,mujer,E
STU-03157,Economia,5,7.3,7.2,87.1,82,3,5,4.1,85.5,72.6,1,si,0.0,hombre,A
STU-03158,Estadistica,6,7.9,10.2,76.4,25,0,8,1.6,77.6,70.0,1,no,0.0,hombre,B
STU-03159,Matematicas,9,8.9,9.5,78.4,18,1,8,4.4,89.6,71.2,1,no,12.6,hombre,B
STU-03160,Estadistica,3,7.5,8.6,82.7,118,2,7,2.9,88.8,74.3,1,no,22.1,hombre,C
STU-03161,Estadistica,3,6.8,10.4,86.2,42,1,8,5.7,80.2,85.2,1,si,0.0,hombre,F
STU-03162,Actuaria,8,5.4,8.8,76.5,21,4,5,1.4,84.3,68.9,0,si,17.6,hombre,B
STU-03163,Estadistica,8,7.4,10.3,88.6,76,0,4,1.2,92.2,92.1,1,no,0.0,mujer,C
STU-03164,Estadistica,1,7.9,4.1,92.0,80,2,4,4.0,72.6,76.7,1,no,0.0,mujer,E
STU-03165,Matematicas,5,6.7,7.6,84.2,44,1,5,4.2,67.1,75.8,1,no,0.0,hombre,C
STU-03166,Actuaria,3,7.2,2.0,89.2,39,1,5,4.5,98.3,72.5,1,no,26.4,hombre,A
STU-03167,Actuaria,7,5.4,3.3,70.5,39,2,9,2.2,73.1,46.1,0,no,18.9,mujer,D
STU-03168,Ciencia de Datos,3,9.1,4.8,82.9,47,1,5,1.3,72.2,62.9,0,si,22.3,hombre,A
STU-03169,Matematicas,3,6.2,9.5,100.0,177,1,5,3.1,88.0,84.1,1,si,0.0,mujer,D
STU-03170,Estadistica,3,8.2,4.7,91.8,117,0,5,0.1,80.1,75.4,1,si,0.0,mujer,F
STU-03171,Ciencia de Datos,8,7.7,8.7,92.1,156,1,6,1.7,86.2,82.7,1,no,14.9,hombre,E
STU-03172,Actuaria,8,6.9,11.2,77.1,25,2,4,2.2,98.0,98.3,1,si,0.0,mujer,D
STU-03173,Estadistica,8,7.2,8.4,73.4,28,0,5,3.0,78.5,71.8,1,si,0.0,mujer,E
STU-03174,Ciencia de Datos,2,8.0,3.8,60.4,61,1,7,5.0,91.9,67.7,0,si,0.0,hombre,A
STU-03175,Economia,1,7.5,7.4,100.0,39,1,3,2.7,60.7,69.2,0,no,0.0,mujer,E
STU-03176,Estadistica,1,6.5,2.7,68.6,18,2,5,3.8,79.0,65.1,0,si,15.5,mujer,B
STU-03177,Economia,1,7.4,3.4,55.2,17,2,5,0.5,68.9,63.0,0,si,17.7,mujer,E
STU-03178,Ciencia de Datos,5,7.5,4.7,73.1,99,1,3,1.2,76.0,85.6,1,no,0.0,hombre,E
STU-03179,Matematicas,2,7.4,4.1,72.9,10,2,6,4.5,96.7,69.6,0,si,7.5,hombre,B
STU-03180,Economia,8,4.4,6.6,70.7,0,3,8,0.9,88.7,53.2,0,no,15.6,hombre,B
STU-03181,Matematicas,5,5.6,5.8,85.7,173,2,4,0.6,84.3,63.6,0,no,17.5,hombre,F
STU-03182,Actuaria,9,6.9,13.0,85.2,28,0,7,5.2,100.0,94.7,1,si,12.8,mujer,D
STU-03183,Estadistica,2,6.8,3.7,76.0,46,1,4,3.7,91.2,67.5,0,si,0.0,hombre,D
STU-03184,Economia,9,7.5,8.8,91.8,61,2,5,0.4,74.9,79.6,1,si,0.0,mujer,E
STU-03185,Actuaria,2,6.5,5.1,82.6,26,1,6,3.0,87.8,83.4,1,no,0.0,mujer,A
STU-03186,Estadistica,4,7.5,9.4,77.7,12,1,7,4.3,94.8,78.8,1,si,0.0,hombre,F
STU-03187,Matematicas,1,6.5,6.0,66.4,24,2,5,0.8,82.3,68.1,0,si,25.4,mujer,B
STU-03188,Actuaria,9,5.0,10.0,75.4,9,4,8,1.1,94.3,74.8,1,no,0.0,hombre,B
STU-03189,Ciencia de Datos,1,8.4,6.7,90.3,95,0,3,1.3,81.6,74.0,1,no,12.3,mujer,C
STU-03190,Economia,1,8.2,4.9,70.7,50,0,5,2.1,66.2,52.3,0,si,20.3,mujer,F
STU-03191,Estadistica,1,6.3,6.6,80.2,45,5,5,0.7,69.6,64.8,0,no,0.0,hombre,D
STU-03192,Estadistica,6,7.1,10.9,67.8,0,1,8,5.4,82.0,83.2,1,si,0.0,mujer,B
STU-03193,Estadistica,9,6.1,4.9,85.6,102,4,8,3.4,76.0,60.4,0,si,8.9,mujer,B
STU-03194,Economia,6,7.9,7.2,94.3,33,1,5,1.0,85.1,89.6,1,si,0.0,hombre,E
STU-03195,Matematicas,9,6.8,10.4,94.1,80,1,7,5.9,87.8,90.2,1,no,0.0,hombre,B
STU-03196,Economia,7,6.1,3.3,43.9,22,1,9,3.0,88.8,54.6,0,no,20.0,hombre,F
STU-03197,Actuaria,9,7.6,9.7,91.2,117,0,5,3.4,95.1,90.6,1,si,0.0,mujer,F
STU-03198,Estadistica,1,7.7,2.3,77.8,47,0,3,3.7,80.0,74.3,1,no,0.0,mujer,C
STU-03199,Economia,2,5.4,6.6,77.7,53,1,6,3.4,84.6,68.4,0,no,9.9,mujer,C
STU-03200,Estadistica,4,6.7,10.5,80.8,102,2,6,1.6,76.7,76.6,1,si,4.2,mujer,C
STU-03201,Actuaria,7,7.6,6.4,79.4,45,1,5,4.7,87.7,76.8,1,no,0.0,hombre,C
STU-03202,Estadistica,3,7.1,7.8,81.9,79,1,6,1.6,74.6,70.2,1,si,0.0,hombre,E
STU-03203,Estadistica,3,7.2,8.5,74.4,46,0,7,6.1,99.4,78.2,1,no,0.0,mujer,C
STU-03204,Actuaria,6,6.3,3.7,65.3,25,5,8,7.0,84.9,71.8,1,si,29.6,mujer,C
STU-03205,Actuaria,6,6.3,4.6,77.8,29,1,7,2.6,100.0,86.6,1,si,0.0,mujer,E
STU-03206,Ciencia de Datos,5,7.2,6.1,83.6,49,1,8,2.5,69.1,61.1,0,no,23.8,hombre,A
STU-03207,Estadistica,4,7.1,4.2,79.4,29,2,6,2.6,76.2,64.1,0,si,0.0,mujer,E
STU-03208,Ciencia de Datos,5,8.3,4.5,88.1,122,2,7,2.3,91.3,59.0,0,no,22.9,mujer,E
STU-03209,Estadistica,6,7.9,10.1,78.8,7,1,5,2.4,66.5,74.0,1,no,3.4,mujer,C
STU-03210,Estadistica,2,7.9,2.8,81.9,9,1,6,4.5,77.6,75.1,1,no,0.0,mujer,C
STU-03211,Economia,4,7.3,3.3,72.0,63,1,7,3.4,67.0,46.6,0,no,21.5,hombre,A
STU-03212,Matematicas,2,6.0,5.5,84.0,23,3,7,3.4,86.7,69.8,0,no,0.0,hombre,B
STU-03213,Actuaria,5,7.6,5.8,81.3,70,1,5,0.9,79.1,75.5,1,si,0.0,hombre,B
STU-03214,Economia,6,6.7,7.3,79.4,56,3,5,3.8,71.6,75.2,1,si,0.0,hombre,F
STU-03215,Estadistica,6,5.3,7.5,68.9,2,3,8,2.8,84.1,68.2,0,no,0.0,mujer,D
STU-03216,Estadistica,7,6.9,8.1,93.6,86,5,5,2.0,89.9,98.3,1,si,0.0,hombre,E
STU-03217,Matematicas,5,9.2,9.5,81.9,44,1,6,1.7,92.0,65.1,0,no,0.0,hombre,C
STU-03218,Estadistica,5,6.8,8.0,86.4,132,7,7,1.4,83.6,74.3,1,si,22.2,hombre,D
STU-03219,Estadistica,6,6.9,6.8,78.8,43,2,8,6.4,90.6,62.0,0,si,0.0,hombre,A
STU-03220,Ciencia de Datos,6,7.9,3.5,79.6,10,1,5,1.6,86.6,74.3,1,no,18.8,mujer,B
STU-03221,Matematicas,5,7.3,3.5,72.7,62,3,8,3.8,75.4,49.7,0,no,19.8,mujer,B
STU-03222,Economia,3,6.3,4.4,66.7,40,4,6,2.3,90.6,74.8,1,si,20.5,hombre,E
STU-03223,Matematicas,6,5.1,0.5,58.9,62,2,9,4.7,70.3,35.0,0,si,27.5,hombre,B
STU-03224,Estadistica,4,6.7,8.3,80.3,38,1,8,5.6,97.4,82.1,1,no,0.0,mujer,C
STU-03225,Actuaria,1,7.3,3.3,79.3,27,1,6,1.0,77.9,68.9,0,si,15.6,mujer,B
STU-03226,Estadistica,1,6.5,3.7,70.3,37,2,8,3.0,92.4,62.4,0,no,18.3,mujer,D
STU-03227,Actuaria,1,7.7,4.5,81.5,108,0,6,1.9,75.1,61.6,0,no,18.9,mujer,E
STU-03228,Estadistica,4,7.6,4.6,62.4,74,3,8,4.0,46.5,40.1,0,no,22.0,mujer,C
STU-03229,Economia,3,5.5,5.1,76.3,30,3,6,1.2,55.1,49.7,0,si,0.0,mujer,C
STU-03230,Ciencia de Datos,6,7.1,8.2,71.8,36,1,7,2.0,83.1,80.8,1,si,19.1,hombre,D
STU-03231,Matematicas,2,7.5,7.7,96.8,47,0,5,6.4,74.0,74.9,1,no,0.0,hombre,F
STU-03232,Actuaria,7,6.2,8.8,69.0,43,3,7,1.9,74.4,73.9,1,si,6.6,hombre,C
STU-03233,Economia,8,7.5,4.1,75.0,7,2,8,3.4,89.0,61.3,0,no,21.3,prefiere_no_decir,D
STU-03234,Matematicas,4,6.1,5.1,90.5,44,1,7,1.0,83.2,67.7,0,no,14.8,mujer,D
STU-03235,Estadistica,6,6.2,9.0,94.6,48,2,6,3.7,94.9,81.1,1,si,0.0,mujer,B
STU-03236,Estadistica,2,6.2,4.9,92.8,149,2,6,5.9,76.7,66.4,0,si,0.0,mujer,F
STU-03237,Actuaria,7,7.7,1.5,66.8,42,0,5,2.2,67.2,52.8,0,no,13.4,hombre,F
STU-03238,Estadistica,8,6.9,5.8,73.7,21,1,7,4.4,91.3,80.1,1,si,0.0,hombre,E
STU-03239,Actuaria,5,4.9,6.0,74.9,93,3,7,1.5,63.8,49.8,0,no,17.6,mujer,C
STU-03240,Economia,2,8.0,4.3,85.3,81,2,7,2.1,78.2,56.9,0,no,10.9,mujer,E
STU-03241,Actuaria,8,7.7,6.2,87.5,28,2,8,2.9,77.8,78.2,1,si,0.0,mujer,B
STU-03242,Actuaria,1,8.3,3.2,72.9,43,0,3,0.9,77.8,65.5,0,si,0.0,mujer,D
STU-03243,Matematicas,8,7.1,7.1,89.4,128,2,6,1.5,86.1,69.9,0,si,26.0,mujer,A
STU-03244,Estadistica,5,8.1,3.3,70.6,28,2,6,2.3,94.6,62.4,0,no,18.7,hombre,D
STU-03245,Estadistica,2,5.5,3.1,63.0,76,2,5,1.4,72.2,49.3,0,si,23.7,mujer,C
STU-03246,Matematicas,8,7.6,8.7,77.8,29,0,8,1.8,84.1,85.4,1,si,0.0,mujer,E
STU-03247,Economia,8,8.6,8.4,80.9,8,1,6,4.9,83.5,67.0,0,si,0.0,hombre,D
STU-03248,Estadistica,2,7.3,3.6,56.4,30,1,7,1.0,78.7,46.5,0,no,17.6,hombre,A
STU-03249,Estadistica,8,6.4,7.9,87.5,47,1,7,6.7,90.0,85.7,1,si,24.9,no_binario,B
STU-03250,Estadistica,7,7.8,6.4,69.0,17,3,4,2.3,99.9,94.0,1,si,0.0,mujer,F
STU-03251,Economia,9,6.5,11.2,71.8,122,1,5,2.1,83.2,80.3,1,si,20.8,mujer,B
STU-03252,Economia,9,7.1,4.0,70.3,28,4,8,5.1,91.6,66.7,0,si,12.4,hombre,B
STU-03253,Ciencia de Datos,3,7.6,9.9,81.0,9,0,4,1.7,82.5,80.9,1,si,0.0,hombre,D
STU-03254,Matematicas,2,7.3,9.4,72.6,52,1,5,2.7,75.5,69.9,0,si,10.9,mujer,D
STU-03255,Estadistica,8,7.3,11.1,91.1,58,1,6,1.4,91.0,87.7,1,no,8.5,hombre,F
STU-03256,Ciencia de Datos,3,7.5,5.5,80.5,31,1,6,2.9,87.0,77.4,1,no,0.0,hombre,B
STU-03257,Matematicas,9,6.1,9.5,79.1,94,1,8,2.0,96.1,83.7,1,no,13.7,hombre,F
STU-03258,Actuaria,5,6.9,10.1,79.8,15,0,6,1.4,84.1,74.3,1,si,0.0,mujer,B
STU-03259,Matematicas,6,6.1,6.5,77.0,28,2,6,4.7,85.9,74.9,1,no,20.9,mujer,B
STU-03260,Estadistica,2,7.4,6.2,80.2,50,0,4,2.2,74.9,82.7,1,no,0.0,prefiere_no_decir,E
STU-03261,Estadistica,7,5.6,8.6,78.1,56,2,7,3.3,100.0,79.5,1,no,19.6,mujer,D
STU-03262,Estadistica,7,7.2,13.9,95.7,71,3,6,2.2,94.1,100.0,1,si,0.0,hombre,C
STU-03263,Actuaria,6,6.1,7.3,67.7,44,3,6,4.2,74.6,53.0,0,no,0.0,hombre,B
STU-03264,Ciencia de Datos,5,6.9,9.1,88.5,141,0,4,2.2,78.5,85.0,1,no,0.0,hombre,C
STU-03265,Estadistica,2,6.1,3.5,76.9,103,1,6,4.8,88.2,66.4,0,no,0.0,hombre,C
STU-03266,Estadistica,9,5.5,8.9,70.4,34,0,8,2.5,99.7,70.3,1,si,25.4,hombre,B
STU-03267,Estadistica,9,8.3,6.5,100.0,120,2,3,0.2,76.7,66.1,0,no,0.0,mujer,A
STU-03268,Actuaria,6,7.1,9.0,77.2,35,0,5,1.1,71.3,57.9,0,no,0.0,hombre,A
STU-03269,Matematicas,2,8.0,8.7,73.7,69,0,4,5.6,81.3,83.9,1,no,12.8,mujer,F
STU-03270,Estadistica,7,7.8,9.7,87.9,54,0,8,0.2,87.7,82.2,1,si,0.0,mujer,F
STU-03271,Actuaria,4,7.3,4.8,84.2,36,1,4,0.4,72.4,79.9,1,si,0.0,mujer,B
STU-03272,Economia,2,7.8,3.3,63.9,63,2,6,0.4,69.2,53.2,0,no,20.1,mujer,F
STU-03273,Estadistica,1,6.2,3.8,67.5,36,3,6,2.5,90.2,73.2,1,no,1.9,mujer,D
STU-03274,Actuaria,9,5.6,7.8,75.7,32,2,7,2.0,86.5,70.7,1,no,14.7,mujer,E
STU-03275,Estadistica,4,7.4,6.4,78.8,15,0,5,1.8,88.8,88.0,1,no,9.5,mujer,D
STU-03276,Ciencia de Datos,1,8.3,6.8,83.7,60,0,3,2.7,73.1,61.2,0,no,0.0,hombre,E
STU-03277,Economia,5,8.7,5.9,83.7,24,0,5,4.2,71.3,60.3,0,si,0.0,mujer,E
STU-03278,Estadistica,5,7.3,2.0,74.3,34,3,7,4.7,79.8,48.4,0,si,23.7,mujer,B
STU-03279,Estadistica,5,6.8,2.8,66.4,3,0,8,9.0,87.3,61.7,0,si,26.6,mujer,D
STU-03280,Estadistica,6,8.2,3.0,75.3,25,1,5,0.1,59.8,51.8,0,no,0.0,mujer,A
STU-03281,Estadistica,5,6.2,6.0,93.6,220,1,6,2.0,69.7,60.8,0,si,20.4,mujer,E
STU-03282,Ciencia de Datos,4,4.6,2.7,70.2,38,1,6,0.2,85.3,52.3,0,no,22.2,mujer,E
STU-03283,Matematicas,6,8.3,6.8,83.9,56,2,7,3.0,86.8,65.0,0,no,26.0,mujer,D
STU-03284,Estadistica,1,6.3,3.6,69.3,49,2,7,5.4,80.9,55.1,0,si,21.7,hombre,D
STU-03285,Ciencia de Datos,6,7.4,9.1,83.2,174,0,5,3.1,65.8,73.5,1,si,13.9,hombre,E
STU-03286,Ciencia de Datos,5,7.8,5.3,72.9,68,3,7,1.5,93.0,68.5,0,si,9.6,prefiere_no_decir,B
STU-03287,Estadistica,7,8.1,7.9,90.0,82,1,6,1.9,73.5,75.2,1,no,0.0,mujer,B
STU-03288,Economia,8,7.2,3.2,81.1,32,2,6,4.2,94.5,73.2,1,no,25.5,mujer,E
STU-03289,Ciencia de Datos,9,7.3,9.1,83.1,49,0,7,4.5,86.3,85.7,1,no,0.0,mujer,A
STU-03290,Actuaria,2,5.9,4.4,72.9,27,1,5,2.9,80.4,58.8,0,si,11.6,prefiere_no_decir,B
STU-03291,Estadistica,3,6.8,5.7,71.7,0,3,6,2.0,80.0,69.9,0,no,0.0,mujer,E
STU-03292,Estadistica,3,7.9,8.4,100.0,112,1,4,2.4,89.7,80.5,1,no,0.0,mujer,F
STU-03293,Ciencia de Datos,2,7.5,4.6,94.9,82,0,5,2.0,87.2,73.8,1,no,0.0,hombre,A
STU-03294,Estadistica,6,7.4,7.7,72.1,72,0,6,3.7,92.2,81.6,1,si,0.0,prefiere_no_decir,F
STU-03295,Estadistica,8,8.2,5.8,65.9,36,4,6,2.5,94.2,76.1,1,no,0.0,prefiere_no_decir,D
STU-03296,Actuaria,6,6.9,7.8,97.1,101,0,4,1.2,78.5,84.0,1,no,0.0,mujer,E
STU-03297,Ciencia de Datos,3,7.2,1.3,65.6,19,2,7,6.8,86.0,58.7,0,si,21.6,hombre,A
STU-03298,Economia,2,5.9,6.8,84.6,6,4,5,0.9,78.8,83.3,1,si,21.1,hombre,C
STU-03299,Matematicas,3,6.5,3.8,88.4,44,2,6,2.9,92.4,78.5,1,no,0.0,mujer,C
STU-03300,Estadistica,3,7.5,3.7,83.2,30,3,4,1.7,88.1,69.3,0,no,18.7,mujer,B
STU-03301,Estadistica,7,7.8,6.4,64.1,17,2,7,0.7,74.7,68.0,0,si,0.0,mujer,D
STU-03302,Estadistica,6,8.4,9.3,99.4,74,2,5,1.7,79.2,80.3,1,no,0.0,hombre,C
STU-03303,Ciencia de Datos,5,7.5,13.2,100.0,31,0,5,2.6,74.7,98.0,1,no,0.0,mujer,F
STU-03304,Matematicas,2,8.2,4.9,82.6,26,3,5,5.1,75.8,65.1,0,si,0.0,hombre,E
STU-03305,Economia,6,6.3,6.8,80.8,22,1,7,4.9,60.4,66.7,0,si,0.0,mujer,E
STU-03306,Estadistica,8,7.0,8.8,80.3,30,1,4,2.3,82.5,82.0,1,no,0.0,hombre,F
STU-03307,Actuaria,5,7.8,10.2,77.7,6,0,7,2.8,95.6,84.7,1,si,0.0,prefiere_no_decir,F
STU-03308,Matematicas,7,5.7,2.5,72.4,50,0,6,2.1,84.7,71.4,1,si,16.6,mujer,E
STU-03309,Ciencia de Datos,2,8.7,3.9,72.1,26,1,4,1.6,68.8,56.2,0,no,0.0,hombre,A
STU-03310,Economia,4,6.6,5.9,83.5,42,3,6,1.2,62.8,66.4,0,no,19.3,hombre,D
STU-03311,Estadistica,5,9.0,11.1,84.6,34,1,4,2.1,84.5,87.9,1,no,0.0,hombre,A
STU-03312,Matematicas,3,8.2,6.6,70.8,3,2,6,0.2,78.9,63.0,0,no,0.0,hombre,A
STU-03313,Matematicas,6,8.5,7.3,83.8,119,0,6,7.1,94.9,81.6,1,si,0.0,mujer,B
STU-03314,Estadistica,9,6.7,10.0,100.0,61,1,5,0.4,77.6,85.6,1,si,0.0,mujer,B
STU-03315,Estadistica,2,7.7,4.7,70.5,30,0,6,1.0,80.0,73.6,1,no,19.6,hombre,A
STU-03316,Estadistica,2,7.8,4.8,78.4,77,1,4,1.5,73.7,58.4,0,no,14.2,mujer,D
STU-03317,Economia,9,5.3,1.6,75.4,141,2,8,4.7,62.4,35.0,0,si,26.6,mujer,A
STU-03318,Estadistica,1,6.9,3.6,78.5,60,1,7,5.9,74.0,57.5,0,si,19.6,prefiere_no_decir,C
STU-03319,Actuaria,4,5.9,4.4,50.1,39,3,8,0.6,83.8,58.8,0,no,28.0,mujer,C
STU-03320,Actuaria,2,6.4,5.6,90.1,138,2,5,3.4,91.4,70.8,1,si,0.0,mujer,E
STU-03321,Estadistica,7,5.4,11.1,78.4,0,2,8,0.3,87.6,75.8,1,no,18.2,mujer,E
STU-03322,Actuaria,4,8.2,5.0,79.2,96,1,5,3.5,75.3,77.6,1,no,13.9,prefiere_no_decir,D
STU-03323,Estadistica,9,6.9,7.1,63.5,13,2,8,2.6,73.2,63.3,0,no,7.6,mujer,C
STU-03324,Economia,3,8.2,3.4,75.3,22,0,7,6.2,81.4,67.4,0,no,0.0,mujer,B
STU-03325,Economia,8,7.2,9.3,72.0,75,0,7,0.8,88.4,76.0,1,si,18.6,hombre,F
STU-03326,Estadistica,5,6.6,3.3,73.2,17,1,6,3.8,85.2,55.5,0,si,11.6,prefiere_no_decir,A
STU-03327,Actuaria,7,6.8,4.6,80.0,27,1,6,2.0,68.5,69.0,0,no,17.6,hombre,A
STU-03328,Matematicas,2,7.9,4.5,84.6,63,2,6,1.6,86.9,68.6,0,no,0.0,mujer,F
STU-03329,Ciencia de Datos,2,8.2,7.6,82.8,91,1,5,1.9,87.7,80.1,1,si,0.0,hombre,E
STU-03330,Ciencia de Datos,9,6.4,10.5,80.5,2,2,10,1.3,91.8,69.1,0,no,0.0,hombre,A
STU-03331,Actuaria,5,6.0,6.7,94.5,132,1,4,1.3,70.3,73.3,1,no,0.0,mujer,C
STU-03332,Economia,6,9.0,6.6,68.7,19,1,3,0.7,81.6,70.3,1,si,0.0,hombre,D
STU-03333,Estadistica,1,8.1,7.5,51.6,92,1,6,2.4,84.0,66.5,0,no,0.0,prefiere_no_decir,C
STU-03334,Estadistica,8,7.1,5.2,65.9,41,5,7,0.5,75.4,68.6,0,si,32.1,mujer,B
STU-03335,Matematicas,4,7.2,6.7,84.8,100,2,7,0.4,88.0,64.1,0,no,0.0,mujer,D
STU-03336,Matematicas,8,4.2,9.8,83.4,51,1,6,1.9,86.1,62.5,0,no,0.0,mujer,A
STU-03337,Economia,7,7.1,8.6,88.0,81,2,6,3.7,90.1,84.4,1,no,26.8,prefiere_no_decir,A
STU-03338,Estadistica,8,6.3,10.8,94.4,76,1,6,2.0,89.1,91.1,1,no,0.0,hombre,A
STU-03339,Economia,1,7.8,7.5,76.5,79,0,4,3.4,84.0,94.1,1,no,0.0,mujer,E
STU-03340,Estadistica,2,6.8,4.0,69.9,27,1,5,0.7,62.9,65.4,0,no,0.0,mujer,D
STU-03341,Estadistica,7,6.3,5.0,69.1,38,0,7,1.2,69.3,69.9,0,no,22.8,hombre,E
STU-03342,Actuaria,2,7.1,6.9,96.6,123,1,4,5.2,83.3,72.3,1,si,0.0,hombre,B
STU-03343,Estadistica,3,7.7,5.0,77.1,23,6,7,2.5,68.7,58.3,0,si,0.0,mujer,C
STU-03344,Economia,3,6.6,5.1,71.9,84,3,5,1.0,93.5,67.8,0,no,29.3,hombre,F
STU-03345,Matematicas,8,8.9,8.7,73.9,67,0,6,1.7,80.7,64.1,0,si,0.0,hombre,B
STU-03346,Estadistica,8,6.4,7.5,70.2,81,1,9,3.1,96.1,76.2,1,si,10.1,hombre,D
STU-03347,Ciencia de Datos,6,7.3,5.4,84.4,63,0,7,7.5,87.9,73.8,1,si,0.0,mujer,C
STU-03348,Matematicas,7,6.4,5.6,68.5,10,0,7,1.8,96.5,70.4,1,si,12.5,hombre,B
STU-03349,Estadistica,3,6.9,5.7,74.5,65,0,4,3.4,88.7,71.9,1,no,0.0,hombre,D
STU-03350,Estadistica,2,7.1,6.1,93.0,93,1,3,0.1,86.7,92.2,1,no,0.0,mujer,C
STU-03351,Actuaria,2,7.5,2.8,70.3,27,3,4,1.7,90.8,69.9,0,no,0.0,prefiere_no_decir,A
STU-03352,Economia,1,8.0,3.4,63.4,38,0,5,0.1,81.2,54.6,0,si,0.0,mujer,E
STU-03353,Estadistica,8,7.9,7.8,78.6,88,5,7,1.4,96.1,80.1,1,si,18.4,hombre,C
STU-03354,Matematicas,9,7.1,7.1,84.3,73,0,8,1.6,94.9,80.3,1,no,19.9,mujer,A
STU-03355,Estadistica,3,7.3,8.8,72.1,24,2,7,4.0,72.4,82.0,1,si,0.0,hombre,C
STU-03356,Actuaria,4,6.1,6.2,87.1,75,3,7,1.5,80.7,71.0,1,si,5.8,hombre,E
STU-03357,Actuaria,3,6.8,6.5,75.0,7,1,6,3.0,86.0,78.2,1,si,20.4,mujer,E
STU-03358,Economia,4,6.8,2.6,65.4,57,1,6,1.1,80.4,66.5,0,no,10.3,mujer,C
STU-03359,Actuaria,3,7.6,3.1,68.4,31,2,6,1.6,68.0,60.3,0,no,27.9,mujer,B
STU-03360,Matematicas,2,7.7,5.8,73.8,48,0,5,2.9,86.2,74.5,1,si,0.0,hombre,D
STU-03361,Ciencia de Datos,7,6.6,5.1,50.2,5,4,8,2.9,72.3,59.0,0,si,25.0,mujer,C
STU-03362,Estadistica,9,6.5,6.9,58.8,66,1,10,0.5,82.5,50.2,0,no,14.5,mujer,C
STU-03363,Matematicas,5,8.2,10.1,93.1,54,0,3,0.7,72.5,89.2,1,no,4.1,mujer,E
STU-03364,Estadistica,4,7.6,9.5,100.0,14,1,4,1.8,91.8,96.6,1,no,0.0,hombre,C
STU-03365,Matematicas,6,7.2,7.6,71.9,109,2,7,0.6,94.8,77.3,1,no,0.0,hombre,C
STU-03366,Ciencia de Datos,2,8.7,1.6,67.6,33,1,5,2.8,78.2,54.4,0,si,0.0,hombre,A
STU-03367,Estadistica,1,8.2,7.6,80.8,45,1,4,1.8,89.3,81.4,1,no,11.0,hombre,E
STU-03368,Ciencia de Datos,3,6.8,8.6,96.4,72,0,5,0.6,81.5,84.3,1,no,0.0,prefiere_no_decir,D
STU-03369,Matematicas,9,7.4,13.6,100.0,67,1,7,3.6,100.0,100.0,1,no,0.0,hombre,F
STU-03370,Estadistica,1,8.4,3.4,80.3,52,4,7,1.4,73.9,48.2,0,no,6.3,mujer,B
STU-03371,Estadistica,3,6.4,2.8,56.0,28,1,5,3.6,83.6,68.8,0,no,17.2,mujer,C
STU-03372,Estadistica,9,7.9,10.4,78.9,42,2,8,0.9,100.0,77.0,1,no,0.0,hombre,D
STU-03373,Estadistica,1,5.9,6.3,87.3,43,2,5,1.2,82.8,66.6,0,si,0.0,mujer,A
STU-03374,Actuaria,1,7.6,4.5,70.7,58,2,5,4.2,63.9,67.6,0,si,0.0,mujer,F
STU-03375,Actuaria,1,7.5,5.7,69.2,13,1,6,1.8,67.7,59.6,0,no,0.0,prefiere_no_decir,C
STU-03376,Actuaria,7,6.1,11.2,96.4,46,4,8,2.5,85.3,74.8,1,si,15.2,hombre,B
STU-03377,Ciencia de Datos,3,6.2,4.1,70.3,46,3,4,1.5,81.2,56.8,0,no,17.8,mujer,A
STU-03378,Matematicas,4,5.2,5.7,61.3,47,2,4,2.2,74.5,63.8,0,no,0.0,mujer,A
STU-03379,Estadistica,9,5.8,9.5,83.4,95,1,8,3.3,85.9,64.3,0,si,20.0,hombre,F
STU-03380,Matematicas,8,7.7,9.9,100.0,74,2,4,0.1,86.7,92.3,1,si,0.0,mujer,C
STU-03381,Ciencia de Datos,8,7.2,8.9,88.5,55,3,6,1.0,90.0,90.1,1,si,0.0,mujer,C
STU-03382,Estadistica,1,6.3,6.5,89.9,69,0,5,0.9,82.8,84.8,1,si,0.0,hombre,C
STU-03383,Estadistica,7,7.2,12.9,91.9,0,2,6,4.1,92.5,93.9,1,si,0.0,mujer,D
STU-03384,Estadistica,3,8.4,9.8,77.9,24,1,4,2.2,100.0,88.9,1,si,0.0,hombre,A
STU-03385,Estadistica,5,8.1,9.9,92.2,75,2,5,1.0,97.3,98.3,1,si,0.0,mujer,D
STU-03386,Estadistica,5,6.5,11.2,72.3,14,1,7,4.1,96.1,81.3,1,no,13.9,mujer,F
STU-03387,Ciencia de Datos,2,7.7,9.1,73.0,25,1,6,2.5,100.0,76.9,1,no,0.0,hombre,E
STU-03388,Matematicas,3,7.7,8.3,92.6,95,0,5,3.1,84.3,87.1,1,si,0.0,hombre,B
STU-03389,Estadistica,1,6.8,4.5,100.0,100,0,2,3.2,71.6,78.2,1,no,0.0,hombre,F
STU-03390,Economia,6,7.9,1.6,71.7,51,1,9,3.0,100.0,64.1,0,no,23.4,hombre,D
STU-03391,Economia,7,7.5,6.7,77.7,109,5,7,0.8,88.1,79.4,1,si,13.0,hombre,D
STU-03392,Actuaria,1,8.6,3.0,92.4,149,0,5,4.2,67.8,54.3,0,no,13.4,mujer,F
STU-03393,Ciencia de Datos,1,7.2,10.4,91.2,84,1,5,1.2,69.2,79.4,1,si,0.0,hombre,F
STU-03394,Estadistica,4,5.6,6.3,73.1,82,0,9,3.2,80.4,65.7,0,si,15.3,mujer,E
STU-03395,Economia,1,7.7,0.5,59.7,37,0,4,1.4,79.9,37.9,0,no,33.2,mujer,D
STU-03396,Actuaria,2,7.7,3.4,84.8,37,1,4,6.7,74.4,68.9,0,si,0.0,mujer,C
STU-03397,Economia,2,8.4,7.6,90.1,91,1,4,1.2,78.8,76.3,1,no,0.0,hombre,C
STU-03398,Estadistica,5,6.8,7.0,93.1,75,0,6,1.8,100.0,100.0,1,no,0.0,mujer,F
STU-03399,Actuaria,1,5.7,4.7,85.3,81,1,8,6.9,95.9,66.5,0,no,16.8,hombre,D
STU-03400,Matematicas,9,6.5,7.1,85.4,56,1,4,1.9,73.3,83.6,1,no,17.1,hombre,D
STU-03401,Actuaria,4,7.9,6.0,72.9,28,4,7,1.8,93.1,62.8,0,no,21.6,mujer,E
STU-03402,Ciencia de Datos,7,7.8,8.7,92.8,64,1,8,1.9,84.0,67.2,0,si,20.5,mujer,D
STU-03403,Estadistica,3,6.7,8.8,68.0,54,1,8,7.3,84.3,70.0,1,si,0.0,mujer,C
STU-03404,Ciencia de Datos,6,7.9,9.3,100.0,168,3,5,1.6,81.8,81.3,1,no,0.0,prefiere_no_decir,C
STU-03405,Economia,5,7.1,1.0,51.6,47,3,8,6.2,85.9,50.9,0,si,29.5,mujer,A
STU-03406,Actuaria,2,7.4,3.2,73.3,26,3,7,1.8,79.7,58.9,0,si,16.4,hombre,F
STU-03407,Actuaria,3,8.2,6.6,78.3,82,1,7,6.0,71.0,64.3,0,no,0.0,hombre,B
STU-03408,Estadistica,5,8.4,9.2,100.0,60,2,4,7.2,68.0,77.0,1,no,0.0,mujer,A
STU-03409,Ciencia de Datos,8,6.6,7.2,77.2,78,3,5,3.5,83.8,70.1,1,no,11.9,hombre,A
STU-03410,Estadistica,3,6.5,7.3,100.0,152,1,5,2.2,83.6,82.8,1,no,12.5,hombre,D
STU-03411,Estadistica,2,6.2,7.7,76.3,48,1,5,0.9,90.4,75.0,1,si,21.6,hombre,C
STU-03412,Estadistica,4,8.3,6.5,87.2,41,1,5,6.7,94.4,78.8,1,no,0.0,mujer,E
STU-03413,Actuaria,4,4.0,4.5,67.4,0,0,7,2.1,81.6,48.8,0,no,24.0,no_binario,A
STU-03414,Economia,5,7.0,6.0,85.4,60,0,8,5.8,79.6,70.3,1,si,22.1,mujer,F
STU-03415,Economia,8,5.5,3.9,65.4,18,3,7,0.7,66.3,52.2,0,no,23.8,mujer,F
STU-03416,Ciencia de Datos,4,7.1,5.7,86.3,153,3,7,0.5,76.0,74.1,1,no,22.3,hombre,C
STU-03417,Matematicas,7,6.1,4.8,68.9,46,1,7,3.9,94.6,71.5,1,no,0.0,mujer,F
STU-03418,Matematicas,3,7.1,8.1,75.0,22,1,5,1.7,85.3,83.8,1,no,23.6,hombre,F
STU-03419,Ciencia de Datos,7,7.4,7.4,76.7,27,2,6,3.9,87.7,73.1,1,si,0.0,mujer,D
STU-03420,Ciencia de Datos,4,7.4,6.3,76.6,34,1,4,0.2,84.3,78.3,1,no,0.0,mujer,F
STU-03421,Matematicas,7,6.5,6.6,77.0,24,2,7,1.6,91.5,67.8,0,no,6.3,mujer,B
STU-03422,Economia,1,7.5,5.1,60.7,39,0,4,2.8,75.5,54.9,0,si,0.0,hombre,D
STU-03423,Actuaria,7,6.8,10.2,70.0,57,2,9,2.5,85.0,76.1,1,si,0.0,mujer,E
STU-03424,Matematicas,6,7.5,8.4,72.6,21,1,6,1.9,86.3,75.4,1,si,0.0,mujer,E
STU-03425,Actuaria,3,7.8,3.9,87.9,146,2,6,2.2,82.0,77.5,1,no,23.5,mujer,B
STU-03426,Matematicas,4,5.9,9.1,83.9,105,2,6,9.0,81.8,63.6,0,no,0.0,mujer,C
STU-03427,Estadistica,1,6.7,6.9,92.4,70,2,5,1.1,87.2,80.9,1,si,22.5,hombre,D
STU-03428,Estadistica,5,9.2,6.8,67.9,22,0,6,0.8,84.5,63.0,0,si,0.0,mujer,D
STU-03429,Estadistica,1,4.3,7.0,83.4,74,2,7,1.1,91.2,68.3,0,si,0.0,mujer,C
STU-03430,Actuaria,7,8.1,4.6,82.3,96,0,5,3.3,77.4,58.7,0,si,25.5,mujer,A
STU-03431,Estadistica,1,5.7,4.2,60.1,106,3,4,2.1,76.1,56.5,0,no,12.1,mujer,E
STU-03432,Estadistica,5,7.9,8.7,97.2,18,3,7,6.1,81.3,86.5,1,si,0.0,mujer,A
STU-03433,Actuaria,5,8.2,2.7,58.6,44,2,6,2.7,78.9,72.9,1,no,0.0,mujer,D
STU-03434,Economia,4,6.5,6.5,90.8,66,0,4,1.6,73.0,76.3,1,no,0.0,no_binario,E
STU-03435,Actuaria,4,7.2,8.3,91.4,59,2,4,2.4,68.5,79.2,1,no,0.0,hombre,A
STU-03436,Matematicas,4,7.1,8.0,80.6,35,1,5,6.5,81.2,76.0,1,si,0.0,mujer,A
STU-03437,Estadistica,3,6.7,6.9,92.6,143,0,3,2.2,96.0,81.7,1,no,0.0,hombre,E
STU-03438,Ciencia de Datos,4,6.7,4.0,66.1,56,0,5,4.6,85.7,67.7,0,no,14.3,mujer,D
STU-03439,Economia,8,8.6,9.6,79.0,70,1,6,2.5,100.0,86.5,1,si,14.5,hombre,A
STU-03440,Estadistica,8,7.3,6.8,77.2,39,0,6,1.3,73.9,65.0,0,no,24.3,mujer,D
STU-03441,Estadistica,3,9.5,8.4,96.0,84,1,7,1.4,89.0,80.5,1,no,0.0,hombre,F
STU-03442,Estadistica,1,6.0,0.8,72.7,22,1,7,0.5,70.7,58.4,0,no,26.6,mujer,F
STU-03443,Ciencia de Datos,7,7.0,9.1,84.0,26,2,4,3.1,70.2,68.5,0,no,0.0,hombre,B
STU-03444,Ciencia de Datos,5,8.5,6.0,79.1,69,3,6,4.3,95.8,82.3,1,no,0.0,mujer,A
STU-03445,Actuaria,5,6.0,9.9,73.5,75,0,6,1.6,72.7,70.3,1,no,14.5,hombre,B
STU-03446,Estadistica,9,7.9,10.4,63.1,4,2,7,2.1,82.3,76.8,1,no,0.0,hombre,B
STU-03447,Ciencia de Datos,9,6.0,9.4,89.7,38,1,6,2.3,85.3,78.3,1,si,14.2,hombre,B
STU-03448,Economia,1,6.5,2.5,62.7,45,3,5,6.0,73.7,61.5,0,no,18.1,mujer,D
STU-03449,Matematicas,8,6.7,11.7,100.0,68,0,5,4.5,98.0,98.7,1,no,0.0,mujer,E
STU-03450,Matematicas,9,6.4,5.4,88.9,27,0,5,2.1,77.9,79.7,1,no,14.9,no_binario,E
STU-03451,Matematicas,5,6.4,3.4,95.9,175,1,6,7.2,75.3,67.7,0,si,22.9,hombre,B
STU-03452,Matematicas,4,6.4,3.5,79.0,21,1,6,1.1,76.3,58.8,0,no,20.5,mujer,A
STU-03453,Matematicas,4,5.6,8.7,80.2,110,4,6,1.4,90.8,80.8,1,no,22.2,hombre,F
STU-03454,Matematicas,4,7.0,3.9,72.6,78,1,5,2.1,70.1,70.2,1,no,0.0,hombre,A
STU-03455,Actuaria,1,7.7,5.8,80.9,54,0,4,0.1,89.3,71.7,1,si,0.0,mujer,E
STU-03456,Estadistica,2,6.9,7.4,91.7,137,2,6,4.3,68.3,76.7,1,no,0.0,hombre,F
STU-03457,Estadistica,4,7.0,4.4,92.6,54,2,5,3.6,85.0,72.4,1,no,0.0,hombre,C
STU-03458,Economia,5,8.2,5.7,73.9,45,3,3,2.0,65.3,59.1,0,no,0.0,no_binario,A
STU-03459,Estadistica,2,8.5,5.6,63.5,46,1,7,4.2,94.9,76.6,1,no,0.0,hombre,A
STU-03460,Matematicas,6,8.4,10.3,95.5,59,1,5,5.1,76.8,88.7,1,si,0.0,mujer,C
STU-03461,Ciencia de Datos,5,5.6,5.4,53.4,10,3,9,4.2,82.7,57.4,0,si,18.2,hombre,D
STU-03462,Economia,6,7.0,8.3,81.1,26,2,6,2.0,90.1,77.1,1,no,0.0,mujer,B
STU-03463,Economia,1,7.3,3.6,89.3,104,2,5,4.0,77.6,68.6,0,si,0.0,hombre,A
STU-03464,Matematicas,4,7.3,7.5,81.1,90,1,6,2.3,86.7,73.9,1,no,1.1,mujer,F
STU-03465,Ciencia de Datos,3,5.9,3.3,64.9,7,5,6,1.9,85.2,66.4,0,no,23.7,hombre,E
STU-03466,Matematicas,7,7.3,7.5,87.5,73,3,4,2.4,78.9,71.5,1,no,0.0,mujer,F
STU-03467,Actuaria,6,7.3,10.1,92.9,95,0,7,5.5,96.1,90.2,1,si,0.0,mujer,E
STU-03468,Economia,6,7.1,6.1,88.3,108,1,4,3.4,88.3,87.4,1,si,10.9,hombre,D
STU-03469,Economia,9,6.8,4.7,81.5,92,1,8,0.2,77.3,65.6,0,no,27.5,mujer,B
STU-03470,Matematicas,4,5.4,8.1,91.1,40,3,5,1.5,85.2,73.6,1,no,0.0,mujer,A
STU-03471,Estadistica,4,6.8,5.2,94.6,59,2,7,3.2,98.4,80.1,1,no,0.0,hombre,B
STU-03472,Estadistica,4,7.4,7.0,88.4,25,1,4,3.3,77.3,84.7,1,no,0.0,hombre,F
STU-03473,Estadistica,3,7.1,3.7,57.6,12,2,8,1.3,91.0,55.5,0,no,21.4,mujer,D
STU-03474,Matematicas,9,5.9,6.6,68.5,31,2,10,0.7,88.9,53.0,0,no,18.8,hombre,B
STU-03475,Ciencia de Datos,7,7.2,5.6,83.9,23,1,6,1.5,69.8,66.6,0,si,0.0,mujer,A
STU-03476,Economia,1,6.7,0.9,63.9,41,3,6,0.9,81.7,59.7,0,no,16.8,hombre,D
STU-03477,Ciencia de Datos,2,7.7,7.9,97.1,104,1,6,5.5,91.7,91.0,1,si,0.0,hombre,C
STU-03478,Actuaria,9,5.8,6.5,84.7,18,1,5,2.2,78.8,76.1,1,no,0.0,mujer,B
STU-03479,Estadistica,6,7.9,10.7,89.1,54,1,9,2.2,82.4,78.9,1,no,0.0,hombre,A
STU-03480,Estadistica,7,7.7,6.8,83.2,95,0,5,1.8,80.5,79.6,1,no,14.5,mujer,C
STU-03481,Estadistica,5,8.9,9.0,88.4,72,0,3,2.4,78.6,75.0,1,si,0.0,hombre,A
STU-03482,Estadistica,3,8.6,3.8,76.2,82,0,5,0.1,90.6,66.0,0,no,0.0,hombre,D
STU-03483,Economia,8,6.2,7.3,77.7,92,3,7,7.6,94.4,81.8,1,si,0.0,hombre,D
STU-03484,Economia,4,7.7,5.9,78.8,29,0,5,3.7,90.7,76.5,1,si,0.0,mujer,F
STU-03485,Ciencia de Datos,9,5.9,4.6,71.8,30,3,7,1.5,100.0,75.3,1,si,32.8,hombre,F
STU-03486,Estadistica,9,6.8,8.5,62.0,29,2,8,2.4,91.0,77.5,1,no,0.0,hombre,F
STU-03487,Estadistica,5,7.8,7.4,87.7,55,2,7,1.3,94.3,77.5,1,si,18.4,hombre,C
STU-03488,Actuaria,1,6.9,2.1,67.8,91,1,8,6.3,94.0,72.7,1,si,32.8,mujer,F
STU-03489,Actuaria,9,5.2,6.3,70.7,44,0,9,2.9,83.3,57.9,0,si,0.0,hombre,E
STU-03490,Actuaria,6,6.6,1.3,68.3,118,4,8,2.8,70.7,47.4,0,no,26.8,mujer,D
STU-03491,Actuaria,8,6.3,3.2,69.8,34,3,8,3.6,80.6,57.9,0,no,7.6,hombre,C
STU-03492,Economia,7,6.5,8.5,90.8,77,5,6,0.8,63.9,76.0,1,no,0.0,no_binario,B
STU-03493,Ciencia de Datos,7,6.0,4.1,68.0,82,1,8,3.6,68.0,51.5,0,no,27.8,hombre,F
STU-03494,Matematicas,9,6.3,8.6,90.7,90,1,6,1.3,89.6,81.5,1,si,25.1,hombre,A
STU-03495,Ciencia de Datos,4,6.3,10.7,83.3,112,2,5,4.7,73.0,81.1,1,si,0.0,hombre,C
STU-03496,Estadistica,9,6.2,9.2,63.7,63,1,9,0.5,99.0,71.2,1,no,17.7,mujer,B
STU-03497,Estadistica,8,7.4,10.3,92.4,58,1,4,2.0,68.4,90.5,1,no,0.0,mujer,F
STU-03498,Matematicas,1,7.1,8.1,90.9,68,1,3,3.1,95.0,78.3,1,si,0.0,mujer,E
STU-03499,Estadistica,7,7.3,11.2,86.3,52,1,6,0.9,73.5,71.6,1,si,11.3,hombre,D
STU-03500,Estadistica,9,7.5,10.1,90.5,72,0,8,0.4,100.0,90.8,1,no,9.8,mujer,E
STU-03501,Ciencia de Datos,8,6.1,5.1,61.7,34,2,7,4.8,85.5,63.9,0,no,16.6,hombre,D
STU-03502,Economia,2,8.1,11.2,72.0,12,0,6,1.0,75.2,69.5,0,no,0.0,mujer,B
STU-03503,Ciencia de Datos,4,7.5,4.6,73.7,81,1,7,6.3,85.8,74.1,1,si,0.0,hombre,F
STU-03504,Matematicas,9,5.9,2.7,77.3,36,2,9,2.0,85.4,58.6,0,no,25.4,mujer,E
STU-03505,Matematicas,6,6.6,11.0,87.7,131,3,6,2.8,84.9,78.4,1,no,20.1,hombre,C
STU-03506,Estadistica,2,8.7,8.2,89.5,169,1,6,2.1,85.6,68.8,0,si,0.0,hombre,B
STU-03507,Economia,7,8.3,2.8,65.7,15,4,6,1.0,73.6,61.9,0,si,20.0,mujer,D
STU-03508,Estadistica,2,5.8,7.8,89.7,138,2,3,2.0,80.9,83.8,1,si,0.0,mujer,A
STU-03509,Estadistica,1,6.2,6.3,63.3,39,2,8,4.3,75.8,63.4,0,si,15.6,hombre,D
STU-03510,Estadistica,3,7.4,9.3,98.2,103,0,4,2.1,100.0,100.0,1,si,0.0,hombre,A
STU-03511,Estadistica,2,6.1,1.8,64.3,8,3,7,3.8,75.2,64.4,0,no,18.9,hombre,A
STU-03512,Ciencia de Datos,3,7.5,9.2,90.2,25,1,5,1.6,81.3,78.7,1,no,0.0,mujer,A
STU-03513,Actuaria,3,7.5,10.1,73.2,37,0,6,1.7,81.4,71.6,1,si,0.0,mujer,B
STU-03514,Estadistica,1,7.2,7.1,92.1,125,0,3,1.2,75.8,65.0,0,si,18.6,mujer,A
STU-03515,Estadistica,5,6.9,6.8,83.2,82,1,7,2.0,100.0,99.0,1,no,0.0,mujer,E
STU-03516,Estadistica,4,6.0,7.7,83.3,35,1,6,1.6,86.7,84.2,1,si,0.0,mujer,A
STU-03517,Estadistica,7,5.8,5.8,62.3,33,2,7,3.2,93.2,81.0,1,si,27.3,mujer,B
STU-03518,Matematicas,3,7.9,5.7,86.1,40,2,4,0.3,88.3,74.5,1,si,0.0,hombre,D
STU-03519,Actuaria,9,6.7,9.3,94.1,201,3,7,1.2,81.8,85.9,1,no,17.9,mujer,A
STU-03520,Estadistica,1,8.2,5.2,65.4,79,3,4,5.5,74.4,65.5,0,si,20.7,mujer,F
STU-03521,Matematicas,7,6.9,5.0,66.9,103,0,6,2.6,73.1,58.3,0,no,14.9,hombre,F
STU-03522,Ciencia de Datos,1,5.3,8.4,100.0,129,3,6,3.6,85.5,77.5,1,no,0.0,hombre,C
STU-03523,Economia,3,8.3,10.9,80.6,36,0,4,1.5,87.9,75.3,1,no,0.0,mujer,A
STU-03524,Actuaria,2,7.9,4.3,88.2,36,3,6,4.1,96.4,78.1,1,no,13.0,hombre,F
STU-03525,Economia,5,10.2,8.5,100.0,131,0,4,0.6,84.0,67.4,0,si,0.0,mujer,D
STU-03526,Economia,4,6.4,9.4,97.3,28,2,5,1.0,93.5,91.5,1,no,0.0,mujer,B
STU-03527,Estadistica,8,6.9,4.0,50.0,15,2,9,1.6,92.2,63.2,0,no,19.5,no_binario,B
STU-03528,Economia,4,9.3,4.4,78.6,132,3,4,4.5,81.9,78.7,1,no,0.0,mujer,C
STU-03529,Economia,5,9.6,6.2,75.4,25,1,4,0.6,68.7,44.1,0,no,0.0,mujer,D
STU-03530,Ciencia de Datos,1,8.9,11.4,87.3,16,1,5,1.5,75.4,77.0,1,si,0.0,mujer,A
STU-03531,Actuaria,4,7.2,7.7,85.0,33,3,9,2.0,89.0,67.3,0,no,0.0,hombre,D
STU-03532,Matematicas,2,7.2,7.2,81.5,64,2,7,7.9,78.3,62.2,0,no,0.0,hombre,A
STU-03533,Economia,6,6.8,8.2,88.4,62,2,5,0.9,93.2,80.0,1,no,0.0,hombre,F
STU-03534,Estadistica,3,7.7,5.5,70.8,37,4,5,2.8,85.5,72.3,1,si,0.0,mujer,B
STU-03535,Economia,6,5.4,4.3,76.9,75,1,8,3.9,82.3,59.7,0,si,19.5,mujer,E
STU-03536,Ciencia de Datos,6,8.6,6.9,70.5,28,1,6,6.0,87.5,68.6,0,si,9.7,mujer,D
STU-03537,Estadistica,9,7.3,12.3,100.0,53,0,5,4.6,96.2,94.4,1,no,0.0,hombre,C
STU-03538,Ciencia de Datos,8,7.8,6.7,68.6,41,2,6,0.4,97.0,86.9,1,si,0.0,mujer,D
STU-03539,Estadistica,4,6.3,6.9,76.2,47,1,6,4.0,67.2,69.1,0,no,0.0,hombre,E
STU-03540,Actuaria,4,7.3,8.0,80.3,55,1,7,1.8,73.6,75.4,1,no,12.9,mujer,D
STU-03541,Economia,8,7.5,9.2,94.1,36,2,5,1.2,84.3,89.6,1,no,0.0,hombre,A
STU-03542,Estadistica,6,5.4,7.5,91.4,98,4,6,2.6,87.1,81.5,1,no,18.8,mujer,B
STU-03543,Economia,5,7.0,4.0,61.4,45,3,7,6.0,99.8,74.1,1,no,19.3,hombre,B
STU-03544,Matematicas,7,6.6,6.9,72.2,48,5,8,1.7,69.0,53.3,0,si,0.0,hombre,F
STU-03545,Actuaria,7,5.3,6.7,81.4,44,2,10,9.0,81.8,60.9,0,no,0.0,mujer,F
STU-03546,Economia,2,9.3,3.2,70.7,86,2,4,2.8,85.2,65.7,0,si,0.0,hombre,A
STU-03547,Economia,3,7.2,7.0,98.0,78,0,3,0.4,98.4,93.4,1,no,0.0,hombre,F
STU-03548,Estadistica,5,8.8,5.3,69.3,54,2,7,2.4,99.1,73.1,1,no,6.3,mujer,F
STU-03549,Economia,4,7.5,6.0,80.2,41,0,5,2.2,82.0,71.4,1,no,0.0,hombre,F
STU-03550,Estadistica,5,6.6,8.7,65.1,15,2,7,0.1,90.0,85.5,1,no,0.0,hombre,D
STU-03551,Economia,4,7.1,4.2,46.7,70,3,5,3.1,95.3,67.6,0,no,22.2,hombre,D
STU-03552,Matematicas,6,5.9,2.8,53.1,67,1,8,5.0,86.2,55.4,0,no,35.4,hombre,E
STU-03553,Estadistica,8,7.9,7.6,81.7,46,3,6,3.1,65.6,73.4,1,no,0.0,mujer,C
STU-03554,Economia,2,6.9,1.9,69.0,36,2,4,1.1,86.3,58.6,0,no,13.1,hombre,C
STU-03555,Estadistica,7,6.1,11.0,75.3,85,2,8,1.9,97.7,90.9,1,no,0.0,hombre,E
STU-03556,Estadistica,8,6.0,11.3,94.9,46,1,6,5.1,100.0,96.0,1,si,0.0,hombre,C
STU-03557,Estadistica,8,7.4,7.3,62.1,16,1,7,0.7,72.3,74.1,1,si,0.0,hombre,B
STU-03558,Ciencia de Datos,9,6.3,13.6,90.0,20,2,6,1.7,96.3,94.5,1,no,0.0,mujer,C
STU-03559,Actuaria,7,8.8,10.8,93.0,68,0,4,3.0,77.4,90.7,1,si,0.0,mujer,E
STU-03560,Estadistica,7,6.2,11.9,64.6,85,1,7,1.3,79.1,73.6,1,no,0.0,hombre,E
STU-03561,Economia,4,8.5,4.6,79.1,32,2,6,1.2,76.8,62.7,0,no,0.0,mujer,A
STU-03562,Ciencia de Datos,6,7.3,2.7,69.9,47,1,5,2.3,86.3,62.8,0,si,25.6,hombre,B
STU-03563,Estadistica,3,7.8,5.2,87.6,44,2,4,0.7,95.0,78.1,1,si,0.0,mujer,B
STU-03564,Matematicas,5,9.2,9.4,80.5,37,1,5,1.4,67.9,69.1,0,no,0.0,mujer,E
STU-03565,Economia,5,7.2,4.4,77.3,102,2,5,1.1,78.0,63.4,0,no,14.0,mujer,E
STU-03566,Economia,8,7.8,8.5,77.3,51,1,8,5.0,83.5,67.9,0,si,0.0,mujer,E
STU-03567,Economia,3,6.6,5.9,90.0,84,0,4,0.1,84.1,84.5,1,si,0.0,mujer,D
STU-03568,Economia,4,6.8,1.5,66.3,36,1,8,3.7,73.0,39.1,0,no,21.2,prefiere_no_decir,D
STU-03569,Estadistica,7,7.1,4.6,74.5,123,2,4,1.1,97.8,78.0,1,no,28.5,mujer,F
STU-03570,Actuaria,8,7.3,11.9,95.1,95,1,6,5.0,86.5,90.5,1,si,0.0,hombre,B
STU-03571,Estadistica,2,8.2,8.6,88.8,76,1,5,1.0,89.0,83.9,1,no,18.3,mujer,E
STU-03572,Estadistica,4,7.8,7.6,80.9,48,0,6,1.0,82.5,77.0,1,si,0.0,no_binario,D
STU-03573,Estadistica,8,6.1,7.3,76.4,31,2,9,3.9,92.7,79.2,1,no,21.5,hombre,C
STU-03574,Ciencia de Datos,9,7.3,13.4,99.0,87,2,7,4.3,98.4,100.0,1,si,0.0,hombre,E
STU-03575,Estadistica,8,8.6,12.8,96.2,85,1,6,6.3,88.2,94.2,1,si,0.0,mujer,C
STU-03576,Actuaria,2,6.1,5.8,64.9,26,2,6,1.2,83.2,68.8,0,no,11.1,mujer,F
STU-03577,Economia,4,8.8,5.3,76.7,38,3,5,1.1,91.6,68.7,0,si,16.1,hombre,D
STU-03578,Estadistica,5,7.1,6.8,66.3,26,2,7,1.8,90.2,76.2,1,no,0.0,mujer,A
STU-03579,Matematicas,9,6.2,8.1,95.2,72,3,5,0.3,92.2,76.6,1,no,0.0,hombre,B
STU-03580,Actuaria,2,7.2,5.0,66.9,35,3,7,1.5,79.7,70.0,1,no,0.0,hombre,A
STU-03581,Estadistica,1,7.5,9.8,100.0,52,0,5,1.0,90.7,99.1,1,no,3.4,mujer,D
STU-03582,Actuaria,4,9.1,13.2,100.0,58,1,5,4.6,85.8,79.4,1,no,0.0,hombre,B
STU-03583,Actuaria,4,7.8,9.4,97.9,56,1,7,5.0,73.6,77.8,1,si,0.0,hombre,E
STU-03584,Ciencia de Datos,1,8.1,3.8,72.0,45,4,5,2.8,78.7,68.8,0,si,0.0,hombre,E
STU-03585,Ciencia de Datos,7,5.7,3.8,78.9,40,2,8,5.9,74.6,63.6,0,no,22.0,mujer,D
STU-03586,Economia,2,7.6,6.6,83.0,65,1,4,5.4,86.9,72.5,1,no,0.0,mujer,C
STU-03587,Economia,2,5.8,7.0,60.4,50,4,8,2.8,89.9,56.5,0,no,12.2,hombre,C
STU-03588,Economia,6,7.1,8.2,81.0,0,3,5,4.3,71.2,68.5,0,no,0.0,hombre,E
STU-03589,Actuaria,1,7.3,4.9,72.8,24,1,5,4.2,89.5,78.8,1,si,12.6,mujer,C
STU-03590,Matematicas,8,6.9,7.8,94.9,104,0,5,2.5,87.2,83.8,1,no,13.1,prefiere_no_decir,B
STU-03591,Estadistica,3,6.7,5.8,96.7,174,1,5,1.7,77.9,75.3,1,no,0.0,hombre,B
STU-03592,Actuaria,7,8.1,8.5,84.1,72,1,7,4.0,76.5,81.3,1,si,0.0,mujer,C
STU-03593,Estadistica,2,6.6,4.2,68.0,20,2,6,1.5,82.9,67.1,0,si,19.2,mujer,F
STU-03594,Actuaria,1,7.3,3.4,75.5,35,4,5,1.3,80.2,62.0,0,no,22.5,mujer,D
STU-03595,Actuaria,6,7.9,7.1,70.1,16,1,8,4.6,90.3,70.3,1,no,0.0,hombre,A
STU-03596,Ciencia de Datos,9,7.1,4.5,79.6,58,0,9,8.8,94.2,76.3,1,si,23.6,hombre,E
STU-03597,Estadistica,6,6.6,7.3,62.5,3,1,8,0.7,72.4,62.4,0,si,0.0,mujer,E
STU-03598,Matematicas,2,7.6,8.3,59.1,11,0,5,2.5,90.4,78.0,1,si,0.0,mujer,F
STU-03599,Ciencia de Datos,9,8.3,8.7,88.4,50,0,9,6.7,80.1,64.1,0,si,7.6,hombre,C
STU-03600,Matematicas,7,6.6,2.8,67.9,30,1,7,9.0,85.5,67.3,0,no,21.8,mujer,E
STU-03601,Actuaria,2,6.8,6.5,81.4,16,3,5,1.4,71.2,79.8,1,no,14.0,hombre,C
STU-03602,Matematicas,1,7.8,7.1,87.0,35,2,4,2.2,65.4,70.2,1,no,0.0,hombre,F
STU-03603,Economia,1,8.1,7.3,80.1,50,2,5,5.1,69.6,76.6,1,no,0.0,hombre,E
STU-03604,Estadistica,1,5.8,3.2,81.6,135,1,4,2.0,83.6,68.0,0,no,16.8,mujer,D
STU-03605,Estadistica,4,6.9,6.5,93.9,112,0,5,2.6,76.9,68.1,0,no,0.0,hombre,F
STU-03606,Actuaria,8,6.6,7.3,64.9,16,1,8,2.6,87.2,65.7,0,si,0.0,hombre,A
STU-03607,Estadistica,1,7.3,6.0,86.3,42,1,5,2.5,84.9,82.4,1,si,0.0,hombre,E
STU-03608,Estadistica,4,8.2,6.7,77.2,75,1,6,5.2,81.0,70.4,1,no,0.0,mujer,A
STU-03609,Estadistica,4,6.9,8.9,85.3,66,1,4,3.1,72.1,87.5,1,no,0.0,mujer,E
STU-03610,Ciencia de Datos,1,7.5,1.2,61.1,66,3,5,2.2,76.5,63.1,0,no,18.5,mujer,D
STU-03611,Estadistica,4,7.5,2.7,86.3,118,1,6,1.6,66.8,64.1,0,si,0.0,hombre,C
STU-03612,Matematicas,4,7.7,5.0,70.4,79,0,8,2.8,99.1,70.4,1,si,15.5,hombre,B
STU-03613,Matematicas,2,5.7,5.2,63.0,1,3,7,0.6,92.3,55.1,0,no,16.9,mujer,A
STU-03614,Actuaria,9,6.7,11.9,86.5,58,1,6,1.8,85.6,93.7,1,no,18.4,hombre,E
STU-03615,Estadistica,5,5.5,9.0,72.5,25,1,6,1.8,86.3,82.0,1,si,24.7,hombre,F
STU-03616,Matematicas,7,6.9,12.1,92.1,139,0,4,1.1,79.2,88.1,1,si,0.0,mujer,B
STU-03617,Estadistica,3,7.7,9.3,80.1,27,2,6,1.8,75.8,85.1,1,si,0.0,mujer,E
STU-03618,Estadistica,5,6.8,4.0,79.6,65,1,6,2.4,75.7,69.2,0,si,0.0,mujer,F
STU-03619,Matematicas,1,6.9,1.8,64.1,37,1,7,1.7,91.0,65.8,0,no,35.1,hombre,E
STU-03620,Actuaria,1,5.2,4.7,82.4,103,1,7,2.7,79.6,46.2,0,si,11.6,hombre,A
STU-03621,Actuaria,8,8.1,6.2,76.6,43,0,6,1.6,84.2,71.0,1,si,18.4,hombre,F
STU-03622,Matematicas,2,8.0,7.7,82.2,46,1,6,3.0,71.6,83.4,1,no,0.0,prefiere_no_decir,C
STU-03623,Estadistica,6,8.6,8.5,91.6,57,1,6,6.2,82.4,83.6,1,no,0.0,mujer,D
STU-03624,Economia,5,6.9,5.5,73.9,44,1,5,0.3,84.0,80.2,1,no,0.0,hombre,F
STU-03625,Actuaria,4,8.6,9.4,79.4,15,3,8,2.9,89.1,82.3,1,no,0.0,hombre,D
STU-03626,Economia,2,5.1,2.9,61.6,23,2,6,1.9,80.4,35.0,0,no,19.2,hombre,E
STU-03627,Economia,7,5.9,7.7,90.5,110,1,7,0.2,93.2,78.7,1,no,22.3,mujer,D
STU-03628,Estadistica,6,7.0,8.0,95.2,98,1,6,3.6,89.2,98.0,1,no,0.0,mujer,F
STU-03629,Matematicas,6,7.0,9.0,97.7,25,1,8,1.6,90.8,87.5,1,si,0.0,mujer,D
STU-03630,Actuaria,8,5.8,10.5,78.2,30,2,5,4.9,86.8,88.9,1,no,0.0,mujer,C
STU-03631,Economia,9,6.5,12.5,100.0,34,2,5,5.2,90.8,87.4,1,no,0.0,hombre,A
STU-03632,Matematicas,4,7.8,8.8,91.1,84,1,6,2.9,66.4,79.1,1,no,0.0,mujer,E
STU-03633,Ciencia de Datos,6,7.6,9.4,74.1,98,0,4,2.1,85.9,80.6,1,no,0.0,hombre,B
STU-03634,Economia,5,3.6,4.9,62.1,82,5,8,2.1,92.1,47.8,0,si,35.0,mujer,F
STU-03635,Matematicas,5,8.1,9.4,92.1,42,4,7,4.7,88.2,73.6,1,si,21.2,mujer,D
STU-03636,Estadistica,4,5.6,4.7,91.3,135,1,5,3.7,67.6,75.2,1,si,24.8,hombre,D
STU-03637,Actuaria,2,7.6,5.3,69.9,0,3,6,6.9,64.3,56.6,0,si,15.2,hombre,C
STU-03638,Matematicas,8,7.0,5.4,70.2,0,2,7,0.9,78.7,80.9,1,si,0.0,hombre,D
STU-03639,Matematicas,8,5.7,6.0,90.5,129,0,7,4.0,93.8,79.5,1,si,12.9,mujer,F
STU-03640,Economia,5,6.8,4.7,66.6,0,1,3,4.4,69.0,70.0,1,no,0.0,mujer,D
STU-03641,Estadistica,6,7.3,1.9,97.6,100,3,5,1.3,79.4,71.9,1,si,33.4,hombre,B
STU-03642,Ciencia de Datos,7,6.6,12.6,93.2,48,1,7,3.3,87.3,71.8,1,si,0.0,hombre,A
STU-03643,Economia,6,8.4,6.0,67.2,23,4,7,2.4,66.4,57.3,0,no,0.0,mujer,F
STU-03644,Ciencia de Datos,1,8.1,10.8,100.0,38,1,4,0.3,93.2,92.2,1,no,0.0,mujer,B
STU-03645,Matematicas,2,6.8,5.5,87.2,45,1,6,3.2,88.3,76.1,1,no,0.0,hombre,D
STU-03646,Estadistica,2,7.0,10.7,91.0,22,0,4,2.2,93.4,99.4,1,no,0.0,hombre,F
STU-03647,Ciencia de Datos,8,5.8,9.3,70.8,10,6,8,0.5,79.4,62.0,0,si,23.5,hombre,E
STU-03648,Ciencia de Datos,9,6.0,6.1,74.1,145,3,7,1.6,81.2,69.0,0,si,0.0,hombre,B
STU-03649,Economia,8,6.0,14.2,83.2,53,4,8,1.9,91.3,91.1,1,si,0.0,mujer,C
STU-03650,Estadistica,3,8.0,6.9,88.4,117,1,2,2.3,73.9,81.9,1,no,0.0,prefiere_no_decir,E
STU-03651,Estadistica,7,9.1,8.3,86.4,44,0,5,4.1,94.8,76.3,1,si,0.0,hombre,A
STU-03652,Ciencia de Datos,5,8.0,8.9,72.5,29,1,6,4.0,96.2,87.9,1,no,0.0,prefiere_no_decir,A
STU-03653,Economia,7,7.0,3.9,81.3,54,2,7,0.2,73.5,57.3,0,no,22.1,mujer,F
STU-03654,Estadistica,8,7.5,11.6,82.6,26,2,9,4.8,87.4,70.0,1,si,0.0,hombre,A
STU-03655,Matematicas,6,7.1,3.4,74.3,64,2,7,5.5,95.7,73.2,1,no,19.7,mujer,C
STU-03656,Matematicas,8,6.7,7.9,91.8,77,1,7,3.1,93.1,84.7,1,si,8.9,mujer,A
STU-03657,Actuaria,2,7.7,3.4,95.3,147,0,3,2.3,75.8,61.6,0,no,0.0,hombre,E
STU-03658,Matematicas,6,6.6,9.3,77.0,50,3,5,2.6,86.2,70.3,1,no,0.0,hombre,A
STU-03659,Ciencia de Datos,9,8.2,10.4,87.6,33,4,7,1.3,83.3,93.6,1,si,0.0,hombre,D
STU-03660,Actuaria,2,8.3,7.7,67.0,22,0,7,1.6,93.6,70.0,1,no,21.8,mujer,B
STU-03661,Estadistica,3,8.4,4.7,90.5,157,3,3,3.2,78.6,79.1,1,si,0.0,hombre,D
STU-03662,Matematicas,6,6.7,6.4,76.0,62,5,6,1.3,99.3,85.1,1,si,32.1,mujer,C
STU-03663,Economia,5,6.9,2.9,94.2,120,3,4,2.1,59.6,63.0,0,no,8.6,prefiere_no_decir,E
STU-03664,Estadistica,5,7.9,8.1,78.8,4,1,5,1.6,88.8,66.7,0,no,0.0,hombre,B
STU-03665,Estadistica,9,6.1,9.6,80.8,76,1,6,0.9,80.2,82.0,1,no,0.0,mujer,B
STU-03666,Estadistica,1,7.0,6.6,58.8,74,4,6,1.0,81.4,62.9,0,no,0.0,hombre,A
STU-03667,Ciencia de Datos,6,8.3,8.9,76.5,125,0,6,1.7,77.1,75.3,1,si,0.0,hombre,D
STU-03668,Estadistica,4,5.6,5.2,81.5,66,2,5,1.9,82.8,67.7,0,no,15.8,mujer,F
STU-03669,Estadistica,4,6.5,7.7,89.9,46,1,5,3.0,86.8,86.7,1,no,0.0,mujer,C
STU-03670,Estadistica,6,8.5,8.4,84.9,55,2,4,4.2,88.5,85.5,1,no,0.0,mujer,A
STU-03671,Economia,1,7.6,2.9,86.3,92,0,3,0.3,76.8,65.2,0,si,0.0,mujer,D
STU-03672,Estadistica,1,7.7,8.5,100.0,55,0,4,1.4,90.6,82.8,1,no,0.0,mujer,E
STU-03673,Matematicas,2,6.3,7.6,80.5,53,0,3,0.8,87.8,78.6,1,si,0.0,prefiere_no_decir,B
STU-03674,Estadistica,8,6.1,9.1,98.3,67,1,9,1.7,87.4,69.9,0,no,0.0,mujer,E
STU-03675,Economia,1,7.2,5.1,88.0,47,1,5,0.8,87.7,82.4,1,si,0.0,mujer,F
STU-03676,Actuaria,1,7.3,0.5,68.0,70,2,7,4.1,73.1,50.4,0,no,19.5,mujer,F
STU-03677,Estadistica,5,9.0,5.0,65.6,16,2,6,4.5,86.4,62.6,0,no,17.1,hombre,D
STU-03678,Matematicas,7,6.5,6.6,84.2,31,2,8,1.8,81.8,69.8,0,no,0.0,hombre,A
STU-03679,Matematicas,9,5.9,4.5,79.7,97,4,7,2.9,77.8,76.6,1,no,12.7,hombre,F
STU-03680,Actuaria,8,6.4,4.2,75.7,44,1,6,5.4,91.6,77.3,1,si,0.0,mujer,A
STU-03681,Matematicas,3,6.7,6.3,82.6,76,1,3,1.9,73.1,78.6,1,no,0.0,no_binario,D
STU-03682,Estadistica,7,7.2,7.0,79.7,37,1,6,1.1,81.9,88.7,1,no,12.0,no_binario,A
STU-03683,Estadistica,3,7.8,13.4,100.0,40,2,6,0.4,88.5,97.0,1,no,0.0,mujer,B
STU-03684,Economia,7,6.3,7.3,86.7,64,1,6,2.6,81.4,70.6,1,no,0.0,mujer,D
STU-03685,Matematicas,2,8.6,4.8,72.1,128,3,3,1.4,80.5,75.4,1,no,10.6,hombre,C
STU-03686,Economia,4,6.9,7.8,81.7,50,1,6,2.9,83.3,70.5,1,no,0.0,hombre,F
STU-03687,Ciencia de Datos,1,5.9,4.5,66.3,0,1,6,6.1,82.8,67.1,0,no,0.0,hombre,E
STU-03688,Economia,9,6.9,11.1,79.1,38,3,8,1.5,86.7,77.7,1,no,0.0,hombre,A
STU-03689,Actuaria,9,9.1,11.0,87.3,10,0,5,0.7,84.8,82.9,1,no,11.3,mujer,B
STU-03690,Estadistica,8,6.8,10.5,74.4,2,1,7,0.6,88.0,83.3,1,no,0.0,mujer,D
STU-03691,Estadistica,6,5.8,9.4,100.0,126,1,4,1.7,70.3,79.6,1,si,0.0,hombre,D
STU-03692,Estadistica,4,6.3,9.4,79.5,66,3,6,4.3,91.9,83.8,1,no,10.9,hombre,F
STU-03693,Economia,4,5.9,2.3,67.0,75,2,8,2.2,84.0,52.5,0,si,29.6,mujer,E
STU-03694,Economia,4,6.6,8.1,95.6,104,1,5,1.8,93.0,84.5,1,si,0.0,hombre,E
STU-03695,Ciencia de Datos,3,8.8,8.6,68.7,0,0,4,1.9,76.2,68.3,0,si,0.0,no_binario,B
STU-03696,Actuaria,1,5.8,2.2,67.9,0,3,7,2.5,82.0,49.5,0,no,14.3,hombre,A
STU-03697,Actuaria,5,7.1,8.1,96.8,27,2,5,0.2,80.6,74.7,1,no,15.8,mujer,D
STU-03698,Ciencia de Datos,9,7.5,9.3,92.8,81,2,5,3.1,77.3,77.1,1,no,0.0,hombre,F
STU-03699,Economia,8,5.3,7.5,64.1,4,2,7,3.7,71.4,64.0,0,no,14.9,mujer,F
STU-03700,Economia,1,7.1,4.0,80.1,139,1,4,3.0,69.5,64.1,0,no,14.1,hombre,F
STU-03701,Matematicas,9,7.4,9.9,76.3,71,1,9,5.6,91.5,77.2,1,si,0.0,hombre,C
STU-03702,Economia,6,7.5,10.5,77.7,91,2,7,1.9,95.9,92.8,1,no,0.0,hombre,F
STU-03703,Ciencia de Datos,6,7.5,8.5,80.3,9,2,7,5.0,72.3,68.9,0,si,0.0,no_binario,C
STU-03704,Estadistica,8,7.7,9.2,75.9,47,1,8,7.0,91.6,78.6,1,si,0.0,hombre,B
STU-03705,Estadistica,8,7.8,9.2,66.0,60,1,5,1.3,80.3,62.8,0,no,0.0,hombre,F
STU-03706,Estadistica,6,7.0,9.4,91.1,35,1,6,0.6,63.4,76.2,1,si,0.0,mujer,D
STU-03707,Ciencia de Datos,9,7.3,6.3,81.9,0,1,4,2.5,87.1,77.1,1,no,0.0,hombre,E
STU-03708,Matematicas,1,8.4,8.0,92.4,29,0,6,2.4,87.2,69.1,0,no,0.0,hombre,F
STU-03709,Actuaria,2,6.8,5.3,56.0,6,4,9,2.7,73.6,51.6,0,si,22.5,mujer,E
STU-03710,Economia,6,7.2,9.3,76.9,39,0,5,5.3,72.7,74.7,1,si,0.0,hombre,C
STU-03711,Estadistica,1,5.8,5.3,71.3,73,7,5,1.3,78.1,59.9,0,si,14.4,hombre,E
STU-03712,Estadistica,4,7.2,0.5,57.1,27,3,9,2.9,75.9,37.9,0,no,23.4,hombre,B
STU-03713,Ciencia de Datos,3,6.5,9.9,94.9,51,2,6,2.2,88.2,87.0,1,no,0.0,hombre,B
STU-03714,Estadistica,4,8.7,6.1,67.3,31,2,7,6.0,84.5,73.1,1,si,0.0,mujer,C
STU-03715,Estadistica,9,7.0,5.8,72.6,67,1,7,1.8,71.2,63.3,0,no,22.0,hombre,B
STU-03716,Estadistica,6,7.9,8.8,78.7,8,2,9,0.4,83.7,73.0,1,no,28.7,hombre,B
STU-03717,Estadistica,1,6.5,5.7,91.8,90,1,3,2.8,77.0,82.2,1,si,0.0,mujer,E
STU-03718,Actuaria,2,7.4,6.4,58.1,26,3,7,1.1,81.5,62.9,0,no,12.6,hombre,B
STU-03719,Ciencia de Datos,1,5.7,3.1,53.9,42,2,7,1.4,68.1,44.1,0,no,18.6,mujer,F
STU-03720,Matematicas,4,5.8,7.3,83.3,60,1,7,4.5,88.2,75.3,1,no,23.4,hombre,B
STU-03721,Matematicas,4,7.7,3.6,92.7,129,1,7,8.4,89.2,85.8,1,si,0.0,mujer,C
STU-03722,Actuaria,8,6.6,8.0,80.0,47,2,8,3.9,93.5,77.4,1,si,29.8,mujer,E
STU-03723,Estadistica,9,7.1,11.8,74.6,37,0,5,2.2,92.4,86.2,1,si,0.0,hombre,E
STU-03724,Matematicas,9,6.7,5.1,75.8,0,3,8,1.3,87.8,65.2,0,si,13.9,hombre,F
STU-03725,Actuaria,5,7.2,8.3,92.8,60,1,7,0.7,83.2,80.6,1,no,0.0,mujer,B
STU-03726,Economia,1,7.3,3.8,73.0,84,1,4,0.3,84.8,70.0,1,si,6.2,hombre,C
STU-03727,Matematicas,9,6.8,8.1,68.6,72,4,9,1.1,81.7,56.1,0,no,18.3,mujer,B
STU-03728,Estadistica,1,7.0,4.6,77.0,78,1,6,3.6,67.8,60.5,0,si,19.0,mujer,C
STU-03729,Actuaria,3,9.9,4.8,57.3,53,3,7,5.3,61.9,40.6,0,si,18.6,mujer,D
STU-03730,Matematicas,7,6.4,9.3,76.7,10,0,8,1.2,96.1,82.4,1,no,0.0,hombre,D
STU-03731,Actuaria,9,6.8,9.9,99.7,125,2,6,3.9,87.5,92.7,1,si,0.0,hombre,B
STU-03732,Ciencia de Datos,9,6.1,8.9,79.6,117,2,9,1.7,87.6,68.2,0,si,13.1,hombre,F
STU-03733,Actuaria,4,6.9,10.1,74.5,4,1,6,4.9,84.0,78.8,1,si,24.3,hombre,B
STU-03734,Economia,1,7.0,5.0,61.8,33,2,7,0.6,79.1,61.9,0,si,0.0,mujer,D
STU-03735,Ciencia de Datos,1,6.6,10.1,87.7,80,1,4,2.1,78.3,80.8,1,no,0.0,mujer,F
STU-03736,Economia,5,5.6,8.9,85.9,39,0,6,1.7,74.4,63.2,0,no,0.0,hombre,C
STU-03737,Economia,4,6.7,4.1,96.0,38,3,6,2.0,83.9,70.1,1,no,0.0,hombre,B
STU-03738,Economia,6,7.0,7.5,85.9,65,3,5,0.5,53.7,57.9,0,no,0.0,mujer,E
STU-03739,Matematicas,9,7.5,7.9,86.2,72,2,5,4.1,87.7,81.9,1,si,0.0,no_binario,B
STU-03740,Matematicas,4,6.9,9.0,86.5,62,2,4,1.5,82.0,76.2,1,no,0.0,hombre,B
STU-03741,Ciencia de Datos,3,6.1,3.5,83.2,40,1,7,4.0,78.3,76.4,1,no,0.0,mujer,C
STU-03742,Matematicas,1,7.0,7.6,99.6,60,1,4,3.5,91.2,80.3,1,no,0.0,hombre,B
STU-03743,Ciencia de Datos,4,7.9,5.5,66.4,23,0,5,4.4,85.1,75.5,1,no,0.0,hombre,D
STU-03744,Estadistica,7,6.5,6.5,72.3,50,0,7,1.7,85.4,63.1,0,no,25.8,mujer,B
STU-03745,Economia,9,8.5,6.5,80.4,58,0,6,0.6,77.7,63.8,0,no,0.0,hombre,F
STU-03746,Estadistica,3,7.1,2.3,85.5,126,0,4,3.7,73.3,67.7,0,si,0.0,mujer,F
STU-03747,Economia,3,7.7,7.9,82.6,71,1,5,2.2,81.2,77.6,1,no,0.0,mujer,D
STU-03748,Estadistica,8,5.8,11.9,87.6,25,2,7,1.9,91.7,90.1,1,si,12.7,mujer,A
STU-03749,Estadistica,7,7.7,7.4,79.8,91,1,6,0.7,82.5,74.3,1,si,9.2,hombre,A
STU-03750,Actuaria,6,5.3,2.6,80.0,74,3,7,2.8,80.4,61.9,0,si,29.7,hombre,E
STU-03751,Estadistica,5,7.4,4.4,66.7,37,0,3,1.3,84.9,70.0,1,no,17.6,mujer,B
STU-03752,Estadistica,2,6.6,8.2,74.8,42,2,7,4.2,77.0,70.5,1,no,0.0,hombre,B
STU-03753,Actuaria,1,7.8,2.4,54.0,31,1,6,1.8,77.6,66.9,0,si,18.7,hombre,F
STU-03754,Actuaria,1,8.0,1.3,68.1,73,2,6,3.2,76.3,57.4,0,si,24.1,mujer,B
STU-03755,Actuaria,4,7.9,6.9,93.0,68,1,4,3.9,90.2,89.6,1,si,0.0,hombre,B
STU-03756,Estadistica,4,8.7,8.5,64.6,12,1,7,3.0,95.6,78.9,1,no,0.0,hombre,E
STU-03757,Matematicas,2,8.4,7.6,75.4,18,2,4,0.7,79.0,76.9,1,si,0.0,mujer,A
STU-03758,Matematicas,5,5.0,9.5,87.6,44,5,10,3.2,74.3,54.6,0,si,30.7,mujer,C
STU-03759,Matematicas,7,6.6,11.1,90.7,55,1,7,3.1,96.9,92.2,1,no,16.3,mujer,B
STU-03760,Estadistica,7,7.9,11.3,78.4,61,0,5,2.2,99.2,96.8,1,si,0.0,hombre,F
STU-03761,Estadistica,7,7.4,6.3,100.0,171,1,5,3.1,70.3,75.8,1,no,0.0,hombre,F
STU-03762,Ciencia de Datos,7,6.3,5.6,68.2,36,0,4,0.6,75.5,81.6,1,si,0.0,mujer,F
STU-03763,Estadistica,6,6.2,7.2,93.9,113,2,4,1.3,89.1,91.4,1,si,0.0,mujer,D
STU-03764,Actuaria,3,6.0,4.6,54.3,0,3,7,4.5,82.0,64.3,0,no,0.0,mujer,E
STU-03765,Economia,1,6.6,0.5,59.0,16,3,5,2.4,82.5,46.6,0,no,24.8,hombre,D
STU-03766,Estadistica,9,7.9,9.1,74.4,87,2,7,3.2,86.1,76.4,1,no,0.0,mujer,D
STU-03767,Actuaria,1,8.0,5.9,100.0,122,2,1,1.3,85.1,78.4,1,no,0.0,mujer,D
STU-03768,Actuaria,8,7.6,5.2,66.1,76,0,6,3.6,93.8,77.9,1,no,24.9,mujer,E
STU-03769,Estadistica,2,7.1,5.2,80.1,3,2,6,0.5,75.6,80.9,1,si,17.6,mujer,D
STU-03770,Ciencia de Datos,6,8.0,7.4,57.5,12,1,8,2.2,77.2,58.8,0,si,8.1,hombre,E
STU-03771,Actuaria,5,7.4,7.9,84.2,41,0,6,4.6,53.5,58.6,0,si,21.6,prefiere_no_decir,A
STU-03772,Estadistica,4,7.3,8.2,82.4,77,1,6,2.0,76.5,88.8,1,no,0.0,hombre,E
STU-03773,Ciencia de Datos,4,7.4,3.9,68.4,45,1,6,6.5,75.7,72.0,1,no,0.0,hombre,E
STU-03774,Estadistica,9,6.3,10.7,96.4,67,2,6,0.9,83.8,93.2,1,si,0.0,mujer,B
STU-03775,Ciencia de Datos,6,5.8,7.2,69.4,33,1,8,2.4,82.6,57.0,0,si,17.2,mujer,B
STU-03776,Actuaria,4,7.1,9.1,100.0,142,2,7,3.8,65.9,77.0,1,no,10.4,hombre,A
STU-03777,Matematicas,7,6.8,10.6,90.6,7,0,5,0.5,77.6,78.0,1,no,0.0,no_binario,D
STU-03778,Economia,1,8.7,3.8,69.8,70,0,6,2.9,58.9,60.8,0,no,0.0,hombre,D
STU-03779,Economia,1,8.3,3.5,65.9,18,0,4,0.9,73.4,66.9,0,no,0.0,mujer,D
STU-03780,Economia,8,7.9,3.9,85.7,66,2,6,3.2,76.6,78.1,1,no,0.0,hombre,E
STU-03781,Estadistica,4,7.7,4.4,67.6,21,2,8,1.0,64.4,55.0,0,no,14.2,mujer,F
STU-03782,Ciencia de Datos,9,7.8,5.8,75.3,44,0,7,0.3,90.3,79.5,1,no,12.1,mujer,C
STU-03783,Estadistica,6,6.6,3.0,64.4,36,2,10,9.0,100.0,64.4,0,no,14.3,prefiere_no_decir,B
STU-03784,Actuaria,3,8.4,7.4,79.8,32,2,6,3.9,70.3,56.3,0,no,16.1,no_binario,A
STU-03785,Matematicas,4,7.3,8.6,100.0,26,3,3,0.4,76.9,75.4,1,si,0.0,hombre,E
STU-03786,Matematicas,6,6.0,4.8,76.1,50,1,7,4.8,69.2,66.5,0,si,0.0,hombre,F
STU-03787,Estadistica,5,6.1,11.8,85.5,76,0,3,0.8,95.6,94.7,1,si,0.0,mujer,E
STU-03788,Actuaria,7,6.6,9.4,87.9,82,1,4,1.1,68.5,83.1,1,no,0.0,mujer,C
STU-03789,Estadistica,7,6.6,7.3,78.7,17,4,8,5.3,88.5,70.4,1,no,0.0,mujer,E
STU-03790,Actuaria,7,7.4,9.0,82.7,91,3,7,2.5,87.9,87.1,1,no,0.0,hombre,E
STU-03791,Estadistica,4,8.5,5.9,83.0,127,0,5,2.7,68.5,67.4,0,no,0.0,hombre,F
STU-03792,Economia,1,5.5,1.8,81.7,41,0,6,2.7,78.0,64.8,0,no,0.0,mujer,F
STU-03793,Actuaria,5,7.4,8.2,77.7,83,2,4,4.9,82.8,93.1,1,si,0.0,hombre,E
STU-03794,Matematicas,5,5.8,1.9,60.1,49,2,8,2.4,74.6,36.3,0,si,9.1,mujer,B
STU-03795,Ciencia de Datos,6,7.0,14.1,93.4,59,3,6,0.9,93.2,82.0,1,no,24.3,hombre,C
STU-03796,Estadistica,8,8.7,7.8,71.0,31,0,3,1.6,94.3,82.0,1,si,0.0,mujer,A
STU-03797,Estadistica,8,7.9,9.0,68.9,19,2,3,1.1,78.4,78.0,1,no,0.0,hombre,A
STU-03798,Estadistica,7,7.5,9.4,87.4,85,1,7,1.7,85.0,100.0,1,si,0.0,mujer,C
STU-03799,Economia,7,8.1,11.2,86.5,16,2,7,2.8,94.9,92.8,1,si,0.0,hombre,F
STU-03800,Actuaria,9,6.1,6.0,71.8,36,1,5,4.5,82.6,78.3,1,no,0.0,mujer,A
STU-03801,Actuaria,7,8.4,7.8,80.5,22,4,7,1.6,86.1,71.8,1,no,22.6,hombre,A
STU-03802,Matematicas,2,6.6,6.0,66.9,0,3,5,2.5,84.7,68.5,0,si,15.4,mujer,F
STU-03803,Ciencia de Datos,3,7.9,7.9,83.9,51,1,7,1.4,61.0,69.8,0,no,21.0,hombre,C
STU-03804,Matematicas,6,5.7,0.5,54.0,37,2,7,3.4,76.8,46.0,0,si,26.6,mujer,D
STU-03805,Economia,5,9.1,10.0,100.0,67,3,4,2.3,90.3,87.6,1,no,12.9,hombre,D
STU-03806,Ciencia de Datos,9,7.6,6.4,81.4,74,2,8,2.3,75.8,64.4,0,no,0.0,mujer,F
STU-03807,Estadistica,7,8.2,7.7,97.9,114,1,6,3.2,83.3,90.1,1,si,0.0,hombre,D
STU-03808,Estadistica,8,8.3,6.7,72.2,23,1,8,3.8,81.9,67.2,0,no,0.0,hombre,A
STU-03809,Economia,6,5.9,5.8,67.9,56,2,6,3.3,87.5,59.3,0,si,21.5,hombre,A
STU-03810,Estadistica,2,6.6,4.8,87.8,115,3,4,2.3,70.0,58.4,0,no,15.4,hombre,F
STU-03811,Matematicas,5,6.2,12.8,75.0,29,2,7,2.0,92.2,91.5,1,no,0.0,mujer,E
STU-03812,Economia,5,7.3,8.9,85.9,30,2,4,4.7,77.8,89.7,1,no,0.0,hombre,D
STU-03813,Matematicas,4,6.8,7.8,86.0,59,0,6,0.7,84.5,86.9,1,no,0.0,hombre,E
STU-03814,Matematicas,5,6.7,5.0,84.1,140,3,7,3.9,56.2,55.3,0,no,16.9,hombre,B
STU-03815,Ciencia de Datos,2,7.3,9.5,94.3,51,2,4,2.4,87.1,81.9,1,no,14.1,hombre,B
STU-03816,Economia,1,7.0,4.4,80.7,32,0,6,3.3,85.2,60.7,0,no,0.0,mujer,B
STU-03817,Ciencia de Datos,5,6.5,1.2,68.7,109,3,9,9.0,86.9,59.1,0,si,28.0,hombre,B
STU-03818,Matematicas,3,7.8,5.0,86.0,31,2,8,4.4,75.3,42.3,0,si,0.0,no_binario,D
STU-03819,Estadistica,2,7.4,7.9,78.5,34,1,4,1.3,92.9,85.8,1,no,0.0,mujer,B
STU-03820,Matematicas,8,7.5,10.4,96.9,172,2,6,4.0,78.7,88.5,1,no,10.9,mujer,C
STU-03821,Economia,3,6.7,1.6,45.6,35,0,10,9.0,75.4,35.0,0,no,24.0,mujer,D
STU-03822,Estadistica,7,5.7,2.4,76.2,85,3,8,4.1,96.5,54.9,0,no,30.1,hombre,D
STU-03823,Estadistica,1,7.6,2.9,83.6,81,2,4,0.7,80.8,66.3,0,no,0.0,hombre,A
STU-03824,Ciencia de Datos,4,8.3,3.3,68.1,32,0,6,1.0,86.6,71.5,1,no,0.0,hombre,E
STU-03825,Actuaria,7,6.6,5.7,72.8,25,3,9,1.5,79.1,44.6,0,no,22.0,mujer,B
STU-03826,Actuaria,3,4.0,3.9,64.9,59,1,7,0.8,67.4,35.0,0,si,37.5,mujer,D
STU-03827,Economia,3,5.6,2.3,78.9,70,1,6,0.8,58.0,56.8,0,no,7.2,mujer,A
STU-03828,Matematicas,3,7.0,1.8,65.7,3,1,9,3.6,76.6,55.4,0,si,27.0,mujer,F
STU-03829,Estadistica,9,7.0,7.2,60.9,28,1,8,3.9,74.5,68.8,0,no,25.6,hombre,B
STU-03830,Actuaria,3,7.0,7.6,82.1,71,0,4,2.4,85.0,72.1,1,no,0.0,mujer,E
STU-03831,Ciencia de Datos,3,7.1,5.5,71.1,39,2,5,5.5,79.9,79.4,1,no,11.3,mujer,D
STU-03832,Estadistica,9,6.9,14.8,100.0,161,1,5,0.8,94.3,80.5,1,no,2.7,mujer,A
STU-03833,Economia,7,6.4,4.1,56.7,21,1,10,9.0,80.2,51.1,0,no,9.4,no_binario,D
STU-03834,Estadistica,1,8.0,7.1,100.0,118,3,4,2.2,83.4,96.4,1,no,0.0,mujer,B
STU-03835,Estadistica,3,7.3,5.0,65.8,34,0,6,3.1,75.0,63.6,0,no,0.0,mujer,A
STU-03836,Estadistica,4,7.1,7.4,64.3,64,5,9,1.6,78.6,59.9,0,no,24.4,mujer,B
STU-03837,Economia,9,6.1,11.3,100.0,35,0,7,4.4,94.3,94.3,1,no,0.0,hombre,D
STU-03838,Matematicas,5,6.9,4.4,67.3,45,0,7,2.6,80.9,66.6,0,no,28.1,mujer,C
STU-03839,Actuaria,8,6.9,5.9,79.2,53,0,5,1.3,79.1,67.0,0,si,15.0,hombre,A
STU-03840,Estadistica,4,7.5,9.3,76.1,4,1,6,0.6,93.9,99.2,1,si,0.0,mujer,F
STU-03841,Actuaria,4,5.3,3.2,82.6,77,3,8,5.3,73.2,43.5,0,no,18.2,hombre,E
STU-03842,Actuaria,9,5.9,11.2,84.4,18,2,6,2.7,85.4,80.2,1,si,0.0,hombre,B
STU-03843,Ciencia de Datos,8,8.6,10.5,90.3,13,2,6,4.3,91.4,82.4,1,no,0.0,mujer,B
STU-03844,Ciencia de Datos,3,8.2,5.4,80.0,0,0,8,1.0,79.1,63.3,0,si,16.5,hombre,F
STU-03845,Estadistica,6,7.6,9.9,89.3,35,2,6,1.2,86.5,82.4,1,no,3.4,mujer,B
STU-03846,Estadistica,3,6.2,7.2,67.6,72,2,7,1.4,87.8,59.7,0,si,12.5,mujer,B
STU-03847,Economia,2,8.5,6.2,67.4,0,4,7,1.1,76.7,64.6,0,si,0.0,mujer,C
STU-03848,Economia,7,5.8,5.6,80.6,72,4,8,0.9,75.4,53.5,0,no,31.5,no_binario,A
STU-03849,Ciencia de Datos,3,6.9,5.3,82.6,29,2,5,3.3,67.3,69.1,0,no,10.7,mujer,A
STU-03850,Matematicas,3,7.2,6.7,88.6,71,0,5,3.6,74.5,64.1,0,no,0.0,mujer,A
STU-03851,Estadistica,4,7.4,9.1,94.1,53,2,5,2.6,72.5,79.3,1,no,0.0,hombre,D
STU-03852,Economia,3,8.7,10.0,100.0,71,0,6,2.3,84.3,75.9,1,no,0.0,hombre,A
STU-03853,Matematicas,8,7.5,6.0,69.4,9,1,7,2.4,78.4,61.0,0,si,0.0,mujer,F
STU-03854,Economia,6,6.2,7.1,100.0,40,1,5,1.6,85.9,86.9,1,no,9.3,hombre,F
STU-03855,Actuaria,9,4.7,6.1,67.6,14,2,7,4.5,86.5,61.9,0,no,19.4,hombre,D
STU-03856,Matematicas,4,5.7,5.5,72.3,49,2,6,1.3,89.4,60.8,0,no,18.6,mujer,C
STU-03857,Matematicas,8,8.5,7.8,78.4,65,0,7,1.9,87.7,81.7,1,si,0.0,hombre,D
STU-03858,Estadistica,3,7.3,9.9,86.4,45,1,5,1.1,69.6,82.0,1,si,0.0,mujer,B
STU-03859,Estadistica,5,8.0,5.3,93.7,26,4,5,0.7,73.5,87.5,1,no,0.0,mujer,E
STU-03860,Matematicas,2,6.3,6.1,76.9,74,2,6,9.0,77.6,67.6,0,no,17.7,prefiere_no_decir,A
STU-03861,Estadistica,9,5.5,3.9,61.5,26,3,9,1.6,75.0,40.5,0,si,26.1,mujer,D
STU-03862,Estadistica,8,6.2,7.2,67.4,16,0,7,2.4,94.7,68.7,0,si,22.9,mujer,A
STU-03863,Economia,5,9.4,13.3,100.0,184,0,2,1.8,92.1,89.0,1,no,0.0,hombre,C
STU-03864,Economia,8,7.0,8.3,88.2,54,2,7,2.5,99.5,86.9,1,si,0.0,hombre,D
STU-03865,Matematicas,7,8.4,5.1,78.4,24,2,5,1.0,62.2,55.3,0,no,12.5,hombre,E
STU-03866,Estadistica,9,7.0,9.9,73.3,50,1,7,1.4,88.3,89.0,1,si,10.1,mujer,C
STU-03867,Actuaria,9,8.0,10.3,80.6,20,2,5,2.6,93.6,81.5,1,no,0.0,hombre,A
STU-03868,Ciencia de Datos,4,6.8,10.7,88.2,11,4,5,1.3,100.0,100.0,1,si,12.0,mujer,C
STU-03869,Matematicas,6,7.9,4.7,77.3,12,2,5,2.5,97.4,68.4,0,no,0.0,mujer,B
STU-03870,Actuaria,1,8.0,8.7,89.0,67,1,3,1.0,73.0,58.5,0,no,0.0,mujer,A
STU-03871,Estadistica,6,5.8,6.1,84.6,107,0,8,2.6,73.3,66.6,0,no,19.6,hombre,E
STU-03872,Matematicas,7,6.2,10.1,77.2,46,6,8,1.5,61.8,65.5,0,si,0.0,hombre,E
STU-03873,Actuaria,2,6.6,4.6,62.6,12,1,7,3.2,88.3,62.9,0,no,26.8,mujer,A
STU-03874,Estadistica,5,7.1,7.5,94.0,77,2,8,5.8,78.0,75.8,1,no,0.0,mujer,B
STU-03875,Estadistica,1,8.0,4.7,84.1,93,0,3,4.5,79.3,72.1,1,si,0.0,prefiere_no_decir,F
STU-03876,Ciencia de Datos,4,5.6,5.4,95.4,29,5,6,3.6,86.0,69.2,0,no,16.7,prefiere_no_decir,A
STU-03877,Ciencia de Datos,9,6.7,12.9,88.1,26,1,6,3.9,81.9,96.3,1,si,7.0,hombre,E
STU-03878,Ciencia de Datos,4,8.2,5.4,83.5,15,0,4,0.8,72.7,62.8,0,no,0.0,mujer,A
STU-03879,Estadistica,1,7.3,3.5,80.3,75,1,5,3.6,71.5,64.5,0,si,0.0,mujer,D
STU-03880,Ciencia de Datos,8,8.2,9.2,74.4,67,4,7,1.1,94.0,85.6,1,no,0.0,mujer,D
STU-03881,Actuaria,7,7.8,10.8,94.9,65,0,6,6.2,90.6,82.4,1,si,0.0,mujer,A
STU-03882,Ciencia de Datos,6,8.0,9.8,100.0,204,2,7,5.0,78.2,84.0,1,no,0.0,hombre,C
STU-03883,Ciencia de Datos,9,6.4,7.3,80.9,20,3,6,1.6,76.1,65.4,0,no,23.8,mujer,A
STU-03884,Estadistica,5,7.5,6.6,65.1,0,0,8,2.3,66.0,60.1,0,no,10.6,mujer,A
STU-03885,Estadistica,3,6.3,7.7,95.8,109,1,5,1.9,90.6,81.8,1,no,0.0,mujer,D
STU-03886,Actuaria,4,6.6,6.5,89.4,19,3,9,1.9,87.1,70.3,1,no,13.4,hombre,B
STU-03887,Estadistica,9,6.2,10.3,74.1,42,3,9,2.6,92.4,69.1,0,no,15.7,mujer,A
STU-03888,Economia,6,6.8,4.8,79.3,107,2,7,5.5,96.6,72.4,1,si,19.0,mujer,F
STU-03889,Economia,8,8.4,8.4,91.9,95,0,7,2.0,81.6,73.2,1,si,0.0,hombre,A
STU-03890,Matematicas,6,6.0,9.1,99.5,157,1,5,1.0,84.8,73.1,1,no,0.0,hombre,C
STU-03891,Estadistica,2,6.2,5.5,79.1,116,2,6,1.0,79.4,75.5,1,si,16.4,mujer,F
STU-03892,Ciencia de Datos,1,9.0,10.9,83.3,26,2,4,4.1,87.7,78.1,1,si,0.0,mujer,C
STU-03893,Ciencia de Datos,1,7.9,6.0,72.6,77,1,6,3.5,78.1,54.3,0,no,0.0,mujer,B
STU-03894,Estadistica,3,8.9,6.8,100.0,173,0,1,1.3,92.5,87.3,1,no,0.0,hombre,D
STU-03895,Ciencia de Datos,6,6.5,9.0,75.6,59,1,7,0.7,74.2,74.1,1,no,0.0,hombre,E
STU-03896,Matematicas,7,7.2,11.7,78.6,40,1,3,1.4,58.2,79.5,1,si,0.0,mujer,C
STU-03897,Ciencia de Datos,2,7.9,3.5,71.3,109,1,5,1.1,74.5,57.3,0,no,17.0,mujer,C
STU-03898,Estadistica,4,7.3,6.2,76.9,105,1,5,6.5,88.1,77.4,1,si,18.4,hombre,C
STU-03899,Estadistica,2,5.9,4.4,72.4,130,4,10,6.4,85.4,44.6,0,no,13.3,no_binario,B
STU-03900,Actuaria,3,7.4,4.2,54.9,67,2,6,2.2,100.0,76.4,1,no,17.8,hombre,D
STU-03901,Ciencia de Datos,7,6.2,7.2,71.3,57,4,7,3.6,87.2,62.4,0,no,13.8,mujer,F
STU-03902,Economia,8,6.7,9.1,76.7,65,2,6,3.5,91.4,75.4,1,si,17.3,hombre,A
STU-03903,Actuaria,2,6.5,8.7,83.8,67,0,3,1.5,74.1,81.7,1,no,0.0,hombre,E
STU-03904,Economia,8,5.9,11.0,74.7,51,2,7,1.2,86.4,86.0,1,no,15.8,hombre,F
STU-03905,Ciencia de Datos,8,7.8,8.0,84.5,63,1,8,5.4,86.0,80.9,1,si,0.0,hombre,E
STU-03906,Estadistica,4,7.6,8.7,85.2,4,2,6,0.8,97.2,85.1,1,no,0.0,hombre,A
STU-03907,Economia,6,5.6,4.2,61.6,48,0,6,3.7,89.0,71.3,1,no,0.0,mujer,A
STU-03908,Actuaria,2,7.6,6.6,72.0,62,5,8,5.7,100.0,73.5,1,si,0.0,mujer,F
STU-03909,Economia,1,8.1,5.4,93.9,48,1,7,0.3,88.6,67.3,0,no,13.3,hombre,C
STU-03910,Matematicas,1,6.0,6.5,80.0,29,1,7,4.7,70.0,65.8,0,no,4.6,mujer,A
STU-03911,Actuaria,8,5.9,8.5,85.5,20,4,7,0.8,97.6,88.8,1,no,0.0,hombre,B
STU-03912,Actuaria,1,8.0,7.5,64.5,37,1,5,1.5,79.8,61.6,0,si,9.0,hombre,B
STU-03913,Ciencia de Datos,3,5.2,4.1,76.2,45,3,7,2.1,85.1,42.7,0,si,26.6,mujer,A
STU-03914,Estadistica,2,6.8,9.4,100.0,95,0,2,0.9,79.9,83.1,1,si,0.0,hombre,E
STU-03915,Matematicas,3,8.0,5.4,80.6,28,2,6,1.8,72.1,62.7,0,si,17.8,hombre,A
STU-03916,Ciencia de Datos,4,9.0,6.2,70.6,43,1,7,1.4,94.9,70.3,1,si,0.0,hombre,A
STU-03917,Matematicas,3,8.3,7.4,90.7,68,2,4,2.2,70.2,69.8,0,no,0.0,hombre,A
STU-03918,Estadistica,4,6.9,3.3,60.0,78,2,7,5.7,86.0,59.1,0,no,20.2,mujer,D
STU-03919,Estadistica,2,6.6,6.2,79.2,87,1,4,2.7,76.8,73.7,1,si,0.0,mujer,E
STU-03920,Economia,9,6.2,8.7,75.0,30,0,8,3.0,84.4,62.9,0,no,27.4,mujer,B
STU-03921,Matematicas,6,7.1,6.4,78.5,56,0,4,1.1,73.4,69.2,0,si,15.5,hombre,E
STU-03922,Economia,1,7.7,0.5,74.5,66,1,7,1.1,85.0,65.4,0,no,22.6,mujer,D
STU-03923,Estadistica,8,7.3,9.9,93.9,45,3,6,4.9,91.8,96.4,1,no,0.0,hombre,E
STU-03924,Economia,4,7.0,7.7,66.3,34,1,5,0.9,80.9,68.1,0,si,0.0,hombre,C
STU-03925,Estadistica,2,7.9,2.1,85.5,106,0,5,4.0,72.7,63.5,0,si,10.6,hombre,A
STU-03926,Matematicas,1,8.2,6.9,89.1,72,0,3,4.4,88.2,87.9,1,no,0.0,mujer,B
STU-03927,Estadistica,7,7.6,6.3,79.7,78,1,8,3.5,91.1,62.1,0,no,24.2,mujer,A
STU-03928,Ciencia de Datos,8,6.7,9.3,84.7,14,2,8,8.6,94.5,87.2,1,no,10.1,hombre,B
STU-03929,Actuaria,3,7.6,7.5,88.7,51,1,7,1.9,68.4,78.2,1,si,8.0,mujer,C
STU-03930,Estadistica,9,8.0,6.0,68.7,57,3,8,1.1,87.8,61.6,0,no,34.8,mujer,D
STU-03931,Estadistica,8,7.7,10.9,96.4,41,4,6,0.8,64.5,82.4,1,no,0.0,mujer,D
STU-03932,Estadistica,3,6.9,10.4,98.5,60,2,4,0.8,78.4,88.2,1,si,0.0,mujer,C
STU-03933,Ciencia de Datos,3,6.7,5.1,71.0,102,0,6,1.5,96.2,74.7,1,si,16.8,mujer,E
STU-03934,Economia,6,7.5,3.0,73.6,84,0,5,4.7,74.5,61.3,0,no,0.0,hombre,D
STU-03935,Matematicas,6,7.3,5.6,77.4,55,2,5,2.6,65.5,61.6,0,si,0.0,hombre,B
STU-03936,Ciencia de Datos,1,7.2,6.2,100.0,100,2,5,3.7,79.4,73.5,1,no,0.0,hombre,D
STU-03937,Actuaria,5,6.8,5.0,60.5,42,2,10,3.0,77.1,47.8,0,no,24.3,mujer,B
STU-03938,Economia,9,7.6,10.8,99.6,139,0,6,2.1,74.8,77.1,1,no,0.0,hombre,A
STU-03939,Estadistica,1,9.7,8.7,82.7,76,0,4,2.6,88.5,73.2,1,si,0.0,mujer,E
STU-03940,Matematicas,5,6.5,8.8,67.4,66,3,6,1.1,91.7,64.1,0,no,22.4,mujer,D
STU-03941,Economia,5,6.7,7.3,85.1,98,4,6,2.3,78.0,70.9,1,no,0.0,mujer,A
STU-03942,Estadistica,7,8.2,5.8,81.5,7,2,5,2.7,77.7,73.0,1,no,0.0,no_binario,D
STU-03943,Matematicas,5,7.4,4.3,87.3,73,3,2,3.0,67.4,65.0,0,si,3.8,hombre,A
STU-03944,Actuaria,5,5.5,4.2,73.3,0,4,7,5.1,78.4,66.3,0,si,12.6,mujer,E
STU-03945,Estadistica,4,7.3,0.5,58.7,128,2,6,0.9,82.7,57.0,0,no,27.9,mujer,E
STU-03946,Economia,3,6.6,6.5,75.7,31,3,7,1.9,90.0,62.5,0,si,26.9,mujer,C
STU-03947,Ciencia de Datos,1,8.5,0.5,59.9,70,3,6,4.6,63.7,51.4,0,si,0.0,hombre,F
STU-03948,Ciencia de Datos,7,7.3,10.8,76.5,111,2,7,6.7,97.4,87.2,1,no,0.0,mujer,B
STU-03949,Estadistica,5,6.2,9.7,81.8,60,3,6,3.0,79.6,81.2,1,no,0.0,no_binario,E
STU-03950,Economia,1,6.2,9.1,99.9,59,0,3,0.2,100.0,81.8,1,no,0.0,mujer,A
STU-03951,Economia,2,8.0,3.7,88.0,91,2,4,6.3,83.2,78.4,1,no,16.9,hombre,C
STU-03952,Estadistica,4,7.9,3.4,100.0,188,1,4,6.3,61.2,75.5,1,si,0.0,hombre,A
STU-03953,Actuaria,7,7.2,15.1,94.6,126,1,6,1.1,77.3,98.2,1,si,0.0,mujer,E
STU-03954,Ciencia de Datos,7,6.7,3.0,82.5,94,1,6,2.2,61.7,44.7,0,no,20.2,mujer,E
STU-03955,Ciencia de Datos,6,5.4,4.1,69.4,35,2,10,8.0,72.3,43.4,0,si,27.6,mujer,E
STU-03956,Matematicas,9,6.2,7.1,100.0,146,2,5,1.4,76.8,66.6,0,no,14.1,mujer,F
STU-03957,Matematicas,8,7.2,9.7,99.3,94,3,6,0.7,80.6,88.0,1,si,18.9,mujer,B
STU-03958,Actuaria,8,6.4,9.8,96.4,74,3,9,8.7,78.1,70.8,1,no,0.0,mujer,A
STU-03959,Matematicas,4,6.3,6.7,74.5,32,3,8,0.8,83.8,65.0,0,no,15.8,hombre,C
STU-03960,Ciencia de Datos,1,7.8,3.4,87.5,95,0,3,2.8,78.1,72.9,1,no,0.0,mujer,A
STU-03961,Estadistica,7,6.8,7.9,87.7,26,2,7,1.0,89.0,77.9,1,no,10.2,mujer,B
STU-03962,Matematicas,8,6.7,11.6,69.9,40,2,5,2.6,98.8,91.5,1,no,0.0,hombre,E
STU-03963,Ciencia de Datos,6,7.7,1.9,72.6,59,3,4,2.7,85.2,64.8,0,no,11.9,mujer,C
STU-03964,Estadistica,6,5.5,8.7,73.3,38,3,7,0.6,81.0,73.7,1,no,0.0,hombre,E
STU-03965,Estadistica,1,8.0,6.5,75.0,15,1,6,2.5,87.5,68.5,0,si,0.0,mujer,F
STU-03966,Matematicas,1,7.1,1.4,69.6,89,0,6,1.1,83.4,58.2,0,si,12.9,hombre,A
STU-03967,Ciencia de Datos,4,6.2,5.7,71.8,10,0,5,1.8,84.3,68.5,0,si,0.0,mujer,E
STU-03968,Estadistica,8,6.2,5.4,82.4,119,2,5,1.3,73.8,63.1,0,si,0.0,mujer,F
STU-03969,Matematicas,4,5.8,6.2,85.5,29,2,5,2.3,76.4,67.3,0,no,8.3,hombre,A
STU-03970,Estadistica,9,6.8,9.9,100.0,91,3,7,1.0,85.4,100.0,1,no,0.0,hombre,E
STU-03971,Matematicas,1,7.6,2.7,64.8,55,1,7,4.3,91.4,63.1,0,si,12.4,hombre,C
STU-03972,Estadistica,1,6.6,4.8,76.3,90,1,3,2.6,78.1,65.7,0,no,24.8,mujer,F
STU-03973,Estadistica,9,7.1,11.3,95.9,63,0,6,3.6,89.7,100.0,1,no,0.0,hombre,A
STU-03974,Estadistica,3,8.0,5.1,91.8,150,4,4,1.7,74.0,79.2,1,si,0.0,hombre,F
STU-03975,Ciencia de Datos,9,7.5,12.1,74.3,27,1,6,0.4,97.9,100.0,1,no,16.0,hombre,A
STU-03976,Matematicas,5,7.2,5.8,69.8,70,0,6,2.2,82.7,63.5,0,no,0.0,hombre,A
STU-03977,Estadistica,9,7.7,9.1,98.7,51,0,8,4.0,94.6,89.7,1,no,0.0,hombre,E
STU-03978,Economia,1,6.6,3.1,65.7,22,1,7,3.0,89.0,51.4,0,si,25.8,hombre,C
STU-03979,Actuaria,9,6.2,10.6,71.9,0,1,8,1.4,86.0,75.5,1,no,21.7,mujer,E
STU-03980,Estadistica,7,5.7,10.3,78.9,59,1,5,1.0,88.4,75.4,1,no,0.0,hombre,A
STU-03981,Actuaria,3,8.6,8.0,90.4,34,1,3,0.4,75.7,69.9,0,si,0.0,mujer,D
STU-03982,Matematicas,2,7.2,1.2,76.5,83,1,4,1.5,73.0,51.4,0,si,13.4,prefiere_no_decir,B
STU-03983,Actuaria,7,7.5,6.3,67.3,12,0,4,0.7,85.5,80.0,1,no,7.3,hombre,D
STU-03984,Matematicas,1,6.0,3.2,86.2,52,5,5,2.7,63.8,59.3,0,si,22.1,mujer,B
STU-03985,Matematicas,4,6.2,4.9,82.6,60,2,5,1.4,71.2,60.1,0,no,20.6,hombre,E
STU-03986,Estadistica,8,8.0,9.8,96.2,59,0,6,1.8,80.5,78.1,1,no,0.0,mujer,F
STU-03987,Ciencia de Datos,1,7.2,8.1,93.5,101,0,3,0.5,86.8,87.3,1,si,0.0,hombre,A
STU-03988,Actuaria,6,7.5,8.0,68.1,30,0,6,3.6,59.0,62.1,0,si,0.0,hombre,C
STU-03989,Ciencia de Datos,4,6.2,11.2,99.1,38,2,5,0.9,74.7,78.4,1,no,0.0,mujer,D
STU-03990,Estadistica,9,8.2,11.2,89.4,84,2,5,1.5,86.4,92.6,1,no,0.0,mujer,F
STU-03991,Actuaria,7,7.9,6.3,95.9,181,1,4,4.1,75.1,79.9,1,si,0.0,hombre,B
STU-03992,Economia,6,7.9,9.0,79.5,9,2,6,3.7,81.2,73.4,1,si,0.0,mujer,E
STU-03993,Estadistica,2,9.3,6.2,81.8,138,0,2,1.5,73.1,67.4,0,si,0.0,mujer,A
STU-03994,Matematicas,3,7.4,3.1,74.4,60,6,9,2.7,78.9,53.7,0,si,21.2,mujer,E
STU-03995,Estadistica,2,6.6,5.9,66.7,84,0,6,3.3,84.0,66.5,0,si,0.0,prefiere_no_decir,F
STU-03996,Economia,1,7.0,5.5,94.7,75,1,5,1.4,93.0,78.8,1,si,0.0,mujer,C
STU-03997,Estadistica,9,7.7,10.9,91.9,108,2,4,1.2,84.3,100.0,1,no,0.0,mujer,B
STU-03998,Actuaria,9,7.2,5.5,87.2,120,2,6,0.6,92.9,65.0,0,no,21.1,prefiere_no_decir,D
STU-03999,Ciencia de Datos,2,7.0,0.5,64.3,73,0,8,3.7,64.8,51.6,0,no,17.9,hombre,A
STU-04000,Actuaria,1,5.4,4.9,79.8,72,1,4,0.6,80.5,63.4,0,no,0.0,hombre,E
STU-04001,Economia,8,6.0,5.2,58.3,13,1,7,3.5,78.7,61.0,0,no,20.1,mujer,D
STU-04002,Ciencia de Datos,1,8.2,7.8,90.0,60,1,3,2.3,75.7,76.9,1,si,0.0,hombre,E
STU-04003,Economia,6,6.4,9.2,70.0,23,3,6,1.5,84.7,73.8,1,si,0.0,hombre,B
STU-04004,Economia,8,5.7,1.0,79.2,111,2,10,4.8,85.1,52.4,0,si,35.5,prefiere_no_decir,E
STU-04005,Estadistica,4,7.8,8.1,70.7,41,3,5,0.1,79.7,73.4,1,no,0.0,mujer,E
STU-04006,Economia,2,6.7,7.0,75.1,87,1,2,0.5,79.0,81.3,1,si,0.0,hombre,F
STU-04007,Matematicas,1,7.5,1.6,63.3,18,2,5,1.0,79.1,48.2,0,no,21.0,mujer,C
STU-04008,Ciencia de Datos,9,6.1,10.5,94.2,44,1,7,1.3,88.6,93.9,1,si,0.0,no_binario,D
STU-04009,Estadistica,5,8.3,6.7,87.9,55,1,5,0.1,73.3,74.1,1,no,0.0,mujer,D
STU-04010,Matematicas,6,7.3,6.0,71.0,28,0,7,5.2,78.9,62.0,0,si,27.8,hombre,A
STU-04011,Estadistica,8,7.0,5.6,68.6,77,3,7,2.5,75.0,62.4,0,si,23.5,hombre,E
STU-04012,Actuaria,3,7.7,6.8,94.1,81,5,5,0.9,96.4,84.5,1,si,7.1,mujer,F
STU-04013,Economia,9,8.1,7.9,89.9,34,0,7,1.8,85.9,76.1,1,no,0.0,mujer,C
STU-04014,Ciencia de Datos,5,6.4,6.5,65.1,21,2,6,3.5,66.4,59.6,0,no,0.0,mujer,F
STU-04015,Actuaria,2,7.3,3.0,73.0,15,0,3,0.8,81.1,89.6,1,no,0.0,hombre,D
STU-04016,Estadistica,8,6.5,10.4,78.2,53,1,5,0.6,90.2,88.9,1,no,20.7,mujer,F
STU-04017,Ciencia de Datos,6,7.0,9.9,83.7,68,1,6,1.4,76.9,82.7,1,si,0.0,hombre,C
STU-04018,Economia,3,6.7,7.5,89.4,34,3,4,1.5,97.6,100.0,1,si,14.6,mujer,B
STU-04019,Actuaria,5,7.6,1.0,77.9,108,1,5,4.2,85.9,58.1,0,no,25.9,hombre,D
STU-04020,Estadistica,4,5.4,7.1,95.2,115,1,2,0.5,100.0,90.8,1,si,0.0,no_binario,F
STU-04021,Ciencia de Datos,6,7.1,11.2,100.0,19,1,5,2.0,89.8,100.0,1,no,0.0,mujer,C
STU-04022,Estadistica,8,6.8,9.1,83.8,101,1,5,5.7,94.7,97.4,1,no,0.0,hombre,C
STU-04023,Estadistica,2,8.6,5.4,79.3,34,0,5,1.8,86.5,69.4,0,no,4.3,mujer,F
STU-04024,Economia,2,6.7,2.5,77.8,53,2,7,1.5,76.2,70.1,1,no,24.2,hombre,F
STU-04025,Estadistica,8,7.5,11.1,86.4,18,3,8,2.7,83.8,81.2,1,no,10.9,hombre,A
STU-04026,Actuaria,8,5.8,5.7,77.8,63,1,7,1.6,71.2,67.2,0,no,23.4,mujer,F
STU-04027,Estadistica,9,5.9,13.7,92.6,126,2,5,0.5,85.8,93.1,1,si,0.0,prefiere_no_decir,A
STU-04028,Ciencia de Datos,4,6.3,5.9,77.9,92,1,4,0.8,87.3,81.1,1,no,0.0,mujer,D
STU-04029,Estadistica,8,6.3,9.3,62.9,22,1,6,0.5,84.9,72.6,1,no,26.3,mujer,B
STU-04030,Actuaria,8,9.0,9.0,59.6,49,2,7,7.2,77.1,63.3,0,no,0.0,mujer,F
STU-04031,Economia,4,7.3,8.0,85.7,59,0,6,1.2,80.5,82.9,1,no,0.0,prefiere_no_decir,A
STU-04032,Estadistica,2,7.9,7.3,86.0,77,1,6,4.2,96.9,88.5,1,no,0.0,mujer,A
STU-04033,Economia,6,6.9,5.5,68.5,77,4,6,2.2,100.0,83.9,1,si,28.9,hombre,E
STU-04034,Actuaria,8,6.0,9.0,74.9,93,1,7,1.1,92.5,81.6,1,si,13.8,hombre,E
STU-04035,Actuaria,3,7.6,8.3,79.3,58,0,4,2.1,90.4,75.8,1,si,0.0,mujer,A
STU-04036,Estadistica,6,7.1,6.7,95.9,63,3,6,4.3,81.7,85.6,1,si,0.0,no_binario,F
STU-04037,Estadistica,6,6.5,5.4,73.9,62,4,6,3.6,75.1,66.9,0,si,0.0,mujer,E
STU-04038,Estadistica,3,7.0,5.8,67.6,101,1,3,2.5,68.7,60.1,0,no,0.0,mujer,B
STU-04039,Estadistica,4,7.0,6.4,67.8,27,2,8,4.9,77.5,66.1,0,no,0.0,hombre,B
STU-04040,Estadistica,1,5.3,5.0,95.6,162,1,4,1.5,95.8,69.7,0,no,25.3,hombre,E
STU-04041,Estadistica,6,7.2,7.7,90.9,39,0,5,0.8,77.4,78.0,1,no,0.0,mujer,B
STU-04042,Economia,9,5.1,5.9,74.3,27,1,9,2.8,93.2,51.8,0,si,19.0,hombre,A
STU-04043,Economia,4,7.4,2.5,71.7,54,3,6,6.2,71.9,51.6,0,no,18.5,hombre,D
STU-04044,Actuaria,1,6.6,6.6,64.9,38,1,6,1.3,60.1,67.1,0,no,0.0,mujer,E
STU-04045,Estadistica,8,6.2,8.9,85.6,108,0,6,5.2,100.0,81.6,1,no,0.0,mujer,B
STU-04046,Estadistica,1,5.6,4.3,56.7,48,3,5,4.5,78.3,54.9,0,no,23.4,hombre,A
STU-04047,Estadistica,9,5.4,11.7,83.1,91,5,6,1.7,80.8,93.6,1,no,0.0,hombre,C
STU-04048,Actuaria,5,6.9,3.0,67.9,51,2,8,0.3,75.6,47.1,0,no,26.7,prefiere_no_decir,B
STU-04049,Estadistica,7,6.4,9.8,83.1,39,0,6,2.2,83.1,88.7,1,no,17.3,hombre,C
STU-04050,Economia,8,7.2,8.6,96.3,64,1,7,3.4,86.9,83.6,1,si,0.0,mujer,F
STU-04051,Estadistica,1,7.0,8.3,87.6,138,2,5,3.0,76.4,91.8,1,si,0.0,mujer,C
STU-04052,Matematicas,8,7.1,2.9,74.1,54,4,7,1.4,86.5,52.9,0,si,22.0,mujer,C
STU-04053,Economia,3,8.3,6.8,67.3,36,0,5,1.6,77.8,71.3,1,si,0.0,mujer,E
STU-04054,Actuaria,2,7.9,6.7,68.5,23,3,6,4.1,89.4,75.0,1,si,0.0,hombre,D
STU-04055,Economia,1,7.2,4.6,80.0,89,2,2,2.9,91.3,76.7,1,no,0.0,mujer,D
STU-04056,Economia,6,7.4,4.0,79.5,82,1,5,1.8,74.9,70.1,1,no,0.0,hombre,C
STU-04057,Actuaria,6,7.9,7.6,67.5,9,1,6,1.5,84.7,79.1,1,si,0.0,hombre,F
STU-04058,Estadistica,7,8.5,7.1,88.5,49,0,9,6.1,78.9,66.2,0,no,15.4,hombre,A
STU-04059,Estadistica,4,7.8,7.1,100.0,164,2,6,7.9,100.0,88.3,1,si,0.0,mujer,F
STU-04060,Estadistica,5,6.8,6.7,65.8,6,0,7,2.3,81.1,81.6,1,no,4.7,mujer,E
STU-04061,Economia,5,5.8,6.8,100.0,123,1,4,5.4,87.8,89.2,1,no,0.0,mujer,E
STU-04062,Actuaria,6,6.5,10.3,92.3,94,4,7,1.5,92.1,99.6,1,si,0.0,hombre,E
STU-04063,Estadistica,6,7.5,8.0,90.5,96,0,7,2.8,100.0,91.3,1,no,0.0,hombre,C
STU-04064,Ciencia de Datos,8,9.5,11.1,81.4,89,1,5,2.6,99.8,83.6,1,no,0.0,hombre,A
STU-04065,Estadistica,5,8.2,9.0,98.7,111,1,4,0.1,82.7,86.2,1,no,0.0,mujer,B
STU-04066,Actuaria,8,4.9,8.1,67.2,51,0,10,3.1,93.9,58.8,0,no,17.8,mujer,D
STU-04067,Actuaria,4,6.4,5.8,65.4,48,1,8,1.6,57.2,49.2,0,no,0.0,hombre,B
STU-04068,Economia,5,7.2,3.2,66.6,16,0,4,2.6,72.0,63.1,0,no,0.0,hombre,E
STU-04069,Matematicas,5,6.8,9.6,92.3,7,4,6,1.2,76.6,85.4,1,si,0.0,mujer,A
STU-04070,Estadistica,2,6.2,10.7,100.0,44,0,4,1.5,84.3,75.6,1,si,0.0,hombre,C
STU-04071,Ciencia de Datos,4,8.6,6.0,71.4,59,1,4,1.1,93.0,66.4,0,si,0.0,hombre,A
STU-04072,Actuaria,9,6.3,8.3,93.3,26,4,6,0.9,87.9,82.6,1,no,0.0,hombre,A
STU-04073,Economia,7,4.9,7.0,73.3,59,1,7,3.7,70.4,50.1,0,si,26.8,hombre,B
STU-04074,Estadistica,3,7.1,6.1,88.5,76,1,4,2.8,100.0,87.1,1,no,17.9,mujer,A
STU-04075,Estadistica,5,6.4,8.7,82.8,138,1,7,1.2,85.1,77.8,1,no,19.9,mujer,C
STU-04076,Estadistica,4,7.2,9.5,92.0,114,1,4,2.0,91.6,100.0,1,si,0.0,mujer,E
STU-04077,Ciencia de Datos,1,9.6,6.7,76.6,23,0,4,1.3,88.3,64.0,0,no,0.0,hombre,C
STU-04078,Actuaria,8,6.6,7.2,83.3,9,5,7,4.3,73.1,65.9,0,no,14.7,hombre,C
STU-04079,Matematicas,3,6.3,7.0,75.2,9,3,3,1.0,69.7,66.5,0,no,17.2,hombre,C
STU-04080,Estadistica,3,7.6,5.3,95.3,42,1,3,9.0,81.7,71.8,1,no,0.0,mujer,E
STU-04081,Economia,2,6.0,3.9,67.3,37,0,6,2.6,84.9,76.2,1,si,0.0,mujer,B
STU-04082,Estadistica,9,7.1,12.2,72.3,23,2,7,0.9,93.5,86.1,1,no,17.0,hombre,E
STU-04083,Ciencia de Datos,6,6.1,12.6,91.9,44,0,7,3.5,76.5,71.1,1,no,17.8,mujer,A
STU-04084,Estadistica,2,7.9,6.7,60.0,36,4,7,2.7,87.8,79.4,1,si,0.0,hombre,C
STU-04085,Estadistica,6,8.2,8.9,82.3,91,0,4,3.9,89.1,82.2,1,si,0.0,mujer,E
STU-04086,Actuaria,9,7.4,11.2,89.0,46,3,7,0.6,90.9,91.5,1,no,0.0,mujer,E
STU-04087,Ciencia de Datos,4,5.4,3.1,80.1,71,2,6,0.7,50.4,55.3,0,no,17.1,mujer,E
STU-04088,Estadistica,4,7.1,6.3,77.5,88,0,8,8.4,82.4,62.3,0,si,0.0,hombre,B
STU-04089,Economia,8,7.8,10.6,89.3,99,0,5,6.2,85.7,96.3,1,si,0.0,hombre,D
STU-04090,Estadistica,1,7.3,3.2,69.6,45,1,7,2.0,74.7,57.4,0,si,26.3,hombre,B
STU-04091,Ciencia de Datos,7,7.5,8.9,92.3,105,2,6,3.8,69.7,70.1,1,no,0.0,hombre,D
STU-04092,Estadistica,1,6.9,6.1,72.6,26,0,7,2.2,81.5,78.2,1,si,0.0,hombre,E
STU-04093,Matematicas,1,7.1,2.0,73.7,56,3,5,2.4,62.9,62.7,0,no,0.0,mujer,A
STU-04094,Actuaria,3,6.8,8.4,89.9,18,5,7,0.6,76.0,61.6,0,no,0.0,mujer,D
STU-04095,Ciencia de Datos,2,7.2,4.7,88.3,80,0,5,0.5,77.2,68.0,0,si,14.2,hombre,E
STU-04096,Estadistica,9,7.5,5.3,88.5,12,2,8,3.3,82.6,68.7,0,si,18.0,mujer,E
STU-04097,Economia,4,6.6,1.4,75.2,101,3,8,2.9,68.1,46.0,0,no,20.8,hombre,B
STU-04098,Estadistica,5,6.7,10.4,98.5,39,1,4,1.9,85.6,94.1,1,no,0.0,hombre,D
STU-04099,Estadistica,5,7.5,6.5,69.2,106,2,8,2.1,73.8,56.6,0,si,24.6,hombre,B
STU-04100,Actuaria,9,7.3,7.4,85.6,65,2,8,5.8,59.8,62.2,0,si,0.0,mujer,F
STU-04101,Actuaria,6,6.6,4.4,79.9,41,1,9,1.4,81.5,61.9,0,no,10.9,hombre,E
STU-04102,Economia,5,8.6,7.0,78.9,67,2,5,0.5,85.4,71.1,1,si,0.0,mujer,C
STU-04103,Estadistica,1,7.7,1.8,59.6,53,0,4,1.7,80.0,57.1,0,si,0.0,hombre,C
STU-04104,Matematicas,6,5.6,10.2,78.8,23,2,8,9.0,73.7,70.3,1,no,0.0,hombre,D
STU-04105,Matematicas,5,7.3,10.5,100.0,101,1,4,2.6,95.9,92.3,1,si,0.0,hombre,B
STU-04106,Economia,4,7.5,3.6,71.1,38,3,6,0.1,80.8,64.4,0,no,8.5,hombre,B
STU-04107,Matematicas,2,6.4,5.1,73.0,41,3,5,3.5,69.7,56.9,0,si,17.0,mujer,A
STU-04108,Estadistica,6,9.2,10.8,79.2,31,0,5,1.2,67.3,68.7,0,si,16.2,hombre,A
STU-04109,Matematicas,6,6.1,8.7,79.4,73,2,7,1.5,82.7,81.3,1,si,23.7,hombre,E
STU-04110,Actuaria,9,6.8,10.7,83.8,33,1,6,1.5,66.7,67.1,0,no,0.0,hombre,B
STU-04111,Estadistica,4,8.2,11.1,90.3,43,1,6,4.3,78.8,73.8,1,no,0.0,no_binario,F
STU-04112,Actuaria,8,7.8,7.5,97.5,118,0,3,2.7,83.0,78.6,1,si,0.0,mujer,A
STU-04113,Estadistica,1,8.1,4.6,67.1,47,0,5,0.9,79.2,72.8,1,no,15.5,hombre,B
STU-04114,Actuaria,7,7.7,6.7,100.0,216,1,4,5.1,86.7,79.2,1,si,0.0,mujer,F
STU-04115,Ciencia de Datos,7,7.2,7.8,68.7,85,3,6,1.2,90.9,74.2,1,no,20.6,mujer,F
STU-04116,Ciencia de Datos,8,6.7,8.1,69.8,28,2,8,3.1,81.2,64.5,0,no,21.9,mujer,B
STU-04117,Actuaria,8,6.6,11.0,75.3,4,2,8,3.4,91.8,82.6,1,no,0.0,hombre,F
STU-04118,Estadistica,9,6.5,8.6,78.2,52,1,4,2.7,100.0,82.7,1,no,0.0,mujer,E
STU-04119,Economia,2,6.5,8.1,86.2,45,1,7,2.1,96.5,88.7,1,no,0.0,mujer,C
STU-04120,Estadistica,3,7.9,6.2,73.0,38,2,6,4.0,75.8,67.0,0,si,8.8,hombre,F
STU-04121,Matematicas,5,8.6,8.8,85.5,117,3,4,2.0,75.7,71.2,1,no,0.0,hombre,C
STU-04122,Actuaria,2,8.4,6.6,80.9,78,3,6,3.9,82.3,67.6,0,no,11.5,mujer,B
STU-04123,Ciencia de Datos,4,4.7,1.8,68.2,42,4,8,4.3,82.9,42.6,0,no,22.4,mujer,C
STU-04124,Actuaria,2,7.0,6.1,74.8,33,1,3,1.3,87.3,70.0,1,no,0.0,mujer,A
STU-04125,Actuaria,2,6.7,6.9,69.7,43,2,6,3.5,59.1,56.0,0,no,0.0,hombre,F
STU-04126,Estadistica,5,9.1,7.4,89.2,17,1,6,4.7,80.2,70.1,1,si,0.0,hombre,B
STU-04127,Actuaria,9,7.8,10.6,74.2,64,2,5,2.4,86.5,86.0,1,no,0.0,hombre,C
STU-04128,Actuaria,4,6.3,9.5,74.8,63,2,5,1.4,89.2,82.5,1,no,0.0,hombre,D
STU-04129,Estadistica,5,6.8,6.0,73.8,81,3,7,0.4,78.1,62.7,0,no,0.0,mujer,B
STU-04130,Matematicas,8,7.5,12.0,89.0,52,2,5,0.2,87.9,80.7,1,no,0.0,hombre,A
STU-04131,Economia,6,6.2,4.7,86.3,90,0,4,7.0,76.8,61.3,0,si,0.0,mujer,B
STU-04132,Estadistica,3,7.8,7.9,95.4,92,1,6,1.2,86.6,96.3,1,no,0.0,hombre,C
STU-04133,Estadistica,2,5.9,7.5,95.4,81,2,4,1.8,88.1,83.5,1,si,0.0,mujer,B
STU-04134,Estadistica,9,6.8,8.9,80.5,87,1,6,0.5,83.0,71.0,1,no,0.0,hombre,D
STU-04135,Actuaria,4,7.2,2.0,71.2,82,2,6,4.5,89.5,66.4,0,no,5.2,hombre,D
STU-04136,Actuaria,9,6.4,8.5,81.5,110,3,7,0.9,75.3,81.9,1,no,0.0,hombre,C
STU-04137,Economia,5,7.6,8.2,83.0,23,0,5,0.2,94.3,82.8,1,si,0.0,mujer,A
STU-04138,Actuaria,1,6.9,0.9,72.1,42,3,7,0.4,80.5,66.5,0,no,21.1,prefiere_no_decir,B
STU-04139,Matematicas,2,4.9,1.1,61.6,76,1,7,1.1,88.2,47.4,0,no,19.1,hombre,F
STU-04140,Matematicas,8,6.7,6.7,95.2,85,1,7,1.2,80.3,68.6,0,no,25.3,mujer,D
STU-04141,Actuaria,5,7.5,6.5,80.6,20,1,5,0.4,93.3,70.3,1,no,0.0,hombre,B
STU-04142,Actuaria,8,8.0,13.2,100.0,109,1,5,1.7,84.0,100.0,1,si,12.5,mujer,F
STU-04143,Actuaria,2,9.6,4.1,77.3,44,1,4,6.1,87.6,60.0,0,si,0.0,hombre,D
STU-04144,Estadistica,2,7.3,5.5,78.8,54,1,5,5.4,81.3,78.2,1,no,9.0,mujer,F
STU-04145,Economia,1,6.7,4.1,100.0,102,2,4,0.9,76.8,69.0,0,no,0.0,mujer,B
STU-04146,Estadistica,6,8.0,8.5,81.4,44,1,7,2.3,83.1,75.0,1,si,0.0,hombre,C
STU-04147,Ciencia de Datos,8,4.8,8.9,85.0,144,4,6,1.5,80.8,74.0,1,si,6.7,hombre,B
STU-04148,Estadistica,2,8.3,10.3,86.5,52,0,6,2.0,86.9,86.6,1,no,0.0,hombre,B
STU-04149,Economia,9,10.0,10.8,84.0,34,0,5,2.3,80.8,69.6,0,no,0.0,mujer,D
STU-04150,Matematicas,4,7.8,7.9,71.3,23,3,6,2.8,85.2,83.2,1,no,0.0,mujer,C
STU-04151,Matematicas,2,6.8,6.0,61.9,44,2,5,3.1,82.4,65.8,0,no,0.0,hombre,C
STU-04152,Actuaria,6,5.6,4.5,66.5,45,0,7,1.4,80.1,68.8,0,no,14.4,prefiere_no_decir,B
STU-04153,Actuaria,8,7.2,7.3,65.9,38,3,8,0.9,84.3,66.2,0,si,15.5,mujer,E
STU-04154,Economia,7,6.0,5.9,72.0,74,4,4,5.7,75.7,74.8,1,no,11.2,mujer,B
STU-04155,Estadistica,8,7.6,6.5,73.2,48,0,6,2.0,89.8,76.8,1,no,0.0,hombre,E
STU-04156,Economia,3,5.3,1.5,48.7,39,2,10,1.8,74.8,35.0,0,no,32.9,mujer,A
STU-04157,Economia,7,6.2,5.1,70.6,16,1,6,1.4,68.2,58.4,0,no,0.0,hombre,D
STU-04158,Estadistica,6,7.1,12.9,80.9,83,0,8,2.3,97.7,91.5,1,si,19.3,hombre,D
STU-04159,Economia,5,7.8,3.7,84.2,94,0,7,1.7,84.1,71.3,1,no,0.0,mujer,D
STU-04160,Matematicas,2,9.2,6.2,85.9,48,0,4,1.4,81.5,70.9,1,no,5.9,hombre,C
STU-04161,Economia,2,8.1,1.8,66.7,55,0,4,1.6,92.8,72.8,1,no,9.7,mujer,A
STU-04162,Ciencia de Datos,2,6.8,5.1,77.0,51,0,6,6.9,73.7,66.6,0,si,7.8,prefiere_no_decir,B
STU-04163,Ciencia de Datos,7,6.9,9.7,86.4,48,1,7,4.3,63.1,68.0,0,no,0.0,prefiere_no_decir,A
STU-04164,Estadistica,4,7.8,9.7,88.9,67,1,6,0.6,74.5,91.7,1,no,20.7,hombre,D
STU-04165,Ciencia de Datos,5,7.9,10.3,81.9,5,1,5,1.7,92.3,98.7,1,no,0.0,mujer,F
STU-04166,Actuaria,6,7.4,7.9,100.0,95,0,6,6.3,84.2,98.4,1,si,0.0,hombre,C
STU-04167,Estadistica,3,5.8,0.5,47.4,39,0,7,3.2,75.8,49.5,0,no,20.2,prefiere_no_decir,A
STU-04168,Ciencia de Datos,8,6.3,10.6,65.1,31,2,4,1.4,77.5,81.9,1,no,13.3,mujer,C
STU-04169,Estadistica,3,7.6,7.1,79.5,88,2,6,2.3,86.9,62.7,0,no,13.4,mujer,A
STU-04170,Economia,7,6.9,4.4,77.7,125,2,7,2.5,70.4,58.1,0,no,28.8,hombre,C
STU-04171,Actuaria,8,7.7,11.1,72.3,39,1,5,1.5,68.9,79.8,1,si,0.0,mujer,D
STU-04172,Economia,9,7.8,13.1,80.7,60,3,7,4.6,87.9,84.8,1,no,0.0,hombre,B
STU-04173,Estadistica,5,5.9,3.4,54.1,127,0,6,2.6,77.2,65.2,0,si,20.4,mujer,B
STU-04174,Actuaria,5,7.4,4.2,63.3,18,0,6,4.4,71.3,67.2,0,no,0.0,hombre,B
STU-04175,Estadistica,6,8.9,6.8,69.6,5,0,6,2.6,80.7,63.6,0,no,0.0,hombre,D
STU-04176,Estadistica,6,6.4,10.2,75.3,60,1,6,0.3,71.8,84.4,1,no,0.0,hombre,F
STU-04177,Economia,6,6.8,5.8,84.5,40,3,8,5.3,72.3,65.7,0,no,0.0,hombre,F
STU-04178,Estadistica,9,6.4,8.5,86.2,48,1,6,4.3,89.9,80.5,1,no,0.0,hombre,A
STU-04179,Ciencia de Datos,6,7.2,6.3,77.1,28,1,4,1.6,88.2,77.0,1,no,0.0,hombre,D
STU-04180,Actuaria,7,7.9,6.7,53.7,11,0,9,0.3,78.9,59.4,0,no,0.0,mujer,C
STU-04181,Ciencia de Datos,9,5.1,11.1,71.4,47,0,7,1.5,74.7,64.4,0,no,13.4,mujer,A
STU-04182,Actuaria,9,7.1,3.7,59.4,0,5,8,2.8,89.4,73.9,1,no,0.0,hombre,B
STU-04183,Economia,6,7.2,5.7,76.1,46,1,4,0.9,73.0,67.6,0,si,0.0,hombre,D
STU-04184,Estadistica,3,7.3,4.0,88.7,76,0,4,4.5,87.0,73.1,1,no,11.5,mujer,F
STU-04185,Ciencia de Datos,5,7.9,7.5,92.0,60,0,5,1.5,84.1,78.2,1,si,15.9,mujer,A
STU-04186,Ciencia de Datos,2,7.1,6.3,90.5,82,2,2,0.7,85.7,78.3,1,no,0.0,hombre,A
STU-04187,Estadistica,9,6.6,9.7,99.3,59,5,7,0.8,100.0,92.1,1,no,0.0,mujer,A
STU-04188,Estadistica,1,7.4,3.3,100.0,179,2,2,4.3,85.8,87.1,1,no,0.0,mujer,F
STU-04189,Estadistica,3,8.1,4.4,72.5,7,2,7,1.5,82.2,69.6,0,si,23.9,hombre,D
STU-04190,Economia,4,7.8,5.3,66.8,71,2,6,6.1,58.7,68.6,0,si,0.0,mujer,E
STU-04191,Ciencia de Datos,7,6.1,9.0,100.0,151,0,7,2.0,81.7,79.7,1,no,0.0,hombre,F
STU-04192,Estadistica,5,8.1,8.5,77.8,58,4,8,4.1,88.4,69.8,0,no,0.0,hombre,B
STU-04193,Matematicas,7,6.5,6.9,99.6,22,3,5,4.4,74.0,76.2,1,no,0.0,mujer,A
STU-04194,Economia,2,9.0,4.2,75.3,100,1,4,2.1,58.9,45.9,0,si,0.0,hombre,A
STU-04195,Ciencia de Datos,6,7.2,10.1,90.2,38,1,2,1.5,92.1,93.5,1,si,0.0,mujer,B
STU-04196,Actuaria,4,6.0,10.6,100.0,46,2,7,1.8,81.4,76.7,1,no,0.0,hombre,D
STU-04197,Economia,3,6.4,3.3,87.0,115,2,3,3.7,65.3,68.7,0,si,0.0,hombre,C
STU-04198,Estadistica,5,7.6,10.8,76.7,64,0,5,1.4,78.0,90.1,1,no,0.0,hombre,D
STU-04199,Estadistica,5,5.7,11.2,100.0,131,2,6,1.7,84.6,74.3,1,no,20.0,mujer,C
STU-04200,Economia,2,5.3,0.9,74.1,42,1,7,2.0,79.0,59.9,0,no,20.1,mujer,F
STU-04201,Estadistica,9,8.4,11.1,97.1,69,2,7,1.7,84.8,90.3,1,si,0.0,hombre,A
STU-04202,Actuaria,5,5.5,2.5,81.2,136,1,5,1.0,87.8,57.8,0,no,27.8,mujer,A
STU-04203,Estadistica,4,8.2,6.2,78.9,102,2,5,0.3,93.3,73.7,1,si,4.4,mujer,E
STU-04204,Ciencia de Datos,4,7.7,10.4,85.3,21,1,5,3.1,80.9,81.9,1,si,0.0,prefiere_no_decir,B
STU-04205,Estadistica,9,7.2,5.5,63.1,59,3,10,5.9,83.5,72.2,1,no,10.4,mujer,F
STU-04206,Economia,3,7.1,1.9,62.0,68,3,7,3.3,81.2,54.7,0,si,13.1,hombre,A
STU-04207,Ciencia de Datos,8,8.0,5.2,82.2,97,1,5,2.6,74.1,71.1,1,si,0.0,mujer,F
STU-04208,Actuaria,8,5.6,5.5,76.8,55,1,5,3.3,90.7,58.5,0,no,16.1,mujer,A
STU-04209,Estadistica,8,6.1,7.0,72.7,7,3,9,1.3,95.2,69.2,0,si,14.7,mujer,C
STU-04210,Ciencia de Datos,9,6.4,11.3,80.7,21,1,5,3.3,87.2,88.9,1,si,0.0,mujer,A
STU-04211,Economia,9,8.1,10.3,84.3,55,1,5,1.8,87.0,85.5,1,si,0.0,mujer,A
STU-04212,Matematicas,5,6.9,8.6,98.1,62,1,6,3.2,73.3,71.5,1,no,0.0,mujer,B
STU-04213,Ciencia de Datos,8,6.9,9.0,75.5,63,0,7,1.0,84.8,93.1,1,no,0.0,mujer,E
STU-04214,Economia,9,6.3,10.5,89.2,70,3,9,2.2,78.9,78.0,1,si,0.0,hombre,C
STU-04215,Estadistica,1,7.7,2.8,59.0,63,3,7,6.6,67.5,50.2,0,no,18.9,prefiere_no_decir,F
STU-04216,Ciencia de Datos,1,7.9,8.2,87.3,53,0,2,1.3,83.5,81.7,1,no,0.0,mujer,D
STU-04217,Estadistica,8,6.9,7.9,83.6,30,3,7,3.8,86.8,80.4,1,no,0.0,mujer,B
STU-04218,Estadistica,7,6.7,8.8,68.8,18,4,9,4.5,81.2,65.5,0,no,29.8,mujer,B
STU-04219,Estadistica,8,5.8,12.6,74.6,9,3,10,2.2,87.6,60.4,0,si,15.6,mujer,B
STU-04220,Economia,8,7.0,9.0,75.0,24,4,6,2.6,90.7,78.6,1,si,13.2,hombre,A
STU-04221,Estadistica,8,6.7,7.5,73.5,80,3,7,2.0,93.6,83.9,1,si,18.0,mujer,A
STU-04222,Estadistica,6,7.3,7.3,88.6,118,2,6,4.4,68.1,69.1,0,si,0.0,mujer,E
STU-04223,Estadistica,1,7.0,9.2,85.9,81,1,6,1.9,73.1,83.3,1,no,0.0,hombre,B
STU-04224,Estadistica,7,6.0,8.9,69.6,10,2,8,4.2,85.2,56.5,0,no,26.0,mujer,A
STU-04225,Ciencia de Datos,3,7.3,6.3,100.0,149,0,3,5.0,89.9,78.5,1,si,0.0,hombre,C
STU-04226,Estadistica,8,7.9,5.1,68.4,34,3,6,0.7,86.3,69.8,0,si,17.2,hombre,E
STU-04227,Economia,2,6.4,8.4,83.9,56,1,3,0.3,76.1,74.3,1,no,0.0,hombre,A
STU-04228,Estadistica,3,8.0,7.7,91.9,97,2,6,5.7,91.7,74.1,1,no,0.0,mujer,B
STU-04229,Matematicas,8,6.2,2.7,70.2,54,4,7,3.9,75.9,68.6,0,no,0.0,mujer,A
STU-04230,Estadistica,2,7.8,7.2,92.0,110,0,5,8.2,95.6,84.4,1,si,0.0,mujer,C
STU-04231,Economia,3,7.0,4.0,78.5,27,2,7,2.7,53.5,50.8,0,si,17.4,mujer,B
STU-04232,Economia,8,6.7,10.1,72.1,40,1,9,4.0,87.0,77.3,1,no,0.0,mujer,D
STU-04233,Ciencia de Datos,7,6.0,6.0,68.4,39,0,8,1.5,78.6,57.5,0,si,27.2,mujer,B
STU-04234,Ciencia de Datos,9,5.9,9.7,78.5,36,2,7,4.0,96.5,76.2,1,no,10.4,hombre,C
STU-04235,Economia,3,8.2,5.6,79.8,0,0,5,2.6,76.8,58.3,0,no,0.0,hombre,A
STU-04236,Estadistica,3,7.7,9.4,72.9,37,0,4,3.6,88.7,77.2,1,no,0.0,hombre,D
STU-04237,Actuaria,5,7.3,7.3,82.5,108,2,4,0.8,89.4,84.9,1,si,0.0,mujer,E
STU-04238,Estadistica,2,6.5,6.6,71.0,5,1,6,2.2,81.4,69.1,0,si,17.7,mujer,F
STU-04239,Estadistica,9,8.3,14.1,73.5,70,2,7,3.7,74.5,85.4,1,no,0.0,mujer,A
STU-04240,Estadistica,7,7.3,11.3,86.0,61,1,7,3.6,95.1,97.1,1,si,0.0,hombre,A
STU-04241,Matematicas,2,6.8,5.6,69.6,30,1,8,2.4,92.1,61.1,0,no,27.4,mujer,E
STU-04242,Ciencia de Datos,5,5.4,8.1,85.0,56,0,7,0.3,60.6,56.9,0,no,0.0,hombre,C
STU-04243,Economia,9,9.3,8.3,77.3,46,0,6,2.8,79.9,57.5,0,no,0.0,hombre,A
STU-04244,Estadistica,6,6.9,10.4,90.1,58,1,8,2.8,94.7,100.0,1,si,0.0,mujer,F
STU-04245,Economia,5,6.1,4.1,66.4,46,2,6,2.5,81.7,54.8,0,si,19.0,mujer,C
STU-04246,Actuaria,2,6.0,5.8,64.1,22,2,7,0.8,94.8,67.3,0,no,18.4,hombre,A
STU-04247,Matematicas,4,6.9,6.6,72.7,56,0,7,1.6,62.7,62.9,0,no,15.3,hombre,C
STU-04248,Ciencia de Datos,1,7.4,4.6,88.0,44,1,5,0.9,74.4,65.2,0,no,12.5,hombre,C
STU-04249,Matematicas,7,8.0,8.5,82.2,1,2,4,3.4,100.0,89.0,1,no,0.0,mujer,F
STU-04250,Ciencia de Datos,3,7.9,6.0,85.2,40,2,5,2.7,83.2,80.5,1,si,0.0,mujer,A
STU-04251,Matematicas,5,6.1,6.7,76.8,34,2,5,2.2,78.6,71.1,1,si,0.0,mujer,D
STU-04252,Ciencia de Datos,3,8.1,10.8,79.9,1,1,6,2.4,92.2,83.1,1,no,0.0,no_binario,F
STU-04253,Estadistica,5,4.8,7.7,91.1,26,3,8,4.2,74.7,60.5,0,si,12.6,hombre,B
STU-04254,Economia,9,7.3,9.3,70.1,34,3,7,4.7,64.1,70.6,1,no,0.0,hombre,B
STU-04255,Estadistica,6,6.8,6.1,85.5,34,0,7,2.1,78.4,76.0,1,no,8.2,mujer,F
STU-04256,Actuaria,5,6.9,10.1,87.5,62,0,5,1.9,87.7,87.7,1,si,0.0,hombre,C
STU-04257,Matematicas,3,6.6,5.6,74.1,79,0,7,0.8,87.4,76.2,1,no,18.2,hombre,A
STU-04258,Estadistica,7,7.5,12.7,76.2,0,1,4,2.8,84.9,98.6,1,no,0.0,mujer,B
STU-04259,Ciencia de Datos,7,8.2,9.5,87.1,75,0,5,0.1,63.8,69.1,0,si,14.5,hombre,F
STU-04260,Estadistica,5,6.2,6.5,71.9,67,2,5,4.4,100.0,70.3,1,no,0.0,mujer,B
STU-04261,Matematicas,6,7.0,7.0,87.2,67,2,6,1.0,79.2,70.3,1,no,0.0,mujer,D
STU-04262,Actuaria,6,6.1,10.9,75.1,56,0,6,3.7,87.7,85.9,1,si,3.5,mujer,D
STU-04263,Matematicas,7,6.8,4.9,56.5,31,2,7,4.3,88.3,65.0,0,no,19.7,mujer,F
STU-04264,Actuaria,9,7.3,7.0,63.3,3,2,6,1.8,87.4,74.2,1,no,0.0,mujer,F
STU-04265,Economia,6,5.6,7.3,88.5,11,2,7,1.1,100.0,74.5,1,no,23.6,mujer,E
STU-04266,Estadistica,9,6.6,8.8,80.4,14,3,8,3.7,95.6,84.3,1,no,0.0,mujer,C
STU-04267,Actuaria,7,5.2,8.1,100.0,59,2,6,4.2,86.4,86.2,1,no,0.0,mujer,F
STU-04268,Ciencia de Datos,4,6.1,5.7,70.9,7,3,7,7.7,74.6,63.2,0,no,0.0,mujer,E
STU-04269,Matematicas,2,7.4,5.7,65.1,3,0,6,3.1,87.2,67.3,0,no,0.0,hombre,F
STU-04270,Estadistica,7,6.6,8.5,89.2,29,2,4,5.8,74.5,85.0,1,no,0.0,mujer,F
STU-04271,Matematicas,1,6.4,5.2,75.8,74,1,6,1.8,88.7,75.3,1,si,11.7,hombre,C
STU-04272,Actuaria,2,6.6,7.9,89.6,58,1,5,1.0,82.2,79.8,1,no,0.0,prefiere_no_decir,E
STU-04273,Estadistica,4,6.1,2.6,79.8,47,1,7,4.4,86.3,73.0,1,no,20.8,hombre,C
STU-04274,Estadistica,2,5.7,3.4,78.0,54,6,6,1.3,76.4,57.8,0,si,27.1,mujer,B
STU-04275,Matematicas,2,6.1,5.3,74.4,33,0,6,2.5,86.0,75.9,1,no,20.2,hombre,E
STU-04276,Estadistica,9,6.4,12.1,88.3,122,0,7,1.6,90.5,92.9,1,si,0.0,hombre,B
STU-04277,Estadistica,5,6.0,5.8,70.5,81,0,6,2.0,81.6,79.6,1,si,0.0,mujer,F
STU-04278,Estadistica,1,6.8,5.8,86.1,114,0,5,5.0,68.9,62.0,0,si,0.0,no_binario,E
STU-04279,Estadistica,2,5.9,8.0,77.4,33,2,5,0.8,71.6,65.2,0,si,0.0,hombre,C
STU-04280,Estadistica,9,7.8,7.8,74.3,39,4,8,1.2,85.0,79.4,1,si,0.0,hombre,C
STU-04281,Actuaria,8,6.5,6.8,85.5,10,0,5,2.4,71.6,70.9,1,si,0.0,mujer,C
STU-04282,Ciencia de Datos,2,6.2,2.5,61.8,0,1,7,3.9,73.0,65.0,0,no,21.3,hombre,E
STU-04283,Estadistica,9,7.3,9.1,83.6,35,5,6,1.9,93.1,85.2,1,no,22.0,no_binario,B
STU-04284,Matematicas,3,8.0,8.0,91.6,70,0,3,0.1,84.4,74.4,1,si,0.0,hombre,D
STU-04285,Economia,8,7.5,7.1,64.6,13,1,7,1.3,81.1,66.2,0,no,0.0,prefiere_no_decir,A
STU-04286,Actuaria,8,7.8,5.7,67.5,52,3,6,1.7,82.7,58.6,0,si,21.2,mujer,B
STU-04287,Economia,6,6.4,8.2,73.3,5,1,7,3.4,96.3,72.8,1,no,15.6,no_binario,F
STU-04288,Estadistica,1,7.2,5.8,85.7,46,1,5,3.0,74.6,63.5,0,no,0.0,mujer,D
STU-04289,Ciencia de Datos,3,7.2,8.0,99.8,92,0,2,4.1,80.5,84.9,1,no,0.0,hombre,D
STU-04290,Estadistica,2,7.3,6.3,93.5,81,1,5,3.4,79.8,69.4,0,no,0.0,hombre,A
STU-04291,Economia,1,7.9,1.9,91.1,47,0,2,4.3,77.2,81.5,1,si,0.0,mujer,E
STU-04292,Matematicas,3,6.5,8.1,84.4,11,1,2,0.3,94.3,72.6,1,si,0.0,hombre,B
STU-04293,Economia,9,7.3,4.0,84.7,34,1,9,4.0,79.6,51.0,0,si,25.2,prefiere_no_decir,D
STU-04294,Actuaria,8,5.9,11.7,92.2,46,1,6,2.9,85.3,89.6,1,si,0.0,hombre,F
STU-04295,Estadistica,5,6.3,3.9,60.7,39,5,8,1.5,86.7,54.6,0,no,21.4,hombre,A
STU-04296,Economia,2,8.8,4.5,78.5,37,0,3,1.7,69.4,56.3,0,no,0.0,prefiere_no_decir,D
STU-04297,Estadistica,6,5.8,13.0,94.8,90,1,7,2.5,100.0,94.1,1,no,9.2,mujer,E
STU-04298,Economia,7,7.1,7.3,73.5,57,2,7,1.7,74.3,63.0,0,si,17.4,mujer,B
STU-04299,Actuaria,8,7.7,14.2,84.7,39,0,7,1.6,92.5,100.0,1,no,0.0,mujer,B
STU-04300,Matematicas,1,7.0,4.9,70.8,54,1,6,4.8,65.3,63.6,0,no,0.0,mujer,B
STU-04301,Actuaria,1,6.5,3.6,95.6,84,0,5,4.7,78.6,69.8,0,si,25.2,hombre,D
STU-04302,Actuaria,7,6.9,2.4,68.6,48,0,7,6.9,100.0,72.7,1,no,27.6,mujer,E
STU-04303,Actuaria,3,7.7,7.9,91.1,66,1,5,1.6,94.7,84.2,1,no,0.0,hombre,E
STU-04304,Actuaria,3,7.8,10.5,100.0,52,2,5,1.5,80.6,91.9,1,no,0.0,mujer,D
STU-04305,Estadistica,7,6.3,8.6,88.0,17,0,7,4.7,79.7,84.0,1,no,0.0,mujer,E
STU-04306,Economia,4,7.3,8.4,96.5,143,1,5,3.2,82.4,85.6,1,no,0.0,mujer,E
STU-04307,Economia,5,7.5,6.1,85.5,29,1,8,2.6,75.5,53.8,0,si,18.8,hombre,B
STU-04308,Estadistica,2,6.3,5.1,86.9,76,1,2,2.2,78.5,83.8,1,no,14.9,mujer,C
STU-04309,Estadistica,3,6.7,7.2,96.7,31,4,5,5.2,76.0,75.9,1,no,0.0,mujer,C
STU-04310,Actuaria,9,7.2,9.7,76.4,24,1,3,1.1,69.6,71.7,1,si,0.0,mujer,B
STU-04311,Matematicas,4,7.4,7.4,82.3,29,4,6,1.1,100.0,91.1,1,no,5.3,hombre,D
STU-04312,Matematicas,2,7.0,7.6,97.7,104,0,3,3.3,73.0,64.1,0,si,0.0,mujer,E
STU-04313,Economia,1,6.1,7.7,100.0,95,1,3,0.1,77.8,79.2,1,no,0.0,mujer,F
STU-04314,Matematicas,4,7.2,8.4,84.8,53,1,7,5.4,87.6,87.4,1,no,0.0,hombre,D
STU-04315,Estadistica,8,8.7,10.8,100.0,104,2,6,1.5,92.2,91.5,1,si,0.0,mujer,B
STU-04316,Matematicas,8,7.1,9.8,83.1,27,0,4,1.8,100.0,95.1,1,si,0.0,mujer,E
STU-04317,Economia,1,5.8,9.8,84.9,5,0,4,2.6,69.9,74.3,1,si,0.0,no_binario,C
STU-04318,Estadistica,4,6.7,7.7,74.0,77,2,6,3.9,91.1,77.0,1,si,0.0,prefiere_no_decir,A
STU-04319,Ciencia de Datos,8,7.2,5.9,88.8,99,0,5,1.5,85.7,80.9,1,no,10.2,mujer,A
STU-04320,Actuaria,7,7.4,5.4,87.9,66,1,6,0.6,96.2,75.2,1,no,15.8,mujer,A
STU-04321,Estadistica,9,7.1,12.2,90.8,124,1,6,0.7,81.4,88.9,1,no,0.0,prefiere_no_decir,A
STU-04322,Economia,2,7.0,5.7,69.4,53,1,5,2.0,82.6,76.8,1,no,0.0,mujer,B
STU-04323,Actuaria,2,6.2,4.6,81.6,52,2,7,0.9,83.4,69.0,0,no,38.0,mujer,E
STU-04324,Estadistica,8,5.7,5.3,83.0,72,2,6,2.0,98.6,80.6,1,si,19.5,hombre,E
STU-04325,Estadistica,1,8.3,4.5,70.4,24,3,6,2.9,57.6,66.1,0,si,0.0,no_binario,F
STU-04326,Economia,5,6.4,2.5,72.6,87,1,5,2.7,78.2,63.3,0,si,0.0,hombre,A
STU-04327,Actuaria,7,7.1,9.8,97.7,54,0,4,1.3,81.2,77.3,1,no,5.6,hombre,B
STU-04328,Actuaria,9,8.7,9.3,88.8,32,1,8,6.9,99.0,86.3,1,no,0.0,hombre,E
STU-04329,Actuaria,6,7.4,5.2,56.1,19,2,8,5.0,70.9,58.7,0,si,16.3,prefiere_no_decir,D
STU-04330,Matematicas,3,8.2,3.8,72.5,29,1,7,4.4,66.2,62.2,0,no,0.0,hombre,B
STU-04331,Actuaria,6,7.3,6.1,92.9,86,1,4,2.1,78.7,77.4,1,no,0.0,hombre,D
STU-04332,Estadistica,6,6.3,5.9,83.3,74,2,7,2.7,89.3,78.9,1,no,12.9,hombre,B
STU-04333,Estadistica,6,6.3,10.6,93.1,86,0,5,1.6,84.6,74.9,1,si,0.0,hombre,D
STU-04334,Actuaria,4,6.0,6.1,93.7,48,0,5,6.0,80.6,70.9,1,no,0.0,mujer,B
STU-04335,Estadistica,7,7.7,0.5,70.7,77,2,8,3.1,58.8,59.1,0,si,0.0,mujer,C
STU-04336,Ciencia de Datos,9,5.4,6.7,61.3,45,4,8,2.6,80.0,52.4,0,si,13.4,mujer,B
STU-04337,Ciencia de Datos,3,7.7,5.4,81.9,67,0,4,0.4,86.2,70.4,1,no,14.3,no_binario,B
STU-04338,Economia,2,6.2,6.1,75.2,31,1,6,1.0,73.4,70.9,1,no,0.0,hombre,A
STU-04339,Estadistica,1,7.3,8.8,67.5,29,0,6,1.8,79.9,66.3,0,no,9.4,mujer,A
STU-04340,Estadistica,5,7.2,7.4,83.4,54,0,6,7.3,89.4,82.4,1,si,24.6,mujer,A
STU-04341,Actuaria,9,7.7,12.8,97.0,33,0,7,0.3,84.3,92.9,1,no,15.1,mujer,E
STU-04342,Estadistica,1,6.9,9.6,79.9,46,0,7,1.0,78.5,73.3,1,no,4.5,hombre,F
STU-04343,Ciencia de Datos,4,7.9,7.9,70.5,23,2,7,2.2,79.2,68.7,0,no,11.0,hombre,B
STU-04344,Matematicas,8,7.0,3.8,84.6,81,3,6,0.1,78.9,78.1,1,no,23.7,hombre,F
STU-04345,Ciencia de Datos,3,7.5,5.5,80.1,26,2,4,1.3,91.6,80.0,1,no,0.0,mujer,F
STU-04346,Matematicas,6,8.5,10.4,79.4,83,1,5,1.4,72.9,75.1,1,si,0.0,mujer,F
STU-04347,Economia,6,5.0,6.1,72.5,35,0,5,2.9,81.6,68.9,0,no,15.8,hombre,F
STU-04348,Actuaria,4,7.7,4.7,88.0,155,1,5,2.3,84.0,81.0,1,no,0.0,mujer,F
STU-04349,Matematicas,7,7.2,7.1,84.7,106,1,6,0.1,87.8,84.1,1,no,2.8,hombre,A
STU-04350,Economia,7,7.7,7.4,80.9,43,3,7,1.1,92.2,82.7,1,no,4.9,hombre,F
STU-04351,Matematicas,7,7.0,6.5,89.9,91,2,5,0.3,79.7,82.2,1,no,0.0,mujer,D
STU-04352,Estadistica,3,6.8,6.9,66.1,24,3,8,8.6,84.5,64.6,0,si,17.6,hombre,C
STU-04353,Actuaria,5,7.3,4.1,70.4,63,0,3,1.0,70.5,63.6,0,si,14.1,hombre,F
STU-04354,Economia,2,7.6,1.4,68.9,2,1,5,1.5,73.9,50.4,0,si,21.3,mujer,C
STU-04355,Economia,4,6.5,8.0,90.1,87,0,4,0.7,84.7,77.2,1,no,0.0,mujer,B
STU-04356,Estadistica,8,6.7,8.3,94.3,83,2,5,0.9,93.1,83.2,1,no,15.1,hombre,E
STU-04357,Actuaria,3,7.5,5.3,80.5,122,1,3,2.0,80.5,68.4,0,no,15.8,mujer,D
STU-04358,Estadistica,3,7.0,5.0,76.0,60,0,4,1.8,82.7,79.8,1,no,0.0,hombre,B
STU-04359,Estadistica,4,7.5,4.1,67.1,26,4,4,1.3,68.0,65.9,0,no,18.9,no_binario,B
STU-04360,Economia,1,7.0,0.5,55.4,59,3,10,7.9,83.6,37.5,0,si,24.5,hombre,D
STU-04361,Matematicas,2,3.6,5.8,70.4,36,0,3,2.8,73.0,60.1,0,no,0.0,hombre,D
STU-04362,Matematicas,1,6.9,5.5,78.2,115,2,4,3.3,80.3,73.3,1,no,0.0,hombre,B
STU-04363,Actuaria,6,7.8,9.4,83.2,63,2,7,0.9,88.3,83.5,1,no,0.0,hombre,A
STU-04364,Ciencia de Datos,5,8.1,11.3,78.4,49,0,5,2.9,83.4,91.2,1,no,0.0,hombre,E
STU-04365,Estadistica,7,6.0,8.4,81.8,58,0,5,2.0,71.4,77.1,1,no,0.0,hombre,D
STU-04366,Matematicas,9,7.6,9.0,90.7,25,2,5,3.0,92.6,98.4,1,si,0.0,prefiere_no_decir,F
STU-04367,Estadistica,2,5.4,6.4,85.9,114,1,5,2.2,96.1,67.7,0,no,20.8,hombre,A
STU-04368,Economia,7,5.4,7.9,76.7,45,3,7,1.1,75.6,57.2,0,no,25.2,mujer,C
STU-04369,Estadistica,3,7.2,5.3,82.4,51,1,8,6.7,83.8,76.4,1,no,17.9,hombre,D
STU-04370,Matematicas,4,6.8,9.1,80.3,55,3,8,0.7,76.3,63.2,0,si,29.5,mujer,D
STU-04371,Economia,3,6.3,5.8,65.6,50,2,6,0.5,73.8,67.1,0,no,14.0,hombre,F
STU-04372,Estadistica,7,7.3,10.3,94.1,53,0,5,1.1,100.0,94.7,1,no,0.0,hombre,C
STU-04373,Ciencia de Datos,8,6.6,7.1,66.0,52,0,7,1.5,93.2,83.6,1,no,12.9,mujer,C
STU-04374,Actuaria,7,5.9,6.2,81.7,40,2,7,1.3,92.2,79.4,1,si,20.7,mujer,C
STU-04375,Economia,5,6.8,4.1,65.2,15,1,7,3.9,81.8,61.8,0,si,22.0,hombre,A
STU-04376,Actuaria,8,8.5,13.1,86.5,64,1,7,2.1,82.2,75.3,1,no,0.0,mujer,A
STU-04377,Estadistica,8,6.9,8.4,75.0,39,1,7,1.1,95.6,90.6,1,si,0.0,no_binario,F
STU-04378,Economia,8,7.1,8.8,97.2,31,3,6,3.2,87.8,89.4,1,si,0.0,mujer,D
STU-04379,Estadistica,4,8.7,10.4,100.0,220,0,3,2.1,71.8,81.2,1,si,0.0,hombre,C
STU-04380,Estadistica,2,7.7,9.0,92.6,111,0,6,5.3,97.5,83.2,1,no,0.0,mujer,F
STU-04381,Economia,3,6.0,7.2,66.7,38,1,6,2.3,87.0,55.8,0,si,0.0,hombre,B
STU-04382,Estadistica,1,7.9,5.2,68.2,97,0,7,0.2,71.2,52.4,0,no,22.0,hombre,C
STU-04383,Estadistica,9,6.7,5.2,81.7,38,4,9,2.8,71.1,51.9,0,no,15.9,hombre,F
STU-04384,Estadistica,9,7.5,8.1,73.2,61,3,6,7.6,91.1,89.0,1,si,16.1,mujer,F
STU-04385,Economia,3,5.6,2.5,69.6,70,4,6,4.7,67.7,51.2,0,no,23.6,no_binario,B
STU-04386,Actuaria,4,7.4,3.1,55.6,58,3,10,5.3,54.4,35.0,0,si,17.2,hombre,A
STU-04387,Economia,4,6.1,5.7,77.5,60,2,4,1.0,78.0,75.0,1,no,14.7,prefiere_no_decir,E
STU-04388,Estadistica,1,8.1,6.1,68.3,63,2,4,1.1,85.4,65.5,0,no,0.0,hombre,D
STU-04389,Ciencia de Datos,4,7.8,5.0,77.9,81,1,5,0.1,80.5,66.3,0,si,0.0,hombre,B
STU-04390,Ciencia de Datos,7,5.9,6.4,76.3,89,0,7,5.7,81.7,74.4,1,no,0.0,hombre,F
STU-04391,Estadistica,2,9.4,8.2,92.0,60,0,3,6.2,76.1,74.7,1,si,0.0,mujer,E
STU-04392,Matematicas,7,7.6,7.2,77.1,84,2,6,3.2,79.3,78.6,1,no,0.0,hombre,E
STU-04393,Matematicas,8,8.3,9.4,82.5,79,4,6,2.7,81.7,81.6,1,si,19.0,hombre,F
STU-04394,Matematicas,2,9.0,4.2,68.2,45,0,4,2.9,75.1,57.8,0,no,0.0,hombre,F
STU-04395,Estadistica,8,6.9,12.1,79.2,84,3,7,3.9,73.8,77.8,1,no,0.0,hombre,B
STU-04396,Estadistica,9,7.8,9.3,77.8,36,1,6,2.4,59.5,70.0,1,no,0.0,mujer,D
STU-04397,Matematicas,4,6.7,3.1,51.1,10,2,6,3.1,67.9,51.2,0,si,19.7,mujer,B
STU-04398,Estadistica,9,7.9,9.1,88.0,19,1,8,3.9,100.0,87.8,1,no,0.0,hombre,C
STU-04399,Matematicas,6,7.5,8.7,78.2,3,1,6,5.1,87.5,75.6,1,si,0.0,hombre,C
STU-04400,Actuaria,1,6.1,0.5,75.6,19,6,8,3.5,68.9,49.0,0,si,19.4,hombre,E
STU-04401,Estadistica,1,7.9,3.9,82.3,74,2,4,2.2,87.0,59.7,0,no,19.5,prefiere_no_decir,B
STU-04402,Estadistica,4,6.6,4.1,79.3,67,2,5,5.1,99.6,77.5,1,no,20.6,hombre,F
STU-04403,Economia,9,7.5,6.9,86.5,50,2,6,1.3,84.9,73.1,1,si,0.0,hombre,A
STU-04404,Estadistica,3,7.0,0.6,82.7,82,0,5,0.4,92.4,79.4,1,si,23.4,hombre,C
STU-04405,Economia,9,5.6,3.8,80.1,45,4,6,4.3,71.8,54.3,0,no,0.0,hombre,D
STU-04406,Actuaria,2,7.4,3.4,69.8,20,0,6,0.2,71.7,56.2,0,no,16.0,mujer,F
STU-04407,Ciencia de Datos,2,6.1,1.1,61.0,76,1,6,4.1,64.1,51.7,0,si,34.8,hombre,E
STU-04408,Economia,2,8.5,2.3,66.9,50,1,4,1.5,82.9,61.5,0,no,0.0,no_binario,E
STU-04409,Matematicas,8,7.5,8.4,88.0,0,1,6,4.4,88.5,98.2,1,no,0.0,hombre,E
STU-04410,Matematicas,7,7.6,11.7,100.0,163,1,5,2.0,82.6,83.7,1,no,0.0,no_binario,E
STU-04411,Matematicas,4,7.4,9.0,91.1,63,0,5,1.8,79.1,78.3,1,si,0.0,no_binario,B
STU-04412,Ciencia de Datos,4,6.8,6.1,61.8,47,1,7,0.8,92.9,62.4,0,si,14.3,hombre,B
STU-04413,Estadistica,2,7.7,6.9,66.0,38,1,6,3.9,78.8,71.5,1,no,0.0,mujer,B
STU-04414,Economia,5,6.3,4.7,70.4,92,1,5,2.3,72.6,64.9,0,si,0.0,hombre,B
STU-04415,Estadistica,6,6.8,10.1,91.2,141,1,7,2.4,62.7,79.0,1,si,13.9,mujer,E
STU-04416,Actuaria,4,6.9,4.0,50.0,32,3,7,1.0,75.7,63.3,0,no,13.0,mujer,F
STU-04417,Estadistica,2,8.0,6.0,70.1,20,1,5,4.5,71.8,58.6,0,si,0.0,hombre,F
STU-04418,Estadistica,8,6.8,9.5,78.8,32,3,6,3.9,89.4,85.7,1,no,0.0,mujer,C
STU-04419,Economia,7,5.8,5.7,70.2,54,2,6,4.8,88.9,65.5,0,si,9.4,mujer,D
STU-04420,Actuaria,2,5.9,10.1,86.8,41,1,5,0.8,94.3,95.6,1,no,0.0,no_binario,F
STU-04421,Ciencia de Datos,2,7.4,7.7,93.8,145,4,7,0.5,82.4,70.2,1,no,29.3,hombre,B
STU-04422,Estadistica,4,5.9,6.4,57.1,29,4,7,8.0,96.2,75.6,1,no,23.2,hombre,E
STU-04423,Actuaria,1,6.7,8.3,76.8,81,0,4,1.0,79.1,75.6,1,no,0.0,hombre,B
STU-04424,Economia,8,6.0,4.4,61.5,29,0,6,0.8,75.6,57.8,0,no,15.9,mujer,F
STU-04425,Matematicas,2,6.2,5.8,68.0,36,2,9,0.1,92.7,53.2,0,si,0.0,hombre,A
STU-04426,Estadistica,1,6.5,8.3,86.3,35,2,6,2.1,76.4,83.1,1,si,0.0,mujer,E
STU-04427,Actuaria,6,5.6,6.7,77.8,10,1,5,0.9,74.8,63.1,0,si,0.0,hombre,B
STU-04428,Economia,6,7.6,7.2,85.8,65,3,4,4.0,93.9,94.9,1,no,11.7,mujer,F
STU-04429,Ciencia de Datos,3,7.7,5.9,85.1,31,0,4,6.1,75.9,76.8,1,si,14.3,mujer,C
STU-04430,Estadistica,6,7.2,14.6,72.2,24,1,8,1.1,99.7,97.5,1,si,0.0,mujer,E
STU-04431,Estadistica,1,6.5,3.3,74.3,28,0,3,0.7,83.2,75.2,1,si,0.0,hombre,A
STU-04432,Matematicas,6,7.3,6.3,72.2,18,0,6,2.1,83.2,83.9,1,no,0.0,mujer,F
STU-04433,Estadistica,1,9.1,6.7,73.8,48,0,5,1.9,77.2,74.1,1,no,0.0,hombre,E
STU-04434,Ciencia de Datos,4,8.4,6.0,70.3,31,3,7,0.9,82.7,67.4,0,si,17.2,mujer,A
STU-04435,Actuaria,6,5.6,8.2,76.0,105,0,6,4.2,97.8,76.9,1,si,0.0,hombre,E
STU-04436,Estadistica,5,7.5,12.4,99.7,71,2,6,9.0,93.1,98.2,1,no,0.0,prefiere_no_decir,C
STU-04437,Economia,6,6.3,7.8,68.8,65,1,6,3.0,81.5,86.3,1,no,0.0,hombre,B
STU-04438,Ciencia de Datos,8,6.5,6.5,90.9,84,1,5,0.8,84.3,76.3,1,si,0.0,no_binario,F
STU-04439,Estadistica,9,6.5,0.5,66.7,34,1,7,2.6,91.5,67.8,0,no,23.6,hombre,E
STU-04440,Ciencia de Datos,1,8.5,6.9,78.1,119,0,5,0.6,77.0,66.2,0,si,0.0,no_binario,B
STU-04441,Estadistica,6,8.1,5.3,80.9,84,1,5,3.6,79.0,67.1,0,no,0.0,mujer,A
STU-04442,Matematicas,9,6.0,10.6,82.2,129,3,7,4.0,89.7,85.9,1,no,0.0,hombre,C
STU-04443,Ciencia de Datos,5,8.3,11.7,73.5,33,0,5,3.3,70.5,78.2,1,si,0.0,hombre,F
STU-04444,Matematicas,2,5.9,3.4,71.8,78,0,4,1.9,86.7,67.3,0,no,20.7,mujer,C
STU-04445,Matematicas,8,7.2,7.7,80.1,86,3,8,7.6,76.1,69.6,0,no,0.0,prefiere_no_decir,F
STU-04446,Ciencia de Datos,9,9.2,9.9,81.9,42,3,8,1.2,87.0,72.6,1,no,0.0,hombre,A
STU-04447,Estadistica,3,6.6,5.6,83.4,108,3,6,5.2,85.5,71.4,1,no,16.1,hombre,E
STU-04448,Matematicas,9,6.3,9.6,86.7,72,1,6,2.1,89.7,75.6,1,no,0.0,mujer,F
STU-04449,Estadistica,1,5.6,0.5,56.9,44,3,8,0.2,78.1,48.1,0,no,33.7,hombre,D
STU-04450,Matematicas,5,8.3,7.4,66.5,58,0,6,1.9,81.6,74.9,1,si,0.0,no_binario,F
STU-04451,Estadistica,2,7.7,5.4,96.0,59,1,2,2.6,91.8,89.4,1,no,0.0,hombre,C
STU-04452,Estadistica,6,6.9,7.3,62.5,18,1,6,2.8,87.3,72.7,1,si,0.0,hombre,F
STU-04453,Estadistica,4,7.2,7.7,70.7,45,0,7,1.5,89.4,77.9,1,si,31.7,hombre,C
STU-04454,Actuaria,2,6.2,8.1,81.0,44,4,5,3.4,75.4,69.4,0,si,0.0,prefiere_no_decir,C
STU-04455,Estadistica,1,6.5,4.0,89.5,74,0,5,5.3,69.6,56.2,0,no,0.0,mujer,C
STU-04456,Actuaria,6,7.0,4.3,69.0,20,3,8,3.1,87.4,59.2,0,no,27.7,hombre,B
STU-04457,Estadistica,1,8.1,6.7,79.4,14,1,5,1.1,72.9,75.3,1,no,0.0,hombre,D
STU-04458,Actuaria,7,8.9,9.7,88.6,60,0,6,0.7,72.8,69.0,0,no,0.0,mujer,A
STU-04459,Estadistica,3,8.2,8.4,92.5,101,2,5,1.7,81.8,80.9,1,no,14.9,hombre,A
STU-04460,Economia,6,5.9,7.0,82.3,73,1,6,0.3,87.6,69.7,0,si,19.3,mujer,B
STU-04461,Estadistica,5,6.9,5.0,69.7,105,2,6,1.4,88.2,76.9,1,no,27.3,hombre,A
STU-04462,Matematicas,6,8.4,7.9,87.6,31,0,7,1.1,77.0,76.7,1,no,0.0,hombre,D
STU-04463,Estadistica,9,5.7,7.6,67.2,74,1,9,1.4,92.9,61.1,0,no,21.8,hombre,A
STU-04464,Economia,8,6.7,7.2,81.7,26,4,7,2.5,100.0,77.5,1,no,0.0,mujer,D
STU-04465,Estadistica,4,7.7,10.2,72.1,35,0,5,0.2,82.4,76.3,1,no,0.0,mujer,D
STU-04466,Actuaria,5,6.4,6.9,76.5,1,1,7,1.8,87.0,68.7,0,si,20.2,mujer,C
STU-04467,Economia,9,6.0,9.3,87.5,24,2,7,1.6,71.4,76.6,1,no,18.1,hombre,F
STU-04468,Estadistica,7,6.9,8.7,74.8,6,2,6,3.2,79.5,77.6,1,no,0.0,mujer,C
STU-04469,Actuaria,7,6.0,12.9,100.0,88,1,6,0.8,86.7,92.4,1,no,0.0,mujer,B
STU-04470,Matematicas,1,7.1,5.0,85.2,72,4,5,1.9,90.0,77.9,1,si,0.0,hombre,A
STU-04471,Actuaria,6,7.0,8.4,82.6,13,2,6,1.0,92.8,80.5,1,si,0.0,hombre,D
STU-04472,Economia,2,7.0,4.7,69.1,43,2,4,1.2,80.6,70.0,1,si,0.0,hombre,B
STU-04473,Economia,5,6.4,5.9,83.7,112,2,4,6.7,97.2,76.2,1,si,0.0,hombre,B
STU-04474,Estadistica,7,7.4,4.7,87.5,110,0,4,2.7,85.1,72.6,1,si,0.0,mujer,B
STU-04475,Matematicas,2,8.3,4.1,77.1,30,1,3,0.7,68.8,51.6,0,no,0.0,hombre,B
STU-04476,Estadistica,4,7.5,3.9,55.1,7,1,6,3.0,89.3,65.9,0,no,0.0,mujer,A
STU-04477,Estadistica,7,6.9,12.5,100.0,45,1,7,2.9,93.1,100.0,1,no,2.5,mujer,A
STU-04478,Matematicas,9,7.4,9.8,100.0,130,2,6,3.8,73.3,87.6,1,no,0.0,mujer,E
STU-04479,Estadistica,4,7.3,7.2,58.9,65,1,7,3.3,86.0,65.6,0,si,14.9,no_binario,A
STU-04480,Estadistica,5,8.9,7.7,85.6,21,0,4,0.4,86.7,73.1,1,si,0.0,mujer,C
STU-04481,Estadistica,3,7.0,7.5,71.1,28,4,7,0.7,85.1,74.7,1,si,7.1,prefiere_no_decir,E
STU-04482,Matematicas,8,6.2,5.1,70.3,50,0,6,1.1,92.8,72.7,1,no,15.6,prefiere_no_decir,D
STU-04483,Ciencia de Datos,9,7.5,8.5,85.7,72,2,5,0.9,94.2,82.5,1,no,3.0,hombre,E
STU-04484,Estadistica,7,5.8,3.4,77.5,123,0,7,2.2,85.7,62.5,0,si,17.1,mujer,E
STU-04485,Economia,8,7.1,6.7,76.4,36,0,7,1.6,82.8,63.2,0,si,17.1,hombre,B
STU-04486,Estadistica,8,6.0,9.0,83.7,67,1,7,1.3,84.8,84.7,1,si,0.0,mujer,E
STU-04487,Estadistica,5,6.8,7.3,100.0,193,2,7,0.7,96.7,88.6,1,si,17.8,mujer,B
STU-04488,Matematicas,4,8.2,9.4,100.0,144,1,5,1.7,72.2,78.8,1,no,0.0,hombre,E
STU-04489,Actuaria,9,7.0,7.2,73.4,67,3,9,3.8,70.8,67.5,0,si,26.3,hombre,C
STU-04490,Actuaria,8,7.0,10.1,88.4,46,1,4,2.0,80.5,87.9,1,no,0.0,mujer,C
STU-04491,Estadistica,4,6.2,2.6,83.3,106,1,8,5.7,69.0,47.5,0,no,12.7,mujer,A
STU-04492,Estadistica,8,5.9,11.0,86.1,70,0,8,1.9,100.0,95.4,1,no,0.0,no_binario,F
STU-04493,Ciencia de Datos,7,6.2,9.6,84.9,51,3,7,1.0,98.1,88.7,1,si,0.0,mujer,A
STU-04494,Economia,8,7.1,9.6,85.6,59,3,6,2.3,94.8,83.2,1,no,0.0,mujer,B
STU-04495,Economia,2,6.6,5.5,70.1,18,1,4,2.0,78.1,71.4,1,no,0.0,hombre,D
STU-04496,Ciencia de Datos,5,8.1,9.3,89.7,91,2,5,1.9,92.8,84.8,1,si,0.0,mujer,F
STU-04497,Ciencia de Datos,8,7.9,7.0,90.2,134,2,6,2.8,83.8,75.4,1,no,8.4,mujer,D
STU-04498,Ciencia de Datos,5,8.1,8.1,86.8,88,0,6,3.1,82.8,81.2,1,no,0.0,mujer,F
STU-04499,Estadistica,9,5.6,7.7,85.2,73,1,4,2.7,83.2,77.9,1,no,0.0,mujer,A
STU-04500,Actuaria,3,6.7,6.1,64.9,19,2,9,5.5,71.9,46.7,0,no,10.6,hombre,D
STU-04501,Estadistica,5,6.8,7.7,81.8,70,1,5,5.7,88.7,75.4,1,no,11.8,prefiere_no_decir,E
STU-04502,Actuaria,1,7.1,6.4,89.5,84,0,4,2.1,65.8,82.1,1,si,0.0,mujer,D
STU-04503,Economia,5,6.8,4.7,79.7,74,2,6,0.8,73.8,59.4,0,si,22.3,mujer,E
STU-04504,Matematicas,2,7.4,2.2,79.2,28,0,6,6.1,73.7,76.0,1,no,0.0,hombre,B
STU-04505,Economia,4,7.7,5.4,70.7,0,1,6,2.7,85.3,68.3,0,si,0.0,hombre,F
STU-04506,Economia,8,6.2,10.3,76.3,49,0,7,2.5,73.5,66.9,0,no,0.0,mujer,A
STU-04507,Economia,8,6.8,5.6,66.3,36,4,6,3.0,84.7,70.7,1,no,17.6,mujer,A
STU-04508,Matematicas,1,6.8,5.8,74.8,23,1,6,0.9,87.9,81.5,1,no,13.3,hombre,E
STU-04509,Actuaria,6,7.5,7.3,73.5,2,1,5,1.0,70.6,65.6,0,no,0.0,hombre,B
STU-04510,Actuaria,8,7.0,4.8,85.9,126,3,5,4.5,97.4,92.6,1,no,0.0,hombre,A
STU-04511,Actuaria,6,6.9,7.2,90.5,95,3,6,2.6,69.3,56.1,0,si,0.0,hombre,A
STU-04512,Economia,4,8.3,4.1,84.9,15,0,4,4.3,97.1,85.2,1,no,0.0,mujer,E
STU-04513,Actuaria,2,7.1,6.7,67.2,24,3,8,6.1,77.3,68.6,0,si,0.0,mujer,C
STU-04514,Estadistica,8,6.7,1.8,78.6,122,1,4,0.5,88.7,65.3,0,si,19.9,mujer,D
STU-04515,Estadistica,6,6.9,6.7,68.3,0,3,6,5.4,80.8,75.7,1,no,0.0,mujer,F
STU-04516,Estadistica,5,5.5,8.7,79.6,46,2,6,2.9,90.1,86.1,1,no,0.0,hombre,F
STU-04517,Estadistica,4,7.5,5.9,70.2,24,1,6,1.5,92.2,79.8,1,si,7.6,hombre,F
STU-04518,Actuaria,3,7.2,2.3,69.8,69,3,7,5.3,75.0,56.6,0,si,24.9,hombre,C
STU-04519,Estadistica,2,6.7,5.2,68.5,5,4,9,3.7,77.3,45.4,0,no,30.7,mujer,B
STU-04520,Economia,9,6.9,8.7,79.2,61,2,5,2.1,81.6,77.3,1,si,0.0,mujer,B
STU-04521,Matematicas,9,6.2,8.8,67.5,111,1,8,0.9,85.7,79.8,1,si,29.5,hombre,E
STU-04522,Actuaria,7,7.1,9.4,80.1,49,0,4,2.2,91.6,88.8,1,no,20.3,mujer,C
STU-04523,Economia,5,7.2,1.3,100.0,220,2,4,3.9,91.1,83.1,1,no,0.0,mujer,B
STU-04524,Economia,4,8.6,8.6,74.8,62,0,5,1.1,82.6,66.6,0,si,0.0,prefiere_no_decir,C
STU-04525,Estadistica,6,7.9,14.9,96.2,82,2,6,1.9,86.5,93.7,1,no,0.0,hombre,B
STU-04526,Estadistica,8,7.0,4.7,72.4,87,4,6,2.7,99.8,58.1,0,si,24.2,mujer,B
STU-04527,Estadistica,5,7.6,8.2,70.3,36,1,5,5.0,92.7,82.9,1,no,0.0,mujer,F
STU-04528,Ciencia de Datos,4,6.6,7.7,71.7,21,2,6,1.5,92.5,79.5,1,no,0.0,mujer,C
STU-04529,Ciencia de Datos,8,8.2,8.0,79.0,30,2,7,6.0,83.7,68.1,0,si,0.0,hombre,B
STU-04530,Estadistica,7,7.6,10.9,81.9,5,0,5,1.5,84.0,89.0,1,si,0.0,hombre,E
STU-04531,Estadistica,4,7.3,5.8,75.9,52,2,6,4.5,96.3,78.7,1,no,0.0,hombre,B
STU-04532,Estadistica,6,7.3,3.8,88.7,110,1,7,1.6,72.9,65.6,0,no,0.0,mujer,D
STU-04533,Economia,7,6.7,12.0,87.6,40,6,8,5.7,96.1,90.7,1,si,0.0,hombre,B
STU-04534,Economia,2,8.6,4.9,74.1,37,2,7,3.6,90.2,59.8,0,no,20.0,hombre,D
STU-04535,Estadistica,8,6.4,9.1,72.4,61,2,8,9.0,85.0,88.3,1,si,9.7,mujer,D
STU-04536,Economia,8,6.5,8.5,81.8,44,1,7,1.0,74.0,73.3,1,si,0.0,mujer,C
STU-04537,Estadistica,8,8.4,11.1,72.0,0,3,5,0.9,88.1,77.8,1,si,0.0,mujer,B
STU-04538,Estadistica,7,8.1,5.1,73.4,19,1,7,1.8,83.0,78.1,1,no,21.3,hombre,F
STU-04539,Economia,5,8.5,9.7,78.5,68,0,5,0.6,82.4,78.6,1,si,0.0,prefiere_no_decir,C
STU-04540,Actuaria,7,7.2,7.7,81.7,87,0,6,2.8,81.0,67.7,0,si,0.0,hombre,A
STU-04541,Ciencia de Datos,1,6.5,1.6,75.6,0,2,7,2.6,86.9,64.4,0,si,26.0,hombre,D
STU-04542,Ciencia de Datos,3,7.4,8.0,90.2,120,1,3,4.8,80.2,87.7,1,no,0.0,mujer,C
STU-04543,Estadistica,6,7.3,7.3,95.6,154,0,6,2.4,84.9,73.2,1,no,18.1,hombre,B
STU-04544,Economia,3,5.4,5.6,89.0,45,1,6,2.0,85.8,65.9,0,si,0.0,mujer,D
STU-04545,Actuaria,1,7.0,7.4,79.4,56,2,5,5.7,92.7,85.6,1,si,0.0,hombre,E
STU-04546,Ciencia de Datos,1,6.9,4.5,68.8,39,1,6,3.4,87.3,60.2,0,no,15.9,hombre,E
STU-04547,Actuaria,6,6.1,10.3,92.1,78,1,9,1.5,98.7,82.7,1,no,5.9,mujer,C
STU-04548,Ciencia de Datos,2,8.3,5.7,89.0,62,4,5,2.5,88.9,73.6,1,no,26.2,hombre,E
STU-04549,Estadistica,7,7.5,7.6,80.8,90,2,6,3.4,84.3,80.4,1,no,0.0,mujer,D
STU-04550,Matematicas,6,7.3,7.5,100.0,123,1,4,1.9,88.6,83.6,1,no,0.0,mujer,F
STU-04551,Estadistica,8,6.5,6.4,81.6,48,3,7,0.8,73.2,67.4,0,si,0.0,hombre,E
STU-04552,Ciencia de Datos,5,6.5,9.5,85.8,19,1,6,0.5,70.9,74.5,1,no,0.0,mujer,B
STU-04553,Ciencia de Datos,9,5.3,9.5,71.5,27,2,8,5.8,74.2,63.0,0,si,0.0,hombre,B
STU-04554,Actuaria,9,6.9,9.9,85.2,33,0,6,1.5,91.7,90.2,1,no,0.0,hombre,C
STU-04555,Economia,2,7.7,6.0,85.2,30,1,6,1.8,94.5,79.3,1,no,19.8,hombre,C
STU-04556,Matematicas,9,6.0,4.1,52.0,10,1,8,5.7,91.5,54.7,0,si,18.6,mujer,C
STU-04557,Economia,8,7.0,8.7,81.4,63,5,7,5.4,76.9,67.0,0,no,18.1,mujer,A
STU-04558,Actuaria,9,7.9,10.3,80.8,30,3,7,5.5,84.2,87.8,1,si,10.1,mujer,B
STU-04559,Economia,3,8.6,8.9,100.0,89,2,3,1.7,82.8,82.5,1,no,0.0,mujer,D
STU-04560,Estadistica,3,6.1,5.2,95.2,97,0,5,3.7,81.3,82.4,1,si,14.3,hombre,F
STU-04561,Actuaria,4,6.6,6.1,100.0,77,1,7,4.2,91.6,82.1,1,si,0.0,hombre,C
STU-04562,Economia,4,6.2,4.3,65.6,15,2,6,5.3,86.7,59.1,0,no,0.0,mujer,A
STU-04563,Estadistica,9,5.0,7.5,72.7,4,4,8,1.2,91.9,63.3,0,no,34.7,mujer,F
STU-04564,Actuaria,5,7.3,7.5,59.5,7,1,6,2.8,66.1,72.1,1,no,0.0,mujer,B
STU-04565,Estadistica,8,7.1,9.2,91.4,108,0,6,2.7,92.7,98.5,1,si,0.0,hombre,F
STU-04566,Ciencia de Datos,8,7.7,8.5,79.1,109,3,5,3.9,83.8,85.0,1,no,0.0,hombre,B
STU-04567,Economia,9,6.8,4.8,79.8,66,0,8,0.9,88.4,72.0,1,si,0.0,mujer,D
STU-04568,Actuaria,1,6.3,0.5,77.7,35,1,4,2.1,79.3,61.3,0,si,15.5,mujer,A
STU-04569,Estadistica,7,8.2,5.1,71.9,77,1,7,1.9,82.3,73.3,1,no,12.9,hombre,C
STU-04570,Actuaria,4,7.6,1.7,64.8,87,0,4,1.6,70.5,54.4,0,no,22.1,mujer,B
STU-04571,Actuaria,4,7.9,2.5,76.2,77,3,6,1.0,62.6,66.8,0,no,0.0,hombre,C
STU-04572,Actuaria,9,6.7,12.0,85.1,45,0,5,1.6,79.1,84.0,1,no,0.0,hombre,C
STU-04573,Actuaria,1,7.9,6.0,95.1,63,2,4,2.3,92.4,84.0,1,no,0.0,hombre,F
STU-04574,Actuaria,6,7.2,6.4,67.8,113,2,7,2.2,66.4,68.5,0,si,0.0,mujer,E
STU-04575,Matematicas,3,6.8,4.6,86.9,64,2,6,1.3,86.7,71.4,1,no,13.0,hombre,D
STU-04576,Matematicas,8,5.1,8.9,68.2,14,2,7,5.7,89.6,66.8,0,no,10.5,mujer,F
STU-04577,Actuaria,9,5.9,8.1,62.5,31,0,7,1.9,62.0,64.8,0,si,0.0,mujer,E
STU-04578,Ciencia de Datos,4,6.9,8.5,75.4,16,2,5,1.2,94.9,85.0,1,no,17.2,mujer,B
STU-04579,Estadistica,4,7.2,6.5,71.7,45,2,5,2.5,65.4,59.4,0,no,0.0,mujer,D
STU-04580,Actuaria,7,6.8,10.7,82.9,33,3,6,0.5,72.0,86.7,1,no,0.0,hombre,D
STU-04581,Estadistica,6,7.9,7.7,69.0,58,1,7,0.1,91.4,70.9,1,si,13.4,hombre,A
STU-04582,Actuaria,1,6.9,6.0,88.7,47,0,4,3.2,67.2,72.7,1,no,0.0,hombre,F
STU-04583,Estadistica,1,7.3,3.9,71.7,31,1,5,2.4,70.1,60.5,0,no,0.0,hombre,D
STU-04584,Economia,5,7.5,9.2,82.3,0,2,6,5.8,80.5,84.9,1,si,0.0,hombre,D
STU-04585,Economia,8,6.5,5.4,56.3,16,2,6,1.2,74.1,51.3,0,no,15.7,hombre,E
STU-04586,Estadistica,4,8.6,9.3,80.5,17,1,4,1.7,75.7,83.3,1,no,0.0,mujer,B
STU-04587,Ciencia de Datos,7,6.1,9.0,66.5,55,2,7,4.1,80.0,73.2,1,no,0.0,mujer,D
STU-04588,Estadistica,4,7.0,7.0,88.0,51,1,6,8.5,81.8,76.9,1,si,0.0,mujer,B
STU-04589,Actuaria,1,9.6,3.0,72.6,30,1,4,4.6,69.9,38.8,0,no,0.0,hombre,E
STU-04590,Matematicas,8,5.5,7.6,66.6,17,4,7,2.1,86.7,70.0,1,no,27.9,hombre,C
STU-04591,Estadistica,1,8.6,1.2,69.5,10,3,5,4.2,62.8,43.7,0,si,0.0,mujer,C
STU-04592,Matematicas,4,6.4,4.4,65.8,6,1,7,1.8,99.2,67.0,0,si,25.5,hombre,B
STU-04593,Ciencia de Datos,2,7.0,6.6,75.4,62,2,5,5.2,68.8,72.1,1,si,0.0,mujer,E
STU-04594,Estadistica,5,8.0,3.5,72.7,114,3,7,4.4,70.2,58.9,0,no,13.5,mujer,A
STU-04595,Ciencia de Datos,1,7.5,4.0,94.1,49,1,5,5.3,80.1,63.2,0,no,0.0,no_binario,B
STU-04596,Estadistica,2,6.5,5.3,65.1,24,2,7,3.3,85.4,70.5,1,no,13.0,mujer,F
STU-04597,Estadistica,6,6.7,9.3,83.6,74,3,6,2.5,78.4,77.5,1,no,10.7,mujer,A
STU-04598,Actuaria,2,5.8,0.5,77.8,130,5,7,1.0,70.9,54.5,0,no,26.9,mujer,F
STU-04599,Ciencia de Datos,2,6.3,7.6,83.9,34,1,4,2.7,84.4,83.0,1,no,0.0,mujer,C
STU-04600,Matematicas,3,8.4,5.4,91.8,58,1,2,2.3,79.5,72.9,1,no,0.0,mujer,D
STU-04601,Estadistica,2,7.7,0.5,66.9,116,1,6,8.2,72.1,58.8,0,si,0.0,hombre,B
STU-04602,Estadistica,1,7.1,6.4,77.8,36,5,6,4.5,96.9,85.8,1,no,18.7,prefiere_no_decir,E
STU-04603,Actuaria,3,8.5,3.7,68.9,12,0,5,0.9,67.8,61.2,0,no,0.0,hombre,E
STU-04604,Ciencia de Datos,7,7.1,8.8,79.3,31,1,7,0.3,85.1,65.5,0,si,0.0,prefiere_no_decir,A
STU-04605,Estadistica,9,7.4,7.5,80.0,52,3,4,0.1,90.6,92.3,1,no,0.0,hombre,A
STU-04606,Estadistica,9,6.7,6.3,85.4,20,0,9,2.4,71.0,59.6,0,si,21.4,mujer,A
STU-04607,Ciencia de Datos,6,8.2,8.1,72.9,37,3,7,3.5,87.1,73.9,1,no,0.0,mujer,A
STU-04608,Ciencia de Datos,9,8.7,6.5,75.0,38,0,5,1.4,77.9,75.4,1,no,0.0,hombre,B
STU-04609,Economia,7,8.0,8.3,84.5,105,1,7,1.9,77.4,78.9,1,no,15.6,mujer,E
STU-04610,Estadistica,8,9.2,4.2,74.3,25,0,7,1.1,77.6,58.8,0,si,0.0,mujer,A
STU-04611,Estadistica,1,6.5,5.5,73.7,49,2,5,2.0,74.2,69.0,0,si,15.9,hombre,C
STU-04612,Economia,8,6.1,9.8,89.1,31,1,6,2.0,89.3,94.1,1,no,0.0,hombre,C
STU-04613,Economia,9,6.8,8.0,80.2,90,2,8,5.2,87.7,70.1,1,no,0.0,no_binario,B
STU-04614,Ciencia de Datos,4,7.2,3.8,71.4,10,3,6,1.5,70.8,68.7,0,no,0.0,mujer,D
STU-04615,Estadistica,5,6.6,6.9,88.3,126,3,8,5.1,87.6,65.8,0,no,23.8,hombre,B
STU-04616,Ciencia de Datos,2,7.2,5.7,71.5,66,1,6,7.2,71.3,81.6,1,no,0.0,mujer,F
STU-04617,Estadistica,9,6.7,7.0,90.9,144,3,7,0.1,77.6,68.2,0,no,24.5,mujer,C
STU-04618,Actuaria,7,6.3,9.3,69.5,5,1,8,0.6,100.0,80.7,1,no,21.4,hombre,F
STU-04619,Matematicas,4,8.1,9.4,84.4,57,1,4,2.9,78.5,91.4,1,no,0.0,mujer,E
STU-04620,Actuaria,9,7.8,8.6,86.9,87,0,7,0.9,83.8,80.1,1,no,17.5,mujer,D
STU-04621,Estadistica,2,7.5,5.5,67.9,3,1,7,1.4,71.0,46.7,0,si,10.3,mujer,A
STU-04622,Ciencia de Datos,8,6.7,7.6,78.0,61,1,7,0.7,68.7,63.7,0,no,18.0,mujer,A
STU-04623,Matematicas,4,6.8,7.6,83.1,45,2,7,3.4,77.6,78.6,1,no,0.0,mujer,F
STU-04624,Actuaria,8,6.3,7.4,67.6,26,1,7,3.6,69.2,58.9,0,no,11.9,mujer,F
STU-04625,Actuaria,2,7.1,5.4,79.6,82,3,5,0.6,79.3,72.6,1,no,0.0,mujer,E
STU-04626,Estadistica,5,7.3,3.9,55.1,0,0,6,0.5,92.4,69.9,0,no,31.9,mujer,B
STU-04627,Economia,2,6.1,10.4,80.4,16,0,5,2.9,76.2,76.2,1,si,0.0,mujer,D
STU-04628,Estadistica,2,8.2,3.4,85.4,60,2,4,4.2,83.7,74.9,1,si,0.0,prefiere_no_decir,E
STU-04629,Matematicas,2,6.1,5.3,88.2,120,2,6,1.8,87.7,70.0,1,no,19.1,mujer,E
STU-04630,Estadistica,7,6.8,7.7,82.8,67,2,7,1.0,85.7,74.8,1,no,19.3,hombre,D
STU-04631,Estadistica,5,9.2,5.1,74.2,111,0,4,3.3,76.2,74.1,1,si,0.0,mujer,B
STU-04632,Estadistica,7,6.4,5.1,83.3,46,1,7,2.8,77.9,63.7,0,no,0.0,mujer,B
STU-04633,Estadistica,6,8.6,8.5,94.3,42,0,4,2.8,89.3,71.3,1,si,0.0,no_binario,C
STU-04634,Estadistica,3,6.2,6.7,83.0,73,1,5,2.5,78.5,80.4,1,si,24.7,prefiere_no_decir,F
STU-04635,Estadistica,9,7.4,10.0,97.5,81,2,6,2.0,84.1,83.3,1,si,11.8,hombre,D
STU-04636,Economia,9,6.1,9.8,81.4,49,2,7,1.5,88.8,90.0,1,si,0.0,hombre,D
STU-04637,Estadistica,8,6.4,9.7,78.0,55,2,8,2.4,91.5,85.7,1,si,20.1,hombre,D
STU-04638,Actuaria,9,5.9,5.8,58.3,0,1,9,1.5,83.7,50.0,0,no,18.3,mujer,E
STU-04639,Actuaria,2,7.3,1.8,74.2,123,1,5,2.7,72.8,49.2,0,si,0.0,mujer,C
STU-04640,Estadistica,7,6.8,10.1,87.5,11,3,6,0.1,91.1,79.8,1,no,7.7,hombre,D
STU-04641,Economia,9,7.4,10.5,94.1,46,0,4,0.6,84.2,89.9,1,no,0.0,mujer,C
STU-04642,Actuaria,8,8.1,8.6,82.8,81,1,5,0.1,84.6,76.2,1,no,27.9,hombre,D
STU-04643,Estadistica,4,7.2,5.3,89.2,61,1,7,0.4,90.2,74.1,1,no,0.0,hombre,A
STU-04644,Actuaria,3,6.5,8.3,99.0,43,1,3,1.2,79.3,76.3,1,si,0.0,hombre,E
STU-04645,Ciencia de Datos,1,8.0,6.5,91.6,5,2,6,2.2,75.8,69.2,0,no,0.0,mujer,C
STU-04646,Economia,2,7.2,6.8,70.9,40,0,4,1.3,86.0,83.4,1,no,0.0,mujer,D
STU-04647,Matematicas,1,7.7,7.0,78.9,60,1,5,0.2,68.8,65.3,0,no,0.0,prefiere_no_decir,B
STU-04648,Estadistica,3,6.6,4.5,93.0,178,0,4,0.5,87.2,71.2,1,si,14.1,hombre,D
STU-04649,Estadistica,8,5.9,11.7,100.0,188,1,4,2.3,86.8,93.5,1,no,0.0,hombre,C
STU-04650,Ciencia de Datos,6,6.2,6.6,70.7,96,2,6,1.3,86.9,72.1,1,no,18.7,mujer,D
STU-04651,Ciencia de Datos,5,7.2,3.0,78.1,62,0,6,1.0,81.7,70.4,1,si,24.5,mujer,B
STU-04652,Estadistica,9,7.8,10.3,85.1,72,2,6,3.2,98.0,89.4,1,si,0.0,hombre,D
STU-04653,Estadistica,1,6.5,5.6,89.2,220,1,6,0.6,70.3,66.5,0,si,25.0,mujer,C
STU-04654,Matematicas,5,7.6,4.4,88.5,173,1,8,1.4,88.7,69.7,0,no,21.0,hombre,B
STU-04655,Economia,3,6.8,0.6,61.1,44,4,6,1.0,72.3,51.1,0,si,14.6,mujer,B
STU-04656,Actuaria,1,7.5,2.7,82.7,46,0,5,1.6,79.9,62.1,0,si,0.0,mujer,C
STU-04657,Estadistica,6,6.2,6.6,67.8,59,0,5,2.4,80.7,73.1,1,no,0.0,hombre,E
STU-04658,Ciencia de Datos,1,7.2,8.0,78.4,8,0,7,5.6,92.1,76.2,1,no,0.0,hombre,E
STU-04659,Estadistica,5,6.5,4.4,82.4,63,3,7,1.7,83.8,75.4,1,no,0.0,hombre,F
STU-04660,Matematicas,5,7.4,7.4,98.8,80,0,3,1.5,81.6,82.6,1,no,0.0,prefiere_no_decir,E
STU-04661,Estadistica,4,5.2,4.7,76.7,45,2,7,8.4,100.0,77.2,1,no,12.9,mujer,F
STU-04662,Economia,6,7.7,10.1,90.8,45,2,7,0.9,91.7,95.3,1,no,0.0,hombre,E
STU-04663,Estadistica,2,9.2,7.1,85.0,26,1,6,1.4,84.7,78.4,1,si,0.0,mujer,F
STU-04664,Actuaria,4,7.6,7.1,79.4,48,1,5,1.5,81.2,82.1,1,no,0.0,mujer,F
STU-04665,Estadistica,2,6.5,4.2,66.9,42,1,5,1.3,74.9,66.0,0,no,13.6,mujer,B
STU-04666,Economia,5,7.0,5.9,83.4,60,0,4,0.9,100.0,84.2,1,si,15.0,no_binario,D
STU-04667,Ciencia de Datos,5,6.3,9.2,89.4,127,3,6,0.6,81.4,80.6,1,no,0.0,mujer,A
STU-04668,Actuaria,4,7.9,6.0,80.7,54,0,6,3.7,72.2,65.1,0,no,0.0,hombre,E
STU-04669,Matematicas,1,8.2,8.3,77.4,38,0,4,1.4,85.7,80.2,1,no,0.0,hombre,F
STU-04670,Matematicas,9,7.1,6.1,92.5,161,2,4,1.8,76.8,77.2,1,si,0.0,mujer,E
STU-04671,Estadistica,9,5.4,11.2,66.8,21,1,7,0.7,68.4,79.8,1,si,0.0,mujer,B
STU-04672,Estadistica,9,6.7,12.0,80.4,45,1,6,1.7,90.5,92.3,1,no,0.0,hombre,A
STU-04673,Estadistica,4,6.0,6.5,83.0,64,0,6,0.6,77.3,63.0,0,no,17.0,hombre,E
STU-04674,Actuaria,2,7.2,9.8,73.2,40,0,3,0.4,81.7,75.3,1,si,0.0,hombre,C
STU-04675,Actuaria,6,7.8,8.9,94.8,56,1,6,1.3,74.9,70.1,1,si,0.0,hombre,B
STU-04676,Actuaria,9,7.8,6.1,75.8,10,0,7,1.7,92.4,75.8,1,no,0.0,mujer,C
STU-04677,Actuaria,4,6.9,6.5,79.3,49,2,7,3.5,84.7,69.7,0,no,0.0,hombre,D
STU-04678,Economia,2,5.9,3.8,74.2,25,1,6,2.0,90.2,64.9,0,no,15.0,hombre,D
STU-04679,Economia,1,7.1,3.3,58.8,21,1,5,3.3,75.3,57.9,0,si,0.0,hombre,C
STU-04680,Ciencia de Datos,5,7.3,5.3,100.0,137,3,8,0.5,89.1,75.1,1,no,28.5,mujer,F
STU-04681,Estadistica,2,7.0,1.1,69.0,26,5,5,2.7,67.8,59.9,0,no,16.9,hombre,D
STU-04682,Estadistica,1,5.7,4.1,73.5,68,1,6,5.1,75.5,67.2,0,no,0.0,hombre,A
STU-04683,Estadistica,3,9.3,7.9,100.0,91,0,2,5.4,68.7,61.4,0,si,0.0,hombre,D
STU-04684,Actuaria,6,7.2,7.9,85.9,56,2,7,3.1,85.0,88.2,1,si,0.0,hombre,B
STU-04685,Estadistica,1,9.0,4.5,82.1,12,0,4,2.1,63.5,64.8,0,no,0.0,hombre,C
STU-04686,Actuaria,9,6.0,8.3,73.5,53,0,4,0.4,75.2,77.7,1,si,0.0,hombre,E
STU-04687,Matematicas,1,6.4,4.9,74.2,63,2,4,5.3,86.2,76.7,1,no,17.3,mujer,C
STU-04688,Estadistica,3,5.8,5.4,76.7,92,2,6,0.7,87.2,75.0,1,si,29.6,hombre,F
STU-04689,Ciencia de Datos,6,6.4,7.3,72.2,33,2,7,0.8,85.9,69.1,0,no,20.2,mujer,B
STU-04690,Matematicas,3,7.9,3.5,69.6,40,2,7,1.6,85.1,67.7,0,no,24.9,hombre,D
STU-04691,Estadistica,3,6.9,4.9,82.3,52,3,6,1.4,74.2,74.7,1,si,0.0,hombre,C
STU-04692,Ciencia de Datos,8,6.5,9.5,96.8,89,1,7,4.2,91.4,83.2,1,no,0.0,mujer,A
STU-04693,Actuaria,7,6.8,8.6,86.6,56,1,5,2.1,94.2,92.6,1,si,0.0,hombre,D
STU-04694,Actuaria,9,7.8,13.5,83.1,5,3,7,2.3,77.9,77.3,1,no,0.0,hombre,B
STU-04695,Actuaria,9,9.4,7.3,76.0,104,0,4,2.6,80.1,68.3,0,no,0.0,hombre,C
STU-04696,Actuaria,3,7.8,1.6,76.4,94,2,5,2.1,72.5,55.0,0,no,0.0,mujer,D
STU-04697,Matematicas,5,6.6,2.8,69.6,14,0,8,2.4,80.8,55.3,0,si,23.9,mujer,C
STU-04698,Estadistica,2,6.9,5.9,80.2,26,1,6,0.7,80.3,66.1,0,si,0.0,prefiere_no_decir,D
STU-04699,Ciencia de Datos,8,5.0,10.4,70.7,28,5,8,1.1,75.4,70.8,1,no,15.0,mujer,E
STU-04700,Ciencia de Datos,9,6.3,8.4,87.7,100,1,7,2.6,85.8,75.7,1,si,22.7,hombre,A
STU-04701,Ciencia de Datos,3,7.3,8.9,76.9,49,1,6,1.1,77.3,84.4,1,no,0.0,hombre,D
STU-04702,Actuaria,1,6.3,6.5,82.4,48,1,5,1.1,87.0,87.4,1,si,0.0,hombre,F
STU-04703,Estadistica,4,7.2,5.6,97.1,146,0,4,5.4,78.0,71.2,1,no,0.0,mujer,F
STU-04704,Actuaria,8,7.3,9.0,97.3,125,1,4,1.2,99.7,88.5,1,no,0.0,hombre,C
STU-04705,Actuaria,8,6.7,6.8,82.3,56,0,7,0.1,94.9,85.0,1,si,0.0,mujer,C
STU-04706,Economia,1,7.2,11.8,96.3,69,1,5,3.9,100.0,91.4,1,no,0.0,mujer,F
STU-04707,Economia,6,6.3,7.0,89.4,145,3,8,3.2,89.6,61.4,0,si,25.8,hombre,F
STU-04708,Estadistica,3,7.1,4.6,61.4,31,3,8,5.5,89.1,79.5,1,si,12.7,mujer,F
STU-04709,Economia,7,6.8,7.5,78.2,46,0,7,4.9,86.6,81.1,1,no,0.0,hombre,F
STU-04710,Economia,6,6.9,7.1,67.2,70,1,8,2.7,71.4,62.7,0,no,21.7,mujer,B
STU-04711,Actuaria,8,6.5,5.0,71.5,74,0,7,2.5,80.3,55.9,0,no,31.8,mujer,E
STU-04712,Matematicas,3,8.4,11.0,86.0,3,1,5,1.8,84.3,78.1,1,no,15.1,mujer,E
STU-04713,Actuaria,6,7.2,7.2,77.5,103,2,5,2.4,85.2,83.4,1,no,0.0,hombre,F
STU-04714,Actuaria,7,5.8,9.6,78.8,43,3,5,2.1,99.9,90.8,1,si,0.0,hombre,E
STU-04715,Ciencia de Datos,2,7.9,8.5,80.2,28,2,5,1.1,80.3,70.3,1,no,10.9,hombre,F
STU-04716,Estadistica,6,7.8,3.2,77.6,54,1,5,0.8,90.6,69.2,0,no,26.1,mujer,D
STU-04717,Actuaria,8,8.0,7.7,73.7,13,3,9,0.5,89.3,71.4,1,si,0.0,mujer,C
STU-04718,Ciencia de Datos,5,5.7,10.2,76.0,32,3,8,1.1,91.2,61.1,0,no,16.2,hombre,B
STU-04719,Estadistica,9,5.8,8.8,77.3,0,1,9,3.9,81.6,60.0,0,no,0.0,mujer,B
STU-04720,Estadistica,6,7.2,9.4,92.6,88,1,6,2.2,88.3,82.2,1,no,0.0,prefiere_no_decir,C
STU-04721,Actuaria,8,7.4,2.9,55.6,25,2,8,1.0,75.8,53.4,0,no,25.8,hombre,D
STU-04722,Matematicas,4,7.6,1.3,94.5,84,3,5,0.4,81.5,67.1,0,si,22.0,hombre,E
STU-04723,Ciencia de Datos,4,7.0,6.4,58.7,7,1,10,0.7,91.3,54.6,0,no,25.3,hombre,E
STU-04724,Estadistica,8,6.1,7.2,84.0,51,2,6,0.3,69.2,70.0,1,no,0.0,hombre,B
STU-04725,Actuaria,7,7.4,1.8,73.6,49,1,7,2.5,79.7,56.1,0,si,17.8,hombre,A
STU-04726,Estadistica,3,6.7,8.7,77.7,55,0,8,4.1,91.2,84.7,1,no,0.0,mujer,A
STU-04727,Economia,4,8.0,8.9,79.7,54,3,7,4.1,100.0,90.6,1,no,17.2,mujer,D
STU-04728,Actuaria,2,8.3,4.2,66.5,60,0,5,6.2,87.5,77.6,1,no,0.0,hombre,D
STU-04729,Economia,9,7.4,13.0,85.3,19,1,6,2.3,87.0,100.0,1,no,0.0,hombre,A
STU-04730,Estadistica,3,7.4,7.5,85.9,132,3,4,0.9,85.4,86.2,1,no,0.0,mujer,F
STU-04731,Estadistica,3,6.6,5.4,76.0,47,2,6,0.8,83.6,87.1,1,no,0.0,hombre,D
STU-04732,Ciencia de Datos,7,7.9,6.0,90.8,104,1,5,3.2,85.7,89.6,1,no,8.9,mujer,C
STU-04733,Economia,3,7.8,7.5,81.0,163,0,5,5.2,83.9,69.8,0,si,20.5,mujer,B
STU-04734,Actuaria,7,8.3,7.0,94.5,77,2,8,1.9,87.1,68.8,0,no,0.0,mujer,A
STU-04735,Estadistica,3,8.4,8.9,100.0,173,0,1,0.1,73.5,70.6,1,si,0.0,hombre,B
STU-04736,Actuaria,6,5.2,7.0,76.7,59,1,7,0.4,88.7,69.9,0,no,25.7,mujer,C
STU-04737,Ciencia de Datos,9,6.7,8.4,77.3,14,2,7,2.3,84.8,73.8,1,si,0.0,mujer,C
STU-04738,Estadistica,2,7.4,4.5,77.5,23,1,6,0.9,79.7,67.6,0,no,6.3,hombre,F
STU-04739,Ciencia de Datos,8,7.5,6.5,70.3,27,1,6,1.7,92.5,77.8,1,no,17.8,mujer,D
STU-04740,Matematicas,6,7.2,7.2,93.4,139,1,4,3.9,100.0,82.9,1,si,0.0,hombre,F
STU-04741,Actuaria,9,7.5,6.8,88.0,63,2,8,6.0,82.6,80.6,1,no,0.0,mujer,A
STU-04742,Matematicas,8,4.6,6.3,68.5,65,3,7,3.5,91.9,60.9,0,si,24.3,prefiere_no_decir,A
STU-04743,Estadistica,3,6.8,8.6,96.9,72,0,5,2.6,69.6,78.2,1,no,0.0,mujer,F
STU-04744,Matematicas,2,7.7,5.7,91.2,88,2,4,1.5,68.7,75.6,1,no,10.2,hombre,A
STU-04745,Economia,1,6.1,6.5,85.5,108,1,3,1.3,78.4,72.8,1,no,0.0,hombre,F
STU-04746,Ciencia de Datos,5,6.8,8.4,79.5,21,2,6,2.1,85.2,79.8,1,si,0.0,mujer,F
STU-04747,Estadistica,1,7.2,3.8,73.8,68,1,6,3.7,84.3,74.1,1,si,24.6,hombre,C
STU-04748,Actuaria,3,6.7,3.8,66.4,41,1,6,3.4,95.4,78.0,1,no,14.3,mujer,F
STU-04749,Estadistica,5,8.4,1.5,63.9,94,2,6,3.5,80.6,55.2,0,si,20.7,mujer,E
STU-04750,Economia,9,6.6,6.3,78.3,15,3,7,4.7,81.8,68.0,0,no,0.0,mujer,B
STU-04751,Estadistica,9,7.2,11.0,92.7,133,0,6,2.7,90.0,98.5,1,no,0.0,hombre,C
STU-04752,Estadistica,6,6.3,7.9,76.7,53,7,9,3.3,92.7,70.9,1,no,16.9,hombre,A
STU-04753,Matematicas,5,8.3,4.7,71.5,11,3,4,2.5,74.2,66.8,0,si,0.0,hombre,D
STU-04754,Ciencia de Datos,4,8.2,4.5,70.3,43,2,5,0.1,81.2,67.3,0,no,18.1,mujer,B
STU-04755,Matematicas,8,5.8,8.8,90.9,34,3,7,2.0,100.0,84.5,1,no,18.1,hombre,A
STU-04756,Ciencia de Datos,9,6.3,7.1,89.7,68,3,5,3.1,82.5,70.0,1,no,0.0,mujer,D
STU-04757,Estadistica,1,7.7,7.0,80.7,26,1,4,1.0,80.5,77.2,1,si,0.0,hombre,A
STU-04758,Matematicas,4,7.6,7.2,95.7,39,0,6,1.2,94.0,80.0,1,no,9.5,hombre,F
STU-04759,Actuaria,1,6.2,4.4,84.0,129,4,7,4.9,89.8,67.8,0,no,25.0,hombre,B
STU-04760,Estadistica,4,8.0,3.8,78.2,66,0,5,2.6,90.9,69.1,0,no,20.1,mujer,E
STU-04761,Estadistica,3,7.3,0.5,69.6,106,0,5,0.8,87.9,58.6,0,si,17.9,mujer,D
STU-04762,Ciencia de Datos,2,5.6,5.1,79.8,81,1,6,0.8,84.2,75.1,1,si,12.4,mujer,F
STU-04763,Estadistica,5,7.6,12.4,96.1,51,1,5,4.2,84.3,98.7,1,si,0.0,mujer,D
STU-04764,Estadistica,7,6.4,7.1,62.8,70,1,7,5.5,86.6,84.2,1,no,0.0,prefiere_no_decir,F
STU-04765,Economia,2,5.8,0.7,64.6,14,0,5,1.9,88.1,55.6,0,no,16.1,mujer,A
STU-04766,Estadistica,4,6.6,8.4,82.3,9,1,5,5.8,86.4,98.4,1,no,1.4,mujer,C
STU-04767,Estadistica,3,6.9,7.4,87.4,100,2,6,1.5,80.0,88.0,1,si,17.6,hombre,F
STU-04768,Actuaria,7,7.1,6.6,84.5,155,1,5,1.2,77.5,73.9,1,si,6.9,hombre,B
STU-04769,Estadistica,1,6.7,6.1,97.2,109,2,3,2.9,76.0,73.8,1,no,14.8,mujer,E
STU-04770,Ciencia de Datos,4,6.5,8.6,83.0,13,1,6,1.1,88.5,80.8,1,no,0.0,hombre,A
STU-04771,Matematicas,3,6.7,10.9,86.2,63,2,5,2.0,97.4,98.9,1,no,0.0,prefiere_no_decir,E
STU-04772,Ciencia de Datos,2,6.4,4.0,64.3,25,4,9,2.9,65.8,52.6,0,no,14.9,mujer,F
STU-04773,Actuaria,7,6.8,7.5,83.9,158,0,5,4.1,78.3,71.7,1,si,0.0,hombre,B
STU-04774,Estadistica,9,7.6,11.1,92.7,88,1,7,2.4,91.2,92.9,1,si,5.5,hombre,E
STU-04775,Economia,7,6.3,3.2,68.7,44,1,7,1.1,85.6,59.9,0,no,23.2,hombre,E
STU-04776,Estadistica,3,6.5,8.3,100.0,81,0,5,2.2,85.1,84.7,1,si,0.0,hombre,E
STU-04777,Economia,1,6.9,0.7,47.2,4,1,6,1.1,83.6,45.2,0,si,22.3,hombre,F
STU-04778,Economia,9,6.0,5.1,84.9,158,3,9,6.4,80.9,63.2,0,no,22.0,mujer,A
STU-04779,Estadistica,9,6.7,14.2,88.6,24,0,6,1.1,88.6,100.0,1,no,0.0,mujer,E
STU-04780,Estadistica,7,7.8,3.6,67.8,97,3,7,1.2,76.4,65.0,0,no,33.8,hombre,E
STU-04781,Ciencia de Datos,8,6.1,4.8,70.7,8,3,9,4.1,71.0,53.6,0,no,19.6,hombre,F
STU-04782,Economia,6,6.5,4.8,71.8,38,3,6,1.3,91.3,78.1,1,si,27.4,mujer,C
STU-04783,Matematicas,3,8.2,8.7,100.0,48,0,3,0.3,90.7,97.1,1,si,0.0,hombre,A
STU-04784,Economia,5,6.6,7.0,74.2,8,1,6,0.6,70.3,62.0,0,si,21.3,hombre,E
STU-04785,Estadistica,5,7.1,9.0,78.1,77,1,9,3.5,87.8,76.3,1,si,19.6,mujer,C
STU-04786,Matematicas,9,7.8,11.4,85.3,118,1,6,1.4,85.4,83.9,1,no,22.1,mujer,A
STU-04787,Estadistica,2,7.8,2.0,79.3,45,0,4,2.3,59.0,54.2,0,no,0.0,mujer,D
STU-04788,Actuaria,2,6.1,6.2,79.4,89,1,4,2.0,92.1,55.2,0,si,20.2,hombre,D
STU-04789,Matematicas,5,7.8,10.9,100.0,172,0,4,2.4,83.2,90.0,1,no,0.0,mujer,A
STU-04790,Estadistica,4,9.1,12.3,100.0,118,0,4,2.2,85.0,89.6,1,si,0.0,mujer,D
STU-04791,Estadistica,2,5.5,0.5,82.6,136,3,6,3.3,75.5,55.3,0,si,24.6,mujer,D
STU-04792,Actuaria,1,7.0,4.3,76.4,58,0,5,2.1,74.0,77.6,1,no,0.0,hombre,F
STU-04793,Matematicas,4,7.3,4.3,92.3,94,0,5,4.4,82.7,63.6,0,no,16.6,hombre,C
STU-04794,Actuaria,1,5.4,0.5,68.5,25,1,8,2.3,73.0,42.7,0,si,25.4,hombre,C
STU-04795,Economia,9,5.9,9.7,70.9,39,3,8,3.6,100.0,80.7,1,no,15.4,hombre,A
STU-04796,Estadistica,5,4.8,0.5,59.7,87,2,8,3.5,90.1,52.0,0,no,23.6,mujer,F
STU-04797,Estadistica,8,7.1,8.5,71.2,34,1,7,7.2,92.9,83.1,1,si,17.9,mujer,F
STU-04798,Economia,3,6.5,8.3,81.2,27,1,5,3.3,91.4,69.9,0,si,0.0,hombre,B
STU-04799,Economia,8,8.8,5.8,84.7,74,1,5,3.8,90.4,70.1,1,no,0.0,mujer,A
STU-04800,Economia,5,8.7,5.5,88.6,80,0,4,0.9,82.4,87.4,1,no,0.0,hombre,E
STU-04801,Estadistica,7,6.7,10.3,86.8,85,0,5,0.7,96.1,95.7,1,no,0.0,hombre,E
STU-04802,Estadistica,2,8.2,8.9,88.0,77,1,5,0.5,95.0,92.5,1,no,0.0,hombre,D
STU-04803,Ciencia de Datos,3,7.0,5.4,72.5,21,1,5,2.7,73.9,67.7,0,si,13.2,mujer,D
STU-04804,Estadistica,4,6.2,5.9,87.8,42,0,4,1.3,79.7,74.8,1,no,0.0,mujer,A
STU-04805,Ciencia de Datos,6,6.0,7.2,76.0,0,3,7,0.3,93.1,70.9,1,no,12.6,hombre,E
STU-04806,Estadistica,9,7.8,10.6,94.8,105,0,5,7.9,100.0,90.2,1,no,0.0,mujer,A
STU-04807,Ciencia de Datos,9,6.3,9.5,77.2,60,2,9,6.8,82.9,75.3,1,no,27.0,mujer,F
STU-04808,Economia,6,5.9,8.8,79.0,70,1,7,4.9,76.3,66.2,0,no,9.8,mujer,D
STU-04809,Matematicas,6,5.3,4.8,81.6,38,4,8,3.4,69.6,55.9,0,si,19.5,mujer,E
STU-04810,Ciencia de Datos,7,9.4,12.4,100.0,123,2,5,5.0,94.7,100.0,1,si,0.0,mujer,D
STU-04811,Estadistica,6,6.3,3.9,76.0,83,1,7,0.1,85.1,66.7,0,no,24.5,hombre,B
STU-04812,Estadistica,3,6.8,3.3,72.2,31,2,6,1.6,82.1,60.9,0,no,23.5,hombre,F
STU-04813,Estadistica,5,7.4,6.2,74.9,62,0,6,0.1,84.5,67.7,0,no,0.0,mujer,D
STU-04814,Matematicas,6,7.0,8.4,88.4,104,0,5,1.5,76.5,62.1,0,no,0.0,no_binario,A
STU-04815,Actuaria,9,7.1,5.1,71.8,40,1,6,1.3,100.0,80.2,1,no,17.7,hombre,C
STU-04816,Estadistica,3,6.6,6.6,70.9,67,1,6,2.4,83.7,76.0,1,no,0.0,hombre,D
STU-04817,Estadistica,2,8.2,6.2,82.2,24,1,3,3.5,81.6,77.7,1,no,0.0,mujer,C
STU-04818,Actuaria,3,6.2,0.5,74.0,37,0,6,2.2,80.3,64.6,0,si,13.2,hombre,E
STU-04819,Estadistica,4,6.9,3.9,68.2,71,2,7,5.6,74.5,62.0,0,si,26.4,mujer,C
STU-04820,Actuaria,2,7.5,6.9,64.5,19,1,5,1.1,86.1,72.2,1,no,12.8,mujer,F
STU-04821,Estadistica,9,6.5,6.8,79.6,39,0,6,1.7,88.7,80.3,1,no,0.0,mujer,F
STU-04822,Estadistica,2,6.7,8.9,81.5,23,0,5,3.4,86.6,83.8,1,no,0.0,mujer,B
STU-04823,Matematicas,9,7.5,11.6,81.8,23,1,3,1.0,88.4,100.0,1,si,0.0,hombre,E
STU-04824,Estadistica,4,7.9,7.1,89.1,45,2,6,5.8,75.1,87.4,1,no,0.0,hombre,F
STU-04825,Actuaria,2,6.9,0.5,62.8,11,0,4,7.2,73.8,68.6,0,si,0.0,mujer,F
STU-04826,Ciencia de Datos,4,7.5,2.0,61.9,43,4,8,5.8,89.3,60.6,0,no,32.2,mujer,D
STU-04827,Estadistica,3,5.8,8.1,83.2,79,3,7,2.4,71.4,75.1,1,si,0.0,hombre,D
STU-04828,Matematicas,1,6.5,0.5,54.8,83,0,6,1.0,89.1,58.1,0,no,29.8,prefiere_no_decir,B
STU-04829,Estadistica,3,7.0,7.4,74.2,29,1,6,2.4,88.0,82.7,1,si,0.0,hombre,B
STU-04830,Estadistica,7,8.1,11.5,90.9,16,1,5,1.9,97.0,96.0,1,si,0.0,hombre,B
STU-04831,Economia,1,7.5,9.4,84.7,64,1,5,2.1,84.6,74.8,1,si,0.0,mujer,F
STU-04832,Estadistica,5,6.2,11.9,100.0,37,1,8,3.9,84.2,86.5,1,si,0.0,mujer,E
STU-04833,Estadistica,8,5.9,6.9,80.7,91,4,7,0.5,87.6,63.3,0,si,33.8,hombre,E
STU-04834,Economia,4,7.8,9.3,90.0,40,1,5,1.2,88.6,77.2,1,no,0.0,mujer,F
STU-04835,Matematicas,4,6.6,8.8,98.3,83,1,5,0.1,82.5,78.8,1,si,0.0,mujer,F
STU-04836,Ciencia de Datos,4,8.4,4.7,80.9,64,0,4,3.2,88.7,78.5,1,si,0.0,mujer,E
STU-04837,Estadistica,7,5.9,8.1,76.9,60,1,6,2.2,87.5,71.7,1,no,0.0,hombre,C
STU-04838,Estadistica,3,7.9,6.1,70.9,13,2,4,1.6,97.3,83.7,1,si,0.0,mujer,A
STU-04839,Estadistica,4,7.4,4.9,84.3,186,1,5,5.5,89.0,83.5,1,no,0.0,hombre,C
STU-04840,Actuaria,2,8.8,6.6,73.2,27,2,7,1.5,82.0,68.2,0,si,0.0,mujer,B
STU-04841,Ciencia de Datos,2,6.4,10.5,94.4,67,3,6,1.2,83.8,85.7,1,no,0.0,mujer,D
STU-04842,Ciencia de Datos,1,7.0,4.3,100.0,134,0,3,2.5,70.6,68.1,0,no,0.0,hombre,B
STU-04843,Ciencia de Datos,6,8.5,7.5,79.8,32,0,6,0.8,74.8,75.3,1,si,0.0,hombre,E
STU-04844,Estadistica,3,5.0,1.9,60.9,10,0,8,6.3,84.6,55.2,0,si,16.5,hombre,D
STU-04845,Estadistica,4,6.2,5.7,84.9,58,1,5,3.6,68.4,70.4,1,no,0.0,mujer,E
STU-04846,Ciencia de Datos,8,6.3,10.1,86.3,45,4,9,1.7,82.8,78.9,1,si,20.5,mujer,E
STU-04847,Ciencia de Datos,3,7.7,1.7,75.1,135,2,4,2.0,74.0,68.1,0,no,22.3,hombre,B
STU-04848,Matematicas,5,7.1,10.2,90.1,60,0,5,1.9,78.4,83.9,1,no,0.0,hombre,C
STU-04849,Actuaria,4,7.2,7.1,94.8,107,2,8,3.6,83.5,76.7,1,no,0.0,mujer,C
STU-04850,Estadistica,4,7.3,5.1,65.5,54,0,5,0.6,81.3,69.9,0,no,0.0,mujer,C
STU-04851,Economia,6,8.2,11.1,81.5,23,1,7,2.7,84.6,84.1,1,no,0.0,mujer,B
STU-04852,Actuaria,2,7.6,2.9,80.1,42,0,5,3.9,96.5,77.8,1,no,17.2,hombre,C
STU-04853,Ciencia de Datos,8,6.7,1.5,83.3,124,4,5,1.2,61.5,52.8,0,si,31.0,mujer,A
STU-04854,Ciencia de Datos,2,7.9,3.2,74.8,36,0,5,3.0,53.2,60.1,0,no,0.0,hombre,E
STU-04855,Estadistica,4,7.1,6.2,88.7,84,2,6,1.7,77.9,73.4,1,si,15.2,hombre,F
STU-04856,Actuaria,7,6.9,9.1,68.3,12,2,8,5.8,92.0,68.2,0,no,0.0,mujer,A
STU-04857,Matematicas,9,5.9,5.9,73.5,62,2,8,7.7,82.6,65.0,0,no,0.0,hombre,E
STU-04858,Actuaria,3,7.9,3.1,75.2,117,2,7,4.6,75.1,62.2,0,no,12.1,hombre,B
STU-04859,Estadistica,6,7.7,14.8,85.4,60,2,9,3.1,82.5,82.1,1,no,0.0,mujer,D
STU-04860,Ciencia de Datos,4,7.9,8.5,89.7,76,0,4,1.6,79.8,76.6,1,no,0.0,hombre,E
STU-04861,Economia,3,6.2,3.0,74.2,63,5,6,1.3,69.3,57.8,0,no,17.1,mujer,A
STU-04862,Estadistica,9,9.3,8.2,79.3,45,2,9,4.0,87.9,59.4,0,si,10.8,hombre,C
STU-04863,Actuaria,4,7.6,8.3,70.7,70,0,7,2.0,88.8,89.6,1,no,15.1,hombre,D
STU-04864,Economia,6,6.4,4.3,72.4,36,3,6,2.6,86.5,74.9,1,si,18.6,prefiere_no_decir,D
STU-04865,Ciencia de Datos,8,5.8,9.0,71.5,80,2,10,3.6,92.9,53.4,0,si,20.6,mujer,A
STU-04866,Estadistica,5,8.6,8.0,88.2,95,5,7,4.4,65.0,62.5,0,no,0.0,mujer,F
STU-04867,Estadistica,9,6.8,12.2,93.6,46,1,6,0.7,99.8,95.8,1,no,0.0,mujer,F
STU-04868,Estadistica,7,6.8,12.3,69.4,29,4,8,3.2,89.2,78.8,1,si,0.0,hombre,A
STU-04869,Estadistica,4,7.6,5.2,86.8,42,2,5,3.5,97.2,82.5,1,no,0.0,hombre,F
STU-04870,Actuaria,7,6.9,10.2,93.1,168,2,7,3.0,93.5,84.1,1,no,0.0,mujer,E
STU-04871,Ciencia de Datos,8,8.5,9.6,100.0,67,3,7,2.2,67.4,84.9,1,si,0.0,hombre,C
STU-04872,Ciencia de Datos,9,7.6,9.9,73.4,41,1,8,5.7,89.4,79.7,1,no,0.0,hombre,F
STU-04873,Estadistica,4,7.0,3.2,74.2,75,1,6,9.0,90.7,82.7,1,no,0.0,hombre,F
STU-04874,Matematicas,9,7.8,8.0,75.1,56,2,8,5.8,83.6,69.7,0,si,0.0,mujer,A
STU-04875,Matematicas,8,6.4,9.9,87.8,37,1,9,1.6,93.8,81.1,1,no,0.0,hombre,A
STU-04876,Ciencia de Datos,3,7.7,9.6,89.9,84,0,4,3.6,82.3,84.2,1,si,0.0,hombre,C
STU-04877,Estadistica,1,8.2,1.3,87.5,113,1,4,1.7,63.7,59.7,0,no,0.0,mujer,D
STU-04878,Actuaria,5,6.9,5.8,79.9,90,1,3,1.5,78.2,72.6,1,si,0.0,hombre,D
STU-04879,Estadistica,3,10.5,7.3,83.0,45,1,3,3.0,75.3,61.3,0,si,0.0,hombre,A
STU-04880,Matematicas,3,7.3,3.1,75.2,39,3,6,0.7,91.1,70.5,1,si,0.0,hombre,E
STU-04881,Estadistica,5,5.1,7.1,89.0,104,1,7,1.2,90.7,68.0,0,no,17.8,mujer,B
STU-04882,Matematicas,1,7.4,7.6,100.0,170,0,3,1.8,82.1,93.2,1,si,0.0,hombre,E
STU-04883,Estadistica,3,7.0,9.5,92.4,69,3,6,6.9,86.9,76.6,1,no,0.0,hombre,A
STU-04884,Ciencia de Datos,5,6.7,5.9,78.4,54,1,6,4.0,88.1,76.3,1,no,18.1,hombre,C
STU-04885,Estadistica,9,6.7,10.5,84.7,98,2,6,0.5,92.5,92.0,1,si,14.2,hombre,E
STU-04886,Actuaria,4,7.2,5.8,73.2,22,3,7,1.5,97.3,86.5,1,no,15.4,hombre,E
STU-04887,Estadistica,4,7.4,10.5,71.3,23,0,6,1.9,86.6,84.7,1,no,0.0,hombre,D
STU-04888,Estadistica,7,7.0,8.6,86.9,69,1,6,4.9,77.0,73.2,1,no,0.0,mujer,D
STU-04889,Matematicas,8,4.3,5.0,74.6,68,1,8,0.7,78.6,45.7,0,no,22.9,hombre,B
STU-04890,Matematicas,6,6.8,3.0,61.6,21,0,4,2.1,96.5,69.9,0,no,16.8,mujer,F
STU-04891,Estadistica,5,6.5,2.1,77.3,112,3,7,3.9,84.0,68.3,0,si,27.8,mujer,F
STU-04892,Estadistica,3,6.1,1.7,70.2,87,2,5,0.9,78.7,55.6,0,no,27.4,hombre,F
STU-04893,Ciencia de Datos,4,7.1,4.5,70.6,24,0,2,0.7,75.5,85.7,1,no,9.9,mujer,D
STU-04894,Matematicas,6,6.6,7.5,87.0,87,4,6,3.6,82.7,82.3,1,no,0.0,mujer,A
STU-04895,Actuaria,7,8.4,5.4,82.4,151,2,4,2.6,83.3,87.2,1,si,0.0,hombre,C
STU-04896,Ciencia de Datos,3,7.7,2.8,83.3,112,0,4,2.1,82.3,66.9,0,no,0.0,mujer,A
STU-04897,Ciencia de Datos,9,6.4,7.8,75.7,50,1,8,2.8,73.6,63.0,0,si,17.6,mujer,E
STU-04898,Actuaria,9,7.1,10.3,97.7,42,1,7,1.7,74.2,88.8,1,si,0.0,prefiere_no_decir,A
STU-04899,Estadistica,7,7.5,10.5,82.1,62,3,6,3.1,91.9,95.3,1,si,0.0,mujer,E
STU-04900,Ciencia de Datos,8,7.1,8.1,75.5,104,1,6,0.8,94.9,83.3,1,no,24.0,hombre,F
STU-04901,Ciencia de Datos,4,9.8,2.0,64.0,132,0,3,1.8,73.8,56.5,0,no,0.0,hombre,E
STU-04902,Estadistica,2,6.2,7.2,69.1,17,1,5,3.2,80.2,62.7,0,no,21.4,hombre,B
STU-04903,Ciencia de Datos,9,6.5,8.4,72.9,71,3,8,1.2,86.7,67.8,0,no,25.5,hombre,C
STU-04904,Actuaria,3,6.1,2.4,72.1,69,2,5,4.9,76.5,63.3,0,no,15.5,hombre,A
STU-04905,Estadistica,7,6.7,3.5,90.4,125,2,5,2.2,74.8,72.1,1,no,0.0,mujer,E
STU-04906,Estadistica,8,8.2,11.8,100.0,145,0,6,4.5,92.5,100.0,1,no,0.0,prefiere_no_decir,C
STU-04907,Ciencia de Datos,6,6.5,11.7,87.5,65,1,5,1.9,99.3,96.3,1,si,7.7,hombre,F
STU-04908,Estadistica,5,5.5,5.7,69.4,60,2,8,1.3,77.5,51.1,0,no,35.2,hombre,D
STU-04909,Estadistica,6,7.2,8.1,95.9,101,0,6,1.7,86.7,78.9,1,no,16.9,hombre,D
STU-04910,Estadistica,9,7.3,9.2,82.2,27,1,3,3.0,86.1,91.4,1,si,0.0,prefiere_no_decir,D
STU-04911,Actuaria,9,7.1,8.7,84.9,58,1,7,1.4,55.4,69.2,0,no,12.6,mujer,E
STU-04912,Estadistica,1,6.5,4.9,80.3,49,0,3,1.3,85.1,78.6,1,si,0.0,mujer,B
STU-04913,Ciencia de Datos,3,7.3,1.7,70.8,24,3,7,7.2,86.8,72.2,1,no,0.0,mujer,E
STU-04914,Estadistica,8,8.0,7.3,100.0,134,1,5,1.4,84.1,86.1,1,no,26.4,hombre,C
STU-04915,Ciencia de Datos,7,6.6,8.6,86.4,53,1,5,1.3,79.5,80.7,1,si,26.1,prefiere_no_decir,E
STU-04916,Estadistica,6,7.6,11.2,95.9,46,4,5,1.3,100.0,100.0,1,si,0.0,prefiere_no_decir,D
STU-04917,Economia,6,7.3,4.7,63.2,42,0,6,3.5,71.4,68.5,0,si,15.7,hombre,C
STU-04918,Matematicas,2,6.7,3.9,88.1,116,3,7,2.3,72.3,65.3,0,si,17.4,hombre,D
STU-04919,Estadistica,9,7.6,8.7,91.4,32,0,7,3.9,97.7,96.3,1,no,0.0,mujer,C
STU-04920,Matematicas,2,8.1,6.9,65.0,55,0,4,1.4,73.2,56.7,0,no,0.0,hombre,A
STU-04921,Matematicas,9,6.5,12.2,100.0,193,1,5,1.3,93.0,93.6,1,no,0.0,mujer,E
STU-04922,Economia,2,6.8,0.6,50.2,28,2,7,2.4,77.0,48.4,0,si,17.7,mujer,F
STU-04923,Ciencia de Datos,7,7.8,7.9,80.1,99,2,6,4.5,91.1,77.1,1,si,0.0,mujer,C
STU-04924,Estadistica,5,7.4,3.2,56.6,8,1,8,3.8,100.0,56.4,0,no,23.8,mujer,A
STU-04925,Ciencia de Datos,9,8.3,8.6,91.8,58,0,7,2.3,99.6,85.4,1,no,0.0,mujer,A
STU-04926,Estadistica,3,7.7,2.6,61.7,0,1,8,4.4,73.6,54.3,0,no,19.4,mujer,E
STU-04927,Actuaria,4,7.9,5.5,85.8,71,2,8,2.4,74.5,49.9,0,no,17.7,hombre,F
STU-04928,Estadistica,1,6.9,3.5,63.1,13,7,7,1.0,87.3,68.4,0,no,25.5,hombre,A
STU-04929,Ciencia de Datos,7,5.8,8.4,73.2,42,1,8,2.7,90.8,74.6,1,si,9.0,mujer,F
STU-04930,Economia,4,7.7,7.1,100.0,135,1,5,3.9,81.5,74.5,1,no,0.0,hombre,B
STU-04931,Estadistica,4,6.0,8.8,81.5,5,3,8,1.6,88.3,75.5,1,no,10.0,hombre,B
STU-04932,Estadistica,9,6.7,9.9,96.5,75,1,7,2.5,91.2,94.1,1,no,0.0,mujer,A
STU-04933,Matematicas,5,7.0,7.0,97.7,134,0,4,1.0,80.6,82.3,1,si,0.0,hombre,B
STU-04934,Actuaria,2,6.0,2.4,69.5,43,2,6,1.4,83.1,50.7,0,si,29.7,hombre,B
STU-04935,Economia,2,7.1,10.7,86.7,43,1,6,0.6,84.2,87.5,1,no,0.0,hombre,F
STU-04936,Ciencia de Datos,4,6.3,2.7,59.1,109,2,6,1.7,87.3,62.6,0,si,10.4,hombre,C
STU-04937,Matematicas,9,7.4,6.2,75.7,22,2,9,0.2,80.9,56.3,0,no,0.0,mujer,D
STU-04938,Matematicas,8,5.0,7.3,90.2,51,2,6,4.1,71.5,66.5,0,no,0.0,mujer,C
STU-04939,Ciencia de Datos,5,7.5,11.6,75.1,69,1,7,0.9,66.8,64.8,0,no,0.0,mujer,D
STU-04940,Actuaria,3,6.9,3.7,100.0,61,0,4,0.5,85.0,66.1,0,si,0.0,mujer,A
STU-04941,Actuaria,1,6.0,4.6,57.9,25,0,6,1.6,96.2,64.7,0,no,16.1,hombre,A
STU-04942,Economia,6,6.9,6.7,74.2,111,4,6,1.5,84.1,70.3,1,no,16.8,hombre,B
STU-04943,Matematicas,3,8.3,8.6,76.6,21,2,6,1.3,82.7,76.2,1,si,15.3,mujer,C
STU-04944,Economia,7,7.3,3.1,58.3,17,1,7,2.0,82.0,57.5,0,no,31.5,mujer,E
STU-04945,Ciencia de Datos,8,8.2,5.2,84.1,129,1,3,0.6,80.3,75.0,1,si,0.0,hombre,D
STU-04946,Actuaria,9,6.7,5.6,79.9,44,1,9,5.8,91.5,73.5,1,no,13.1,hombre,C
STU-04947,Estadistica,8,7.0,7.8,87.3,89,2,6,3.1,99.6,90.5,1,no,0.0,mujer,E
STU-04948,Matematicas,4,8.0,6.0,91.0,53,1,6,3.1,79.6,75.9,1,no,18.6,hombre,E
STU-04949,Economia,5,6.7,4.0,75.0,133,3,5,5.2,77.1,65.4,0,no,23.9,prefiere_no_decir,A
STU-04950,Actuaria,4,8.3,7.1,80.7,6,0,4,4.2,100.0,83.9,1,no,0.0,mujer,E
STU-04951,Matematicas,1,8.5,5.0,79.9,124,0,4,0.4,59.6,65.6,0,no,0.0,hombre,E
STU-04952,Ciencia de Datos,2,5.4,3.4,70.7,63,1,5,1.3,78.3,61.1,0,si,0.0,hombre,A
STU-04953,Economia,4,8.1,3.5,89.8,110,1,8,2.2,86.2,67.0,0,si,20.2,mujer,C
STU-04954,Ciencia de Datos,2,7.4,4.7,79.9,5,5,8,2.5,79.8,57.2,0,si,31.7,hombre,F
STU-04955,Economia,1,6.6,4.5,82.8,92,1,5,3.6,85.8,70.6,1,si,0.0,mujer,F
STU-04956,Estadistica,5,7.2,9.1,90.9,58,1,5,1.7,100.0,85.0,1,no,0.0,hombre,B
STU-04957,Actuaria,8,5.7,6.1,83.6,95,2,7,3.4,97.6,74.8,1,no,15.1,mujer,A
STU-04958,Matematicas,5,6.2,8.6,76.4,39,1,6,4.0,88.0,74.7,1,no,0.0,mujer,C
STU-04959,Actuaria,7,7.5,11.7,89.1,57,1,7,1.7,95.7,100.0,1,no,0.0,mujer,B
STU-04960,Ciencia de Datos,5,8.3,8.1,75.0,54,0,6,1.3,93.1,94.1,1,no,0.0,mujer,C
STU-04961,Actuaria,3,9.0,4.6,72.9,41,2,7,4.5,72.4,60.8,0,si,17.7,mujer,C
STU-04962,Matematicas,8,7.0,8.2,68.3,31,1,7,0.6,85.0,77.0,1,no,20.9,mujer,B
STU-04963,Estadistica,3,8.4,7.9,87.4,57,1,4,1.6,74.9,79.4,1,si,0.0,no_binario,A
STU-04964,Estadistica,3,8.4,8.8,81.4,57,2,6,0.1,84.0,82.7,1,no,14.4,mujer,D
STU-04965,Actuaria,1,8.5,2.5,73.4,108,1,4,2.5,84.7,65.0,0,si,18.7,hombre,A
STU-04966,Estadistica,4,5.8,3.9,78.8,129,1,5,1.1,76.8,75.8,1,no,16.1,hombre,F
STU-04967,Actuaria,7,6.5,6.6,82.7,47,0,5,6.4,100.0,91.5,1,si,0.0,mujer,E
STU-04968,Economia,6,6.5,5.8,92.9,81,3,8,7.7,86.3,68.5,0,no,17.7,hombre,F
STU-04969,Estadistica,7,7.6,8.0,90.9,175,0,5,0.7,100.0,95.1,1,no,0.0,hombre,D
STU-04970,Ciencia de Datos,4,7.3,3.7,75.4,22,0,4,1.3,70.7,68.5,0,no,25.7,hombre,E
STU-04971,Estadistica,1,7.6,4.6,90.2,96,1,5,0.6,73.8,69.9,0,no,0.0,hombre,D
STU-04972,Estadistica,9,7.8,11.2,90.7,50,1,6,1.1,92.3,99.4,1,no,0.0,mujer,D
STU-04973,Actuaria,7,5.6,6.9,76.1,41,3,8,1.6,87.4,59.6,0,no,16.5,mujer,D
STU-04974,Actuaria,1,6.9,5.2,88.8,31,1,7,1.0,82.0,59.2,0,si,19.4,mujer,A
STU-04975,Actuaria,5,5.7,8.3,100.0,136,2,2,1.2,85.9,79.8,1,no,10.6,mujer,D
STU-04976,Matematicas,3,5.8,8.0,68.6,37,5,6,1.1,84.7,75.0,1,no,10.0,mujer,C
STU-04977,Actuaria,8,6.3,8.0,91.2,47,2,6,2.0,71.7,68.9,0,no,15.2,mujer,C
STU-04978,Ciencia de Datos,3,6.1,5.4,77.9,24,0,8,3.2,79.1,60.2,0,no,29.2,mujer,E
STU-04979,Estadistica,4,7.2,6.1,64.5,27,2,6,1.2,87.0,68.7,0,no,0.0,mujer,B
STU-04980,Actuaria,8,7.6,8.7,85.4,69,3,7,0.8,95.5,100.0,1,no,12.9,hombre,D
STU-04981,Economia,2,8.2,5.0,72.6,27,0,4,2.2,85.9,68.5,0,si,0.0,mujer,C
STU-04982,Estadistica,6,7.6,5.7,76.2,89,1,5,1.0,78.8,81.5,1,no,11.0,mujer,B
STU-04983,Actuaria,6,6.0,3.6,66.7,85,4,6,1.6,67.4,49.8,0,si,21.8,mujer,A
STU-04984,Estadistica,1,5.6,6.2,89.1,73,2,6,3.4,87.7,74.9,1,si,20.1,hombre,E
STU-04985,Ciencia de Datos,4,6.4,7.3,70.7,53,4,6,5.3,94.3,72.2,1,no,0.0,mujer,A
STU-04986,Estadistica,2,7.1,4.6,100.0,133,1,6,3.9,69.5,75.9,1,si,16.3,mujer,C
STU-04987,Matematicas,7,5.8,8.6,94.1,103,3,7,2.7,69.9,64.9,0,si,8.8,mujer,D
STU-04988,Matematicas,3,7.9,7.0,84.4,53,1,4,3.9,98.7,81.0,1,no,0.0,hombre,E
STU-04989,Actuaria,5,8.8,3.6,75.4,14,2,6,0.5,90.5,68.5,0,si,0.0,hombre,E
STU-04990,Ciencia de Datos,6,6.5,6.1,82.6,11,1,5,3.5,97.7,82.8,1,no,0.0,mujer,C
STU-04991,Matematicas,6,8.3,8.5,80.5,73,2,4,0.4,88.1,81.2,1,no,25.7,mujer,A
STU-04992,Actuaria,7,7.8,9.9,75.3,56,2,7,0.3,77.2,65.1,0,si,0.0,hombre,B
STU-04993,Actuaria,3,8.0,9.6,83.7,97,0,4,1.3,84.7,85.4,1,no,0.0,mujer,C
STU-04994,Economia,3,7.4,9.6,86.5,67,1,4,1.7,94.5,75.7,1,no,10.4,hombre,E
STU-04995,Actuaria,5,6.5,2.3,71.2,32,4,6,1.2,84.0,62.5,0,no,26.4,prefiere_no_decir,F
STU-04996,Estadistica,9,4.8,10.3,89.8,131,4,6,1.1,81.7,77.7,1,no,19.4,mujer,E
STU-04997,Estadistica,7,7.7,7.7,84.6,115,1,5,1.7,88.4,88.4,1,no,15.5,hombre,D
STU-04998,Matematicas,3,8.5,0.9,68.8,66,1,5,2.1,68.8,55.2,0,no,0.0,hombre,B
STU-04999,Economia,2,6.6,0.5,61.4,36,3,6,3.5,89.3,60.9,0,si,21.8,mujer,D
STU-05000,Economia,2,7.7,4.6,77.0,87,0,5,2.7,74.7,62.9,0,no,0.0,no_binario,A
